<article xmlns:xsi="http://www.w3.org/2001/XMLSchema-instance"
         xmlns:xlink="http://www.w3.org/1999/xlink"
         xmlns:mml="http://www.w3.org/1998/Math/MathML"
         dtd-version="1.0"
         article-type="research-article">
   <front>
      <journal-meta>
         <journal-id journal-id-type="jstor">clasquar</journal-id>
         <journal-id journal-id-type="jstor">j100124</journal-id>
         <journal-title-group>
            <journal-title>The Classical Quarterly</journal-title>
         </journal-title-group>
         <publisher>
            <publisher-name>Oxford University Press</publisher-name>
         </publisher>
         <issn pub-type="ppub">00098388</issn>
         <issn pub-type="epub">14716844</issn>
      </journal-meta>
      <article-meta>
         <article-id pub-id-type="jstor">1558963</article-id>
         <article-categories>
            <subj-group>
               <subject>Shorter Notes</subject>
            </subj-group>
         </article-categories>
         <title-group>
            <article-title>Two Notes on Ovid</article-title>
         </title-group>
         <contrib-group>
            <contrib contrib-type="author">
               <string-name>
                  <given-names>Matthew</given-names>
                  <surname>Leigh</surname>
               </string-name>
            </contrib>
         </contrib-group>
         <pub-date>
            <day>1</day>
            <month>1</month>
            <year>2000</year>
         </pub-date>
         <volume>50</volume>
         <issue>1</issue>
         <issue-id>i270092</issue-id>
         <fpage>311</fpage>
         <lpage>313</lpage>
         <page-range>311-313</page-range>
         <permissions>
            <copyright-statement>Copyright 2000 Oxford University Press</copyright-statement>
         </permissions>
         <self-uri xlink:href="http://www.jstor.org/stable/1558963"/>
         <custom-meta-group>
            <custom-meta>
               <meta-name>lang</meta-name>
               <meta-value>eng</meta-value>
            </custom-meta>
         </custom-meta-group>
      </article-meta>
   </front>
   <back>
      <fn-group>
         <title>[Footnotes]</title>
         <fn id="d1962e123a1310">
            <p>
               <mixed-citation id="d1962e127" publication-type="journal">
Ov. Her. 21.109-10.<person-group>
                     <string-name>
                        <surname>Ov.</surname>
                     </string-name>
                  </person-group>
                  <fpage>109</fpage>
                  <volume>21</volume>
                  <source>Her.</source>
               </mixed-citation>
            </p>
         </fn>
         <fn id="d1962e152a1310">
            <label>2</label>
            <p>
               <mixed-citation id="d1962e159" publication-type="journal">
Call. Aet. fr. 67.7<person-group>
                     <string-name>
                        <surname>Call.</surname>
                     </string-name>
                  </person-group>
                  <source>Aet.</source>
               </mixed-citation>
            </p>
         </fn>
         <fn id="d1962e178a1310">
            <p>
               <mixed-citation id="d1962e182" publication-type="other">
Paus. 7.3.3.</mixed-citation>
            </p>
         </fn>
         <fn id="d1962e189a1310">
            <label>4</label>
            <p>
               <mixed-citation id="d1962e196" publication-type="other">
Non. 60.15-22</mixed-citation>
            </p>
            <p>
               <mixed-citation id="d1962e202" publication-type="journal">
Cic. Hort. fr. 96<person-group>
                     <string-name>
                        <surname>Cic.</surname>
                     </string-name>
                  </person-group>
                  <source>Hort.</source>
               </mixed-citation>
            </p>
            <p>
               <mixed-citation id="d1962e220" publication-type="book">
Grilli, Cato Maior 78<person-group>
                     <string-name>
                        <surname>Grilli</surname>
                     </string-name>
                  </person-group>
                  <fpage>78</fpage>
                  <source>Cato Maior</source>
               </mixed-citation>
            </p>
            <p>
               <mixed-citation id="d1962e242" publication-type="journal">
Rep. 6. 1<issue>1</issue>
                  <volume>6</volume>
                  <source>Rep.</source>
               </mixed-citation>
            </p>
            <p>
               <mixed-citation id="d1962e257" publication-type="journal">
Cic. Leg. 1.60<person-group>
                     <string-name>
                        <surname>Cic.</surname>
                     </string-name>
                  </person-group>
                  <issue>60</issue>
                  <volume>1</volume>
                  <source>Leg.</source>
               </mixed-citation>
            </p>
            <p>
               <mixed-citation id="d1962e281" publication-type="journal">
Div. 1.111<issue>111</issue>
                  <volume>1</volume>
                  <source>Div.</source>
               </mixed-citation>
            </p>
         </fn>
         <fn id="d1962e298a1310">
            <label>5</label>
            <p>
               <mixed-citation id="d1962e305" publication-type="journal">
Aesch. P V 85-7<person-group>
                     <string-name>
                        <surname>Aesch.</surname>
                     </string-name>
                  </person-group>
                  <fpage>85</fpage>
                  <source>P V</source>
               </mixed-citation>
            </p>
            <p>
               <mixed-citation id="d1962e326" publication-type="journal">
Schol. Pind. 01.
7.44.<person-group>
                     <string-name>
                        <surname>Pind.</surname>
                     </string-name>
                  </person-group>
                  <issue>44</issue>
                  <volume>7</volume>
                  <source>01.</source>
               </mixed-citation>
            </p>
         </fn>
         <fn id="d1962e355a1310">
            <label>6</label>
            <p>
               <mixed-citation id="d1962e362" publication-type="journal">
Isid. Orig. 10.20<person-group>
                     <string-name>
                        <surname>Isid.</surname>
                     </string-name>
                  </person-group>
                  <issue>20</issue>
                  <volume>10</volume>
                  <source>Orig.</source>
               </mixed-citation>
            </p>
         </fn>
         <fn id="d1962e387a1310">
            <label>7</label>
            <p>
               <mixed-citation id="d1962e394" publication-type="book">
V Longo, Aretalogie nel mondo greco (Genova, 1969), 11<person-group>
                     <string-name>
                        <surname>Longo</surname>
                     </string-name>
                  </person-group>
                  <fpage>11</fpage>
                  <source>Aretalogie nel mondo greco</source>
                  <year>1969</year>
               </mixed-citation>
            </p>
         </fn>
         <fn id="d1962e419a1310">
            <label>8</label>
            <p>
               <mixed-citation id="d1962e426" publication-type="journal">
Juv. 15.16<issue>16</issue>
                  <volume>15</volume>
                  <source>Juv.</source>
               </mixed-citation>
            </p>
            <p>
               <mixed-citation id="d1962e441" publication-type="journal">
ad loc.  </mixed-citation>
            </p>
            <p>
               <mixed-citation id="d1962e449" publication-type="journal">
Suet. Aug. 74<person-group>
                     <string-name>
                        <surname>Suet.</surname>
                     </string-name>
                  </person-group>
                  <fpage>74</fpage>
                  <source>Aug.</source>
               </mixed-citation>
            </p>
         </fn>
         <fn id="d1962e471a1310">
            <label>9</label>
            <p>
               <mixed-citation id="d1962e478" publication-type="journal">
Call. Hym. 6<person-group>
                     <string-name>
                        <surname>Call.</surname>
                     </string-name>
                  </person-group>
                  <fpage>6</fpage>
                  <source>Hym.</source>
               </mixed-citation>
            </p>
            <p>
               <mixed-citation id="d1962e499" publication-type="journal">
A. Henrichs,
'Thou shalt not kill a tree: Greek, Manichean and Indian tales', BASP 16 (1979), 85-108, esp.
85-92<person-group>
                     <string-name>
                        <surname>Henrichs</surname>
                     </string-name>
                  </person-group>
                  <fpage>85</fpage>
                  <volume>16</volume>
                  <source>BASP</source>
                  <year>1979</year>
               </mixed-citation>
            </p>
         </fn>
         <fn id="d1962e534a1310">
            <label>10</label>
            <p>
               <mixed-citation id="d1962e541" publication-type="journal">
Ov. Met. 4.11<person-group>
                     <string-name>
                        <surname>Ov.</surname>
                     </string-name>
                  </person-group>
                  <issue>11</issue>
                  <volume>4</volume>
                  <source>Met.</source>
               </mixed-citation>
            </p>
         </fn>
         <fn id="d1962e567a1310">
            <label>11</label>
            <p>
               <mixed-citation id="d1962e574" publication-type="journal">
Ov. Met. 3.511-733<person-group>
                     <string-name>
                        <surname>Ov.</surname>
                     </string-name>
                  </person-group>
                  <fpage>511</fpage>
                  <volume>3</volume>
                  <source>Met.</source>
               </mixed-citation>
            </p>
         </fn>
         <fn id="d1962e599a1310">
            <label>12</label>
            <p>
               <mixed-citation id="d1962e606" publication-type="book">
R. Reitzenstein, Hellenistische WundererzÄhlungen (Leipzig, 1906), 151<person-group>
                     <string-name>
                        <surname>Reitzenstein</surname>
                     </string-name>
                  </person-group>
                  <fpage>151</fpage>
                  <source>Hellenistische WundererzÄhlungen</source>
                  <year>1906</year>
               </mixed-citation>
            </p>
            <p>
               <mixed-citation id="d1962e630" publication-type="other">
Prop. 3.17.20</mixed-citation>
            </p>
         </fn>
         <fn id="d1962e637a1310">
            <label>13</label>
            <p>
               <mixed-citation id="d1962e644" publication-type="book">
Reitzenstein, op. cit. 8-9  <fpage>8</fpage>
               </mixed-citation>
            </p>
         </fn>
         <fn id="d1962e656a1310">
            <label>14</label>
            <p>
               <mixed-citation id="d1962e663" publication-type="journal">
Isid. Orig. 11.2.17<person-group>
                     <string-name>
                        <surname>Isid.</surname>
                     </string-name>
                  </person-group>
                  <issue>2</issue>
                  <fpage>17</fpage>
                  <volume>11</volume>
                  <source>Orig.</source>
               </mixed-citation>
            </p>
            <p>
               <mixed-citation id="d1962e691" publication-type="journal">
Lactant.
Opif Dei 12<person-group>
                     <string-name>
                        <surname>Lactant.</surname>
                     </string-name>
                  </person-group>
                  <fpage>12</fpage>
                  <source>Opif Dei</source>
               </mixed-citation>
            </p>
         </fn>
         <fn id="d1962e716a1310">
            <label>15</label>
            <p>
               <mixed-citation id="d1962e723" publication-type="journal">
Ov. Met. 4.17<person-group>
                     <string-name>
                        <surname>Ov.</surname>
                     </string-name>
                  </person-group>
                  <issue>17</issue>
                  <volume>4</volume>
                  <source>Met.</source>
               </mixed-citation>
            </p>
            <p>
               <mixed-citation id="d1962e747" publication-type="journal">
Ov. Met. 4.17-30<person-group>
                     <string-name>
                        <surname>Ov.</surname>
                     </string-name>
                  </person-group>
                  <fpage>17</fpage>
                  <volume>4</volume>
                  <source>Met.</source>
               </mixed-citation>
            </p>
         </fn>
         <fn id="d1962e772a1310">
            <label>16</label>
            <p>
               <mixed-citation id="d1962e779" publication-type="journal">
Ov. Met. 4.32-5.<person-group>
                     <string-name>
                        <surname>Ov.</surname>
                     </string-name>
                  </person-group>
                  <fpage>32</fpage>
                  <volume>4</volume>
                  <source>Met.</source>
               </mixed-citation>
            </p>
         </fn>
         <fn id="d1962e805a1310">
            <label>17</label>
            <p>
               <mixed-citation id="d1962e812" publication-type="journal">
Ov. Met. 4.36-415<person-group>
                     <string-name>
                        <surname>Ov.</surname>
                     </string-name>
                  </person-group>
                  <fpage>36</fpage>
                  <volume>4</volume>
                  <source>Met.</source>
               </mixed-citation>
            </p>
         </fn>
         <fn id="d1962e837a1310">
            <label>18</label>
            <p>
               <mixed-citation id="d1962e844" publication-type="journal">
Ov. Met. 4.391-415.<person-group>
                     <string-name>
                        <surname>Ov.</surname>
                     </string-name>
                  </person-group>
                  <fpage>391</fpage>
                  <volume>4</volume>
                  <source>Met.</source>
               </mixed-citation>
            </p>
         </fn>
         <fn id="d1962e869a1310">
            <label>19</label>
            <p>
               <mixed-citation id="d1962e876" publication-type="journal">
Ov. Met. 4.419-31<person-group>
                     <string-name>
                        <surname>Ov.</surname>
                     </string-name>
                  </person-group>
                  <fpage>419</fpage>
                  <volume>4</volume>
                  <source>Met.</source>
               </mixed-citation>
            </p>
         </fn>
      </fn-group>
   </back>
</article>
