<article xmlns:xsi="http://www.w3.org/2001/XMLSchema-instance"
         xmlns:xlink="http://www.w3.org/1999/xlink"
         xmlns:mml="http://www.w3.org/1998/Math/MathML"
         dtd-version="1.0"
         article-type="research-article">
   <front>
      <journal-meta>
         <journal-id journal-id-type="jstor">clasquar</journal-id>
         <journal-id journal-id-type="jstor">j100124</journal-id>
         <journal-title-group>
            <journal-title>The Classical Quarterly</journal-title>
         </journal-title-group>
         <publisher>
            <publisher-name>Oxford University Press</publisher-name>
         </publisher>
         <issn pub-type="ppub">00098388</issn>
         <issn pub-type="epub">14716844</issn>
      </journal-meta>
      <article-meta>
         <article-id pub-id-type="jstor">1558914</article-id>
         <article-categories>
            <subj-group>
               <subject>Shorter Notes</subject>
            </subj-group>
         </article-categories>
         <title-group>
            <article-title>Two Textual Problems in Aristophanes</article-title>
         </title-group>
         <contrib-group>
            <contrib contrib-type="author">
               <string-name>
                  <given-names>N. G.</given-names>
                  <surname>Wilson</surname>
               </string-name>
            </contrib>
         </contrib-group>
         <pub-date>
            <day>1</day>
            <month>1</month>
            <year>2000</year>
         </pub-date>
         <volume>50</volume>
         <issue>2</issue>
         <issue-id>i270093</issue-id>
         <fpage>597</fpage>
         <lpage>597</lpage>
         <page-range>597</page-range>
         <permissions>
            <copyright-statement>Copyright 2000 Oxford University Press</copyright-statement>
         </permissions>
         <self-uri xlink:href="http://www.jstor.org/stable/1558914"/>
         <custom-meta-group>
            <custom-meta>
               <meta-name>lang</meta-name>
               <meta-value>eng</meta-value>
            </custom-meta>
         </custom-meta-group>
      </article-meta>
   </front>
   <back>
      <fn-group>
         <title>[Footnotes]</title>
         <fn id="d6899e123a1310">
            <label>1</label>
            <p>
               <mixed-citation id="d6899e130" publication-type="book">
R. Joly's Budé edn, Hippocrate XI (Paris, 1970), 161<person-group>
                     <string-name>
                        <surname>Joly</surname>
                     </string-name>
                  </person-group>
                  <fpage>161</fpage>
                  <volume>XI</volume>
                  <source>Hippocrate</source>
                  <year>1970</year>
               </mixed-citation>
            </p>
            <p>
               <mixed-citation id="d6899e158" publication-type="book">
H. Grensemann in the Abhand-
lungen of the Mainz Academy (1968), no. 2, 95<person-group>
                     <string-name>
                        <surname>Grensemann</surname>
                     </string-name>
                  </person-group>
                  <fpage>95</fpage>
                  <source>Abhandlungen</source>
                  <year>1968</year>
               </mixed-citation>
            </p>
         </fn>
      </fn-group>
   </back>
</article>
