<article xmlns:xsi="http://www.w3.org/2001/XMLSchema-instance"
         xmlns:xlink="http://www.w3.org/1999/xlink"
         xmlns:mml="http://www.w3.org/1998/Math/MathML"
         dtd-version="1.0"
         article-type="research-article">
   <front>
      <journal-meta>
         <journal-id journal-id-type="jstor">clasquar</journal-id>
         <journal-id journal-id-type="jstor">j100124</journal-id>
         <journal-title-group>
            <journal-title>The Classical Quarterly</journal-title>
         </journal-title-group>
         <publisher>
            <publisher-name>Oxford University Press</publisher-name>
         </publisher>
         <issn pub-type="ppub">00098388</issn>
         <issn pub-type="epub">14716844</issn>
      </journal-meta>
      <article-meta>
         <article-id pub-id-type="jstor">1558956</article-id>
         <article-categories>
            <subj-group>
               <subject>Shorter Notes</subject>
            </subj-group>
         </article-categories>
         <title-group>
            <article-title>Homeric Iphigeneia</article-title>
         </title-group>
         <contrib-group>
            <contrib contrib-type="author">
               <string-name>
                  <given-names>Howard</given-names>
                  <surname>Jacobson</surname>
               </string-name>
            </contrib>
         </contrib-group>
         <pub-date>
            <day>1</day>
            <month>1</month>
            <year>2000</year>
         </pub-date>
         <volume>50</volume>
         <issue>1</issue>
         <issue-id>i270092</issue-id>
         <fpage>296</fpage>
         <lpage>297</lpage>
         <page-range>296-297</page-range>
         <permissions>
            <copyright-statement>Copyright 2000 Oxford University Press</copyright-statement>
         </permissions>
         <self-uri xlink:href="http://www.jstor.org/stable/1558956"/>
         <custom-meta-group>
            <custom-meta>
               <meta-name>lang</meta-name>
               <meta-value>eng</meta-value>
            </custom-meta>
         </custom-meta-group>
      </article-meta>
   </front>
   <back>
      <fn-group>
         <title>[Footnotes]</title>
         <fn id="d2165e123a1310">
            <label>1</label>
            <p>
               <mixed-citation id="d2165e130" publication-type="other">
Iphigeneia recalls her evil father who brought her to her present
plight (360)</mixed-citation>
            </p>
            <p>
               <mixed-citation id="d2165e139" publication-type="other">
Achilles thinks of his noble father (109)</mixed-citation>
            </p>
            <p>
               <mixed-citation id="d2165e145" publication-type="other">
Iphigeneia contrasts her mother to her
father (365-8)</mixed-citation>
            </p>
            <p>
               <mixed-citation id="d2165e155" publication-type="other">
Achilles mentions his mother as an appropriate complement to his father (109)</mixed-citation>
            </p>
         </fn>
         <fn id="d2165e162a1310">
            <label>2</label>
            <p>
               <mixed-citation id="d2165e169" publication-type="journal">
Or. 1095-6<fpage>1095</fpage>
                  <source>Or.</source>
               </mixed-citation>
            </p>
         </fn>
      </fn-group>
   </back>
</article>
