<article xmlns:xsi="http://www.w3.org/2001/XMLSchema-instance"
         xmlns:xlink="http://www.w3.org/1999/xlink"
         xmlns:mml="http://www.w3.org/1998/Math/MathML"
         dtd-version="1.0"
         article-type="research-article">
   <front>
      <journal-meta>
         <journal-id journal-id-type="jstor">clasquar</journal-id>
         <journal-id journal-id-type="jstor">j100124</journal-id>
         <journal-title-group>
            <journal-title>The Classical Quarterly</journal-title>
         </journal-title-group>
         <publisher>
            <publisher-name>Oxford University Press</publisher-name>
         </publisher>
         <issn pub-type="ppub">00098388</issn>
         <issn pub-type="epub">14716844</issn>
      </journal-meta>
      <article-meta>
         <article-id pub-id-type="jstor">1558952</article-id>
         <article-categories>
            <subj-group>
               <subject>Shorter Notes</subject>
            </subj-group>
         </article-categories>
         <title-group>
            <article-title>Homer, Odyssey 1.132-3</article-title>
         </title-group>
         <contrib-group>
            <contrib contrib-type="author">
               <string-name>
                  <given-names>Howard</given-names>
                  <surname>Jacobson</surname>
               </string-name>
            </contrib>
         </contrib-group>
         <pub-date>
            <day>1</day>
            <month>1</month>
            <year>2000</year>
         </pub-date>
         <volume>50</volume>
         <issue>1</issue>
         <issue-id>i270092</issue-id>
         <fpage>290</fpage>
         <lpage>290</lpage>
         <page-range>290</page-range>
         <permissions>
            <copyright-statement>Copyright 2000 Oxford University Press</copyright-statement>
         </permissions>
         <self-uri xlink:href="http://www.jstor.org/stable/1558952"/>
         <custom-meta-group>
            <custom-meta>
               <meta-name>lang</meta-name>
               <meta-value>eng</meta-value>
            </custom-meta>
         </custom-meta-group>
      </article-meta>
   </front>
   <back>
      <fn-group>
         <title>[Footnotes]</title>
         <fn id="d2018e123a1310">
            <label>1</label>
            <p>
               <mixed-citation id="d2018e130" publication-type="book">
S. West (ed.), A Commentary on Homer's Odyssey 1 (Oxford, 11988), 93<person-group>
                     <string-name>
                        <surname>West</surname>
                     </string-name>
                  </person-group>
                  <fpage>93</fpage>
                  <volume>1</volume>
                  <source>A Commentary on Homer's Odyssey</source>
                  <year>1988</year>
               </mixed-citation>
            </p>
            <p>
               <mixed-citation id="d2018e158" publication-type="book">
ad 1.132-3<fpage>132</fpage>
                  <volume>1</volume>
                  <source>Ad</source>
               </mixed-citation>
            </p>
         </fn>
         <fn id="d2018e174a1310">
            <label>2</label>
            <p>
               <mixed-citation id="d2018e181" publication-type="journal">
Od. 1.128, 2.412, 9.367, 15.449<fpage>128</fpage>
                  <volume>1</volume>
                  <source>Od.</source>
               </mixed-citation>
            </p>
         </fn>
         <fn id="d2018e197a1310">
            <label>3</label>
            <p>
               <mixed-citation id="d2018e204" publication-type="journal">
Od. 1.60 and 312<fpage>60</fpage>
                  <volume>1</volume>
                  <source>Od.</source>
               </mixed-citation>
            </p>
         </fn>
         <fn id="d2018e220a1310">
            <label>4</label>
            <p>
               <mixed-citation id="d2018e227" publication-type="journal">
11. 5.24, 6.57, 9.522, 15.196<fpage>24</fpage>
                  <volume>5</volume>
                  <source>11.</source>
               </mixed-citation>
            </p>
            <p>
               <mixed-citation id="d2018e242" publication-type="journal">
Od. 16.133, 18.20, 62, 24.174<fpage>133</fpage>
                  <volume>16</volume>
                  <source>Od.</source>
               </mixed-citation>
            </p>
            <p>
               <mixed-citation id="d2018e257" publication-type="journal">
11. 11.242-3, 12.177-8, 23.339-40<fpage>242</fpage>
                  <volume>11</volume>
                  <source>11.</source>
               </mixed-citation>
            </p>
            <p>
               <mixed-citation id="d2018e273" publication-type="journal">
Od. 21.372-3<fpage>372</fpage>
                  <volume>21</volume>
                  <source>Od.</source>
               </mixed-citation>
            </p>
         </fn>
      </fn-group>
   </back>
</article>
