<article xmlns:xsi="http://www.w3.org/2001/XMLSchema-instance"
         xmlns:xlink="http://www.w3.org/1999/xlink"
         xmlns:mml="http://www.w3.org/1998/Math/MathML"
         dtd-version="1.0"
         article-type="research-article">
   <front>
      <journal-meta>
         <journal-id journal-id-type="jstor">clasquar</journal-id>
         <journal-id journal-id-type="jstor">j100124</journal-id>
         <journal-title-group>
            <journal-title>The Classical Quarterly</journal-title>
         </journal-title-group>
         <publisher>
            <publisher-name>Oxford University Press</publisher-name>
         </publisher>
         <issn pub-type="ppub">00098388</issn>
         <issn pub-type="epub">14716844</issn>
      </journal-meta>
      <article-meta>
         <article-id pub-id-type="jstor">1558945</article-id>
         <title-group>
            <article-title>The Publica Fames of A.D. 68 (Suetonius, Nero 45.1)</article-title>
         </title-group>
         <contrib-group>
            <contrib contrib-type="author">
               <string-name>
                  <given-names>Gwyn</given-names>
                  <surname>Morgan</surname>
               </string-name>
            </contrib>
         </contrib-group>
         <pub-date>
            <day>1</day>
            <month>1</month>
            <year>2000</year>
         </pub-date>
         <volume>50</volume>
         <issue>1</issue>
         <issue-id>i270092</issue-id>
         <fpage>210</fpage>
         <lpage>222</lpage>
         <page-range>210-222</page-range>
         <permissions>
            <copyright-statement>Copyright 2000 Oxford University Press</copyright-statement>
         </permissions>
         <self-uri xlink:href="http://www.jstor.org/stable/1558945"/>
         <custom-meta-group>
            <custom-meta>
               <meta-name>lang</meta-name>
               <meta-value>eng</meta-value>
            </custom-meta>
         </custom-meta-group>
      </article-meta>
   </front>
   <back>
      <fn-group>
         <title>[Footnotes]</title>
         <fn id="d2088e114a1310">
            <p>
               <mixed-citation id="d2088e118" publication-type="book">
Pliny, NH. 35.167-8<person-group>
                     <string-name>
                        <surname>Pliny</surname>
                     </string-name>
                  </person-group>
                  <fpage>167</fpage>
                  <volume>35</volume>
                  <source>NH</source>
               </mixed-citation>
            </p>
            <p>
               <mixed-citation id="d2088e142" publication-type="journal">
O. W Reinmuth, Phoenix 21 (1967),
191-5<object-id pub-id-type="doi">10.2307/1086744</object-id>
                  <fpage>191</fpage>
               </mixed-citation>
            </p>
         </fn>
         <fn id="d2088e158a1310">
            <label>2</label>
            <p>
               <mixed-citation id="d2088e165" publication-type="journal">
K. R. Bradley, 'A publica fames in A.D. 68', AJPh 93 (1972),
451-8<object-id pub-id-type="doi">10.2307/293560</object-id>
                  <fpage>451</fpage>
               </mixed-citation>
            </p>
            <p>
               <mixed-citation id="d2088e180" publication-type="book">
B. H. Warmington, Nero: Reality and Legend (New York, 1969), 57<person-group>
                     <string-name>
                        <surname>Warmington</surname>
                     </string-name>
                  </person-group>
                  <fpage>57</fpage>
                  <source>Nero: Reality and Legend</source>
                  <year>1969</year>
               </mixed-citation>
            </p>
            <p>
               <mixed-citation id="d2088e204" publication-type="book">
B. Gallotta,
RIL 109 (1975), 28ff., esp. 38<person-group>
                     <string-name>
                        <surname>Gallotta</surname>
                     </string-name>
                  </person-group>
                  <fpage>28</fpage>
                  <volume>109</volume>
                  <source>RIL</source>
                  <year>1975</year>
               </mixed-citation>
            </p>
            <p>
               <mixed-citation id="d2088e236" publication-type="book">
K. Wellesley, The Long Year A.o. 69 (London, 1975), 6<person-group>
                     <string-name>
                        <surname>Wellesley</surname>
                     </string-name>
                  </person-group>
                  <fpage>6</fpage>
                  <volume>69</volume>
                  <source>The Long Year A.o.</source>
                  <year>1975</year>
               </mixed-citation>
            </p>
            <p>
               <mixed-citation id="d2088e264" publication-type="other">
219,
n. 5</mixed-citation>
            </p>
            <p>
               <mixed-citation id="d2088e273" publication-type="book">
L. Bessone, RSA 9 (1979), 45ff.<person-group>
                     <string-name>
                        <surname>Bessone</surname>
                     </string-name>
                  </person-group>
                  <fpage>45</fpage>
                  <volume>9</volume>
                  <source>RSA</source>
                  <year>1979</year>
               </mixed-citation>
            </p>
            <p>
               <mixed-citation id="d2088e301" publication-type="book">
M. T. Griffin, Nero: the End of a Dynasty (New Haven, CT
and London, 1985), 109, 181<person-group>
                     <string-name>
                        <surname>Griffin</surname>
                     </string-name>
                  </person-group>
                  <fpage>109</fpage>
                  <source>Nero: the End of a Dynasty</source>
                  <year>1985</year>
               </mixed-citation>
            </p>
         </fn>
         <fn id="d2088e330a1310">
            <p>
               <mixed-citation id="d2088e334" publication-type="book">
Jul. 33<fpage>33</fpage>
                  <source>Jul.</source>
               </mixed-citation>
            </p>
         </fn>
         <fn id="d2088e347a1310">
            <label>4</label>
            <p>
               <mixed-citation id="d2088e354" publication-type="book">
R. Meiggs, Roman Ostia2 (Oxford, 1973), 50, 56-7.<person-group>
                     <string-name>
                        <surname>Meiggs</surname>
                     </string-name>
                  </person-group>
                  <fpage>50</fpage>
                  <source>Roman Ostia2</source>
                  <year>1973</year>
               </mixed-citation>
            </p>
         </fn>
         <fn id="d2088e380a1310">
            <label>5</label>
            <p>
               <mixed-citation id="d2088e389" publication-type="other">
Bradley (n. 2), 452</mixed-citation>
            </p>
            <p>
               <mixed-citation id="d2088e395" publication-type="book">
L. Casson,
Ships and Seamanship in the Ancient World (Princeton, 1971), 297-8<person-group>
                     <string-name>
                        <surname>Casson</surname>
                     </string-name>
                  </person-group>
                  <fpage>297</fpage>
                  <source>Ships and Seamanship in the Ancient World</source>
                  <year>1971</year>
               </mixed-citation>
            </p>
            <p>
               <mixed-citation id="d2088e424" publication-type="book">
G. Rickman, The Corn
Supply of Ancient Rome (Oxford, 1980), 130<person-group>
                     <string-name>
                        <surname>Rickman</surname>
                     </string-name>
                  </person-group>
                  <fpage>130</fpage>
                  <source>The Corn Supply of Ancient Rome</source>
                  <year>1980</year>
               </mixed-citation>
            </p>
         </fn>
         <fn id="d2088e453a1310">
            <label>6</label>
            <p>
               <mixed-citation id="d2088e460" publication-type="book">
Seneca, E. M. 77.1-2<person-group>
                     <string-name>
                        <surname>Seneca</surname>
                     </string-name>
                  </person-group>
                  <fpage>1</fpage>
                  <volume>77</volume>
                  <source>E. M.</source>
               </mixed-citation>
            </p>
            <p>
               <mixed-citation id="d2088e484" publication-type="book">
Casson (n. 5), 297, n. 2  <fpage>297</fpage>
               </mixed-citation>
            </p>
            <p>
               <mixed-citation id="d2088e495" publication-type="book">
Rickman (n. 5), 70-1, 130  <fpage>70</fpage>
               </mixed-citation>
            </p>
         </fn>
         <fn id="d2088e507a1310">
            <label>7</label>
            <p>
               <mixed-citation id="d2088e514" publication-type="book">
Rickman [n. 5], 87ff.  <fpage>87</fpage>
               </mixed-citation>
            </p>
            <p>
               <mixed-citation id="d2088e525" publication-type="book">
Suet. Cal. 26.5<person-group>
                     <string-name>
                        <surname>Suet</surname>
                     </string-name>
                  </person-group>
                  <fpage>5</fpage>
                  <volume>26</volume>
                  <source>Cal.</source>
               </mixed-citation>
            </p>
         </fn>
         <fn id="d2088e550a1310">
            <label>8</label>
            <p>
               <mixed-citation id="d2088e557" publication-type="book">
B. W Henderson, The Life and Principate of the Emperor Nero (London, 1903), 409<person-group>
                     <string-name>
                        <surname>Henderson</surname>
                     </string-name>
                  </person-group>
                  <fpage>409</fpage>
                  <source>The Life and Principate of the Emperor Nero</source>
                  <year>1903</year>
               </mixed-citation>
            </p>
         </fn>
         <fn id="d2088e582a1310">
            <label>9</label>
            <p>
               <mixed-citation id="d2088e589" publication-type="book">
De rhet. 6.2<fpage>2</fpage>
                  <volume>6</volume>
                  <source>De rhet.</source>
               </mixed-citation>
            </p>
            <p>
               <mixed-citation id="d2088e604" publication-type="book">
Aug. 27.3<fpage>3</fpage>
                  <volume>27</volume>
                  <source>Aug.</source>
               </mixed-citation>
            </p>
            <p>
               <mixed-citation id="d2088e619" publication-type="book">
Cal. 56.1<fpage>1</fpage>
                  <volume>56</volume>
                  <source>Cal.</source>
               </mixed-citation>
            </p>
            <p>
               <mixed-citation id="d2088e635" publication-type="book">
Galb. 16.1<fpage>1</fpage>
                  <volume>16</volume>
                  <source>Galb</source>
               </mixed-citation>
            </p>
            <p>
               <mixed-citation id="d2088e650" publication-type="book">
De rhet. 6.2<fpage>2</fpage>
                  <volume>6</volume>
                  <source>De rhet.</source>
               </mixed-citation>
            </p>
            <p>
               <mixed-citation id="d2088e665" publication-type="book">
Claud. 38.1<fpage>1</fpage>
                  <volume>38</volume>
                  <source>Claud.</source>
               </mixed-citation>
            </p>
            <p>
               <mixed-citation id="d2088e680" publication-type="book">
Titus 6.2<fpage>2</fpage>
                  <volume>6</volume>
                  <source>Titus</source>
               </mixed-citation>
            </p>
            <p>
               <mixed-citation id="d2088e695" publication-type="book">
Jul. 14.1<fpage>1</fpage>
                  <volume>14</volume>
                  <source>Jul</source>
               </mixed-citation>
            </p>
            <p>
               <mixed-citation id="d2088e710" publication-type="partial">
84.2</mixed-citation>
            </p>
            <p>
               <mixed-citation id="d2088e717" publication-type="book">
Aug. 71.1<fpage>1</fpage>
                  <volume>71</volume>
                  <source>Aug.</source>
               </mixed-citation>
            </p>
            <p>
               <mixed-citation id="d2088e732" publication-type="book">
Tib. 8 and 22<fpage>8</fpage>
                  <source>Tib.</source>
               </mixed-citation>
            </p>
            <p>
               <mixed-citation id="d2088e744" publication-type="book">
Cal. 9<fpage>9</fpage>
                  <source>Cal.</source>
               </mixed-citation>
            </p>
            <p>
               <mixed-citation id="d2088e756" publication-type="book">
Nero 34.1<fpage>1</fpage>
                  <volume>34</volume>
                  <source>Nero</source>
               </mixed-citation>
            </p>
            <p>
               <mixed-citation id="d2088e771" publication-type="book">
Otho 6.1<fpage>1</fpage>
                  <volume>6</volume>
                  <source>Otho</source>
               </mixed-citation>
            </p>
            <p>
               <mixed-citation id="d2088e786" publication-type="book">
Jul. 4.1<fpage>1</fpage>
                  <volume>4</volume>
                  <source>Jul.</source>
               </mixed-citation>
            </p>
            <p>
               <mixed-citation id="d2088e802" publication-type="book">
Nero 33.2<fpage>2</fpage>
                  <volume>33</volume>
                  <source>Nero</source>
               </mixed-citation>
            </p>
            <p>
               <mixed-citation id="d2088e817" publication-type="book">
Vesp. 23.1<fpage>1</fpage>
                  <volume>23</volume>
                  <source>Vesp.</source>
               </mixed-citation>
            </p>
            <p>
               <mixed-citation id="d2088e832" publication-type="book">
Dom. 11.3<fpage>3</fpage>
                  <volume>11</volume>
                  <source>Dom.</source>
               </mixed-citation>
            </p>
            <p>
               <mixed-citation id="d2088e847" publication-type="book">
Tib. 75.3<fpage>3</fpage>
                  <volume>75</volume>
                  <source>Tib.</source>
               </mixed-citation>
            </p>
         </fn>
         <fn id="d2088e863a1310">
            <label>'0</label>
            <p>
               <mixed-citation id="d2088e870" publication-type="book">
Casson (n. 5), 98, n. 6  <fpage>98</fpage>
               </mixed-citation>
            </p>
            <p>
               <mixed-citation id="d2088e881" publication-type="book">
Rickman (n. 5), 131-2  <fpage>131</fpage>
               </mixed-citation>
            </p>
         </fn>
         <fn id="d2088e894a1310">
            <label>"</label>
            <p>
               <mixed-citation id="d2088e903" publication-type="book">
B. Mouchová, Studie zu Kaiserbiographien Suetons (Prague, 1968), 55-6, 96<person-group>
                     <string-name>
                        <surname>Mouchová</surname>
                     </string-name>
                  </person-group>
                  <fpage>55</fpage>
                  <source>Studie zu Kaiserbiographien Suetons</source>
                  <year>1968</year>
               </mixed-citation>
            </p>
            <p>
               <mixed-citation id="d2088e927" publication-type="book">
E. Cizek,
Structures et ideologie dans 'Les Vies des Douze Césars' de Suétone (Bucharest and Paris, 1977),
56ff. (esp. 60) and 223<person-group>
                     <string-name>
                        <surname>Cizek</surname>
                     </string-name>
                  </person-group>
                  <fpage>56</fpage>
                  <source>Structures et ideologie dans 'Les Vies des Douze Césars' de Suétone</source>
                  <year>1977</year>
               </mixed-citation>
            </p>
            <p>
               <mixed-citation id="d2088e959" publication-type="book">
H. Gugel, Studien
zur biographischen Technik Suetons (Vienna, Köln, and Graz, 1977), 57ff.<person-group>
                     <string-name>
                        <surname>Gugel</surname>
                     </string-name>
                  </person-group>
                  <fpage>57</fpage>
                  <source>Studien zur biographischen Technik Suetons</source>
                  <year>1977</year>
               </mixed-citation>
            </p>
            <p>
               <mixed-citation id="d2088e987" publication-type="book">
J. Gascou, Sutton
historien (Paris and Rome, 1984), 789-90<person-group>
                     <string-name>
                        <surname>Gascou</surname>
                     </string-name>
                  </person-group>
                  <fpage>789</fpage>
                  <source>Sutton historien</source>
                  <year>1984</year>
               </mixed-citation>
            </p>
         </fn>
         <fn id="d2088e1016a1310">
            <label>12</label>
            <p>
               <mixed-citation id="d2088e1023" publication-type="book">
K. R. Bradley, Suetonius' Life of Nero. An Historical Commentary (Brussels,
1978), 240-1<person-group>
                     <string-name>
                        <surname>Bradley</surname>
                     </string-name>
                  </person-group>
                  <fpage>240</fpage>
                  <source>Suetonius' Life of Nero. An Historical Commentary</source>
                  <year>1978</year>
               </mixed-citation>
            </p>
            <p>
               <mixed-citation id="d2088e1051" publication-type="other">
Bradley (n. 2), 451ff.</mixed-citation>
            </p>
         </fn>
         <fn id="d2088e1058a1310">
            <label>13</label>
            <p>
               <mixed-citation id="d2088e1065" publication-type="other">
Bradley (n. 2), 452</mixed-citation>
            </p>
            <p>
               <mixed-citation id="d2088e1071" publication-type="partial">
note 19</mixed-citation>
            </p>
         </fn>
         <fn id="d2088e1078a1310">
            <label>14</label>
            <p>
               <mixed-citation id="d2088e1085" publication-type="book">
Bradley (n. 12), 263  <fpage>263</fpage>
               </mixed-citation>
            </p>
         </fn>
         <fn id="d2088e1097a1310">
            <label>15</label>
            <p>
               <mixed-citation id="d2088e1104" publication-type="book">
Bradley (n. 12), 258-9  <fpage>258</fpage>
               </mixed-citation>
            </p>
            <p>
               <mixed-citation id="d2088e1115" publication-type="book">
B. H. Warmington, Suetonius: Nero (Bristol, 1977), 110<person-group>
                     <string-name>
                        <surname>Warmington</surname>
                     </string-name>
                  </person-group>
                  <fpage>110</fpage>
                  <source>Suetonius: Nero</source>
                  <year>1977</year>
               </mixed-citation>
            </p>
            <p>
               <mixed-citation id="d2088e1139" publication-type="book">
P. A.
Gallivan, Historia 23 (1974), 315-16<person-group>
                     <string-name>
                        <surname>Gallivan</surname>
                     </string-name>
                  </person-group>
                  <fpage>315</fpage>
                  <volume>23</volume>
                  <source>Historia</source>
                  <year>1974</year>
               </mixed-citation>
            </p>
         </fn>
         <fn id="d2088e1171a1310">
            <label>16</label>
            <p>
               <mixed-citation id="d2088e1178" publication-type="book">
Suetonius, Nero 42.1<person-group>
                     <string-name>
                        <surname>Suetonius</surname>
                     </string-name>
                  </person-group>
                  <fpage>1</fpage>
                  <volume>42</volume>
                  <source>Nero</source>
               </mixed-citation>
            </p>
            <p>
               <mixed-citation id="d2088e1202" publication-type="book">
Plutarch, Galb. 5.3<person-group>
                     <string-name>
                        <surname>Plutarch</surname>
                     </string-name>
                  </person-group>
                  <fpage>3</fpage>
                  <volume>5</volume>
                  <source>Galb</source>
               </mixed-citation>
            </p>
            <p>
               <mixed-citation id="d2088e1226" publication-type="book">
Orosius 7.7.13<fpage>7</fpage>
                  <volume>7</volume>
                  <source>Orosius</source>
               </mixed-citation>
            </p>
            <p>
               <mixed-citation id="d2088e1242" publication-type="book">
Fluss, RE 4A (1932), 778<person-group>
                     <string-name>
                        <surname>Fluss</surname>
                     </string-name>
                  </person-group>
                  <fpage>778</fpage>
                  <volume>4A</volume>
                  <source>RE</source>
                  <year>1932</year>
               </mixed-citation>
            </p>
            <p>
               <mixed-citation id="d2088e1270" publication-type="book">
M. Raoss, Epigraphica 22
(1960), 53, n. 3<person-group>
                     <string-name>
                        <surname>Raoss</surname>
                     </string-name>
                  </person-group>
                  <fpage>53</fpage>
                  <volume>22</volume>
                  <source>Epigraphica</source>
                  <year>1960</year>
               </mixed-citation>
            </p>
         </fn>
         <fn id="d2088e1303a1310">
            <label>17</label>
            <p>
               <mixed-citation id="d2088e1310" publication-type="book">
Stein, RE 9 (1916), 820.<person-group>
                     <string-name>
                        <surname>Stein</surname>
                     </string-name>
                  </person-group>
                  <fpage>820</fpage>
                  <volume>9</volume>
                  <source>RE</source>
                  <year>1916</year>
               </mixed-citation>
            </p>
            <p>
               <mixed-citation id="d2088e1338" publication-type="book">
Nero, like &lt;latex&gt;$PIR^2$&lt;/latex&gt; 1.16<comment content-type="section">&lt;latex&gt;$PIR^2$&lt;/latex&gt;</comment>
                  <fpage>16</fpage>
                  <volume>1</volume>
                  <source>Nero</source>
               </mixed-citation>
            </p>
         </fn>
         <fn id="d2088e1357a1310">
            <label>"8</label>
            <p>
               <mixed-citation id="d2088e1364" publication-type="book">
D. C. A. Shotter, Historia 24 (1975), 66-7<person-group>
                     <string-name>
                        <surname>Shotter</surname>
                     </string-name>
                  </person-group>
                  <fpage>66</fpage>
                  <volume>24</volume>
                  <source>Historia</source>
                  <year>1975</year>
               </mixed-citation>
            </p>
         </fn>
         <fn id="d2088e1393a1310">
            <label>'9</label>
            <p>
               <mixed-citation id="d2088e1400" publication-type="other">
Bradley (n. 2), 451</mixed-citation>
            </p>
            <p>
               <mixed-citation id="d2088e1406" publication-type="other">
Warmington (n. 15), 111</mixed-citation>
            </p>
            <p>
               <mixed-citation id="d2088e1412" publication-type="book">
Gallivan (n. 15), 316  <fpage>316</fpage>
               </mixed-citation>
            </p>
         </fn>
         <fn id="d2088e1424a1310">
            <label>20</label>
            <p>
               <mixed-citation id="d2088e1431" publication-type="book">
Casson (n. 5), 298, n. 5  <fpage>298</fpage>
               </mixed-citation>
            </p>
         </fn>
         <fn id="d2088e1443a1310">
            <label>21</label>
            <p>
               <mixed-citation id="d2088e1450" publication-type="other">
Dio 60.24.5</mixed-citation>
            </p>
            <p>
               <mixed-citation id="d2088e1456" publication-type="book">
J. J.
Van Nostrand, An Economic Survey of Ancient Rome 3 [Baltimore, 1937], 175-6<person-group>
                     <string-name>
                        <surname>Nostrand</surname>
                     </string-name>
                  </person-group>
                  <fpage>175</fpage>
                  <volume>3</volume>
                  <source>An Economic Survey of Ancient Rome</source>
                  <year>1937</year>
               </mixed-citation>
            </p>
            <p>
               <mixed-citation id="d2088e1487" publication-type="book">
Rickman (n. 5), 83, 104ff  <fpage>83</fpage>
               </mixed-citation>
            </p>
            <p>
               <mixed-citation id="d2088e1499" publication-type="book">
Raoss [n. 16],
72  <fpage>72</fpage>
               </mixed-citation>
            </p>
            <p>
               <mixed-citation id="d2088e1513" publication-type="book">
N. Morley, Metropolis and Hinterland (Cambridge,
1996), 147-8<person-group>
                     <string-name>
                        <surname>Morley</surname>
                     </string-name>
                  </person-group>
                  <fpage>147</fpage>
                  <source>Metropolis and Hinterland</source>
                  <year>1996</year>
               </mixed-citation>
            </p>
         </fn>
         <fn id="d2088e1542a1310">
            <label>22</label>
            <p>
               <mixed-citation id="d2088e1549" publication-type="book">
Epit. de Caes. 1.6<fpage>6</fpage>
                  <volume>1</volume>
                  <source>Epit. de Caes.</source>
               </mixed-citation>
            </p>
            <p>
               <mixed-citation id="d2088e1564" publication-type="book">
Josephus, BJ 2.383<person-group>
                     <string-name>
                        <surname>Josephus</surname>
                     </string-name>
                  </person-group>
                  <fpage>383</fpage>
                  <volume>2</volume>
                  <source>BJ</source>
               </mixed-citation>
            </p>
            <p>
               <mixed-citation id="d2088e1588" publication-type="book">
Rickman (n. 5), 231-5  <fpage>231</fpage>
               </mixed-citation>
            </p>
         </fn>
         <fn id="d2088e1601a1310">
            <label>23</label>
            <p>
               <mixed-citation id="d2088e1608" publication-type="book">
J. Rougé, Recherches sur l'organisation du commerce maritime en Méditerranée
sous I'empire romain (Paris, 1966), 66-73<person-group>
                     <string-name>
                        <surname>Rougé</surname>
                     </string-name>
                  </person-group>
                  <fpage>66</fpage>
                  <source>Recherches sur l'organisation du commerce maritime en Méditerranée sous I'empire romain</source>
                  <year>1966</year>
               </mixed-citation>
            </p>
            <p>
               <mixed-citation id="d2088e1636" publication-type="book">
Rougé (ibid.), 72  <fpage>72</fpage>
               </mixed-citation>
            </p>
            <p>
               <mixed-citation id="d2088e1647" publication-type="book">
Rickman (n. 5), 17  <fpage>17</fpage>
               </mixed-citation>
            </p>
         </fn>
         <fn id="d2088e1659a1310">
            <label>24</label>
            <p>
               <mixed-citation id="d2088e1666" publication-type="book">
E J. Meijer, Mnemosyne 37 (1984), 117-24<person-group>
                     <string-name>
                        <surname>Meijer</surname>
                     </string-name>
                  </person-group>
                  <fpage>117</fpage>
                  <volume>37</volume>
                  <source>Mnemosyne</source>
                  <year>1984</year>
               </mixed-citation>
            </p>
         </fn>
         <fn id="d2088e1695a1310">
            <label>25</label>
            <p>
               <mixed-citation id="d2088e1702" publication-type="book">
SHA, Comm. 17.7<person-group>
                     <string-name>
                        <surname>SHA</surname>
                     </string-name>
                  </person-group>
                  <fpage>7</fpage>
                  <volume>17</volume>
                  <source>Comm.</source>
               </mixed-citation>
            </p>
            <p>
               <mixed-citation id="d2088e1726" publication-type="book">
Meiggs (n. 4), 79  <fpage>79</fpage>
               </mixed-citation>
            </p>
            <p>
               <mixed-citation id="d2088e1737" publication-type="book">
E. Tengström, Bread for the
People (Stockholm, 1974), 39ff.<person-group>
                     <string-name>
                        <surname>Tengström</surname>
                     </string-name>
                  </person-group>
                  <fpage>39</fpage>
                  <source>Bread for the People</source>
                  <year>1974</year>
               </mixed-citation>
            </p>
            <p>
               <mixed-citation id="d2088e1766" publication-type="book">
B. Sirks, Food for Rome (Amsterdam, 1991), 42-3<person-group>
                     <string-name>
                        <surname>Sirks</surname>
                     </string-name>
                  </person-group>
                  <fpage>42</fpage>
                  <source>Food for Rome</source>
                  <year>1991</year>
               </mixed-citation>
            </p>
         </fn>
         <fn id="d2088e1791a1310">
            <label>27</label>
            <p>
               <mixed-citation id="d2088e1798" publication-type="other">
Bessone (n. 2), 43-4</mixed-citation>
            </p>
         </fn>
         <fn id="d2088e1805a1310">
            <label>29</label>
            <p>
               <mixed-citation id="d2088e1812" publication-type="book">
V. A. Sirago, Vichiana 7 (1978), 304<person-group>
                     <string-name>
                        <surname>Sirago</surname>
                     </string-name>
                  </person-group>
                  <fpage>304</fpage>
                  <volume>7</volume>
                  <source>Vichiana</source>
                  <year>1978</year>
               </mixed-citation>
            </p>
            <p>
               <mixed-citation id="d2088e1840" publication-type="other">
Sirago 296-7</mixed-citation>
            </p>
            <p>
               <mixed-citation id="d2088e1846" publication-type="other">
Dio-Xiphilinus 63.12.3-4</mixed-citation>
            </p>
         </fn>
         <fn id="d2088e1853a1310">
            <label>30</label>
            <p>
               <mixed-citation id="d2088e1860" publication-type="other">
Bradley (n. 2), 455</mixed-citation>
            </p>
            <p>
               <mixed-citation id="d2088e1866" publication-type="other">
ibid., 456-7</mixed-citation>
            </p>
         </fn>
         <fn id="d2088e1874a1310">
            <label>3'</label>
            <p>
               <mixed-citation id="d2088e1881" publication-type="book">
Shotter (n. 18), 70  <fpage>70</fpage>
               </mixed-citation>
            </p>
         </fn>
         <fn id="d2088e1893a1310">
            <label>32</label>
            <p>
               <mixed-citation id="d2088e1900" publication-type="other">
Theveste in 76</mixed-citation>
            </p>
            <p>
               <mixed-citation id="d2088e1906" publication-type="book">
CIL 11.10119<fpage>10119</fpage>
                  <volume>11</volume>
                  <source>CIL</source>
               </mixed-citation>
            </p>
            <p>
               <mixed-citation id="d2088e1921" publication-type="book">
P. Romanelli, Storia delle province Romane dell'Africa (Rome, 1959), 186, 293<person-group>
                     <string-name>
                        <surname>Romanelli</surname>
                     </string-name>
                  </person-group>
                  <fpage>186</fpage>
                  <source>Storia delle province Romane dell'Africa</source>
                  <year>1959</year>
               </mixed-citation>
            </p>
            <p>
               <mixed-citation id="d2088e1946" publication-type="book">
M. Rachet, Rome
et les Berbères (Brussels, 1970), 152, n. 2<person-group>
                     <string-name>
                        <surname>Rachet</surname>
                     </string-name>
                  </person-group>
                  <fpage>152</fpage>
                  <source>Rome et les Berbères</source>
                  <year>1970</year>
               </mixed-citation>
            </p>
            <p>
               <mixed-citation id="d2088e1974" publication-type="book">
N. Duval, ANRW 2.10.2 (1982), 638-9<person-group>
                     <string-name>
                        <surname>Duval</surname>
                     </string-name>
                  </person-group>
                  <fpage>638</fpage>
                  <volume>2</volume>
                  <source>ANRW</source>
                  <year>1982</year>
               </mixed-citation>
            </p>
            <p>
               <mixed-citation id="d2088e2002" publication-type="book">
Suet. Claud.25.2<fpage>2</fpage>
                  <volume>25</volume>
                  <source>Suet. Claud.</source>
               </mixed-citation>
            </p>
            <p>
               <mixed-citation id="d2088e2017" publication-type="book">
H. Freis, Die Cohortes Urbanae (Köln and Graz, 1967), 31ff.<person-group>
                     <string-name>
                        <surname>Freis</surname>
                     </string-name>
                  </person-group>
                  <fpage>31</fpage>
                  <source>Die Cohortes Urbanae</source>
                  <year>1967</year>
               </mixed-citation>
            </p>
         </fn>
         <fn id="d2088e2042a1310">
            <label>33</label>
            <p>
               <mixed-citation id="d2088e2049" publication-type="book">
R. M. Haywood, An Economic Survey of
Ancient Rome 4 [Baltimore, 1938], 69-70<person-group>
                     <string-name>
                        <surname>Haywood</surname>
                     </string-name>
                  </person-group>
                  <fpage>69</fpage>
                  <volume>4</volume>
                  <source>An Economic Survey of Ancient Rome</source>
                  <year>1938</year>
               </mixed-citation>
            </p>
            <p>
               <mixed-citation id="d2088e2080" publication-type="journal">
Tacitus, Hist. 4.38<person-group>
                     <string-name>
                        <surname>Tacitus</surname>
                     </string-name>
                  </person-group>
                  <fpage>38</fpage>
                  <volume>4</volume>
                  <source>Hist.</source>
               </mixed-citation>
            </p>
         </fn>
         <fn id="d2088e2105a1310">
            <label>3</label>
            <p>
               <mixed-citation id="d2088e2112" publication-type="book">
Jul. 68.2<fpage>2</fpage>
                  <volume>68</volume>
                  <source>Jul.</source>
               </mixed-citation>
            </p>
            <p>
               <mixed-citation id="d2088e2127" publication-type="book">
Aug. 14, 16.1<fpage>16</fpage>
                  <volume>14</volume>
                  <source>Aug.</source>
               </mixed-citation>
            </p>
            <p>
               <mixed-citation id="d2088e2142" publication-type="partial">
70.2</mixed-citation>
            </p>
            <p>
               <mixed-citation id="d2088e2149" publication-type="book">
Tib. 52.2 and 54.2<fpage>2</fpage>
                  <volume>52</volume>
                  <source>Tib.</source>
               </mixed-citation>
            </p>
            <p>
               <mixed-citation id="d2088e2164" publication-type="book">
Cal. 26.5 and
31<fpage>5</fpage>
                  <volume>26</volume>
                  <source>Cal.</source>
               </mixed-citation>
            </p>
            <p>
               <mixed-citation id="d2088e2182" publication-type="book">
Nero 36.2<fpage>2</fpage>
                  <volume>36</volume>
                  <source>Nero</source>
               </mixed-citation>
            </p>
            <p>
               <mixed-citation id="d2088e2197" publication-type="partial">
48.4</mixed-citation>
            </p>
            <p>
               <mixed-citation id="d2088e2203" publication-type="book">
Galb. 7.2<fpage>2</fpage>
                  <volume>7</volume>
                  <source>Galb.</source>
               </mixed-citation>
            </p>
            <p>
               <mixed-citation id="d2088e2218" publication-type="book">
Otho 9.1.<fpage>1</fpage>
                  <volume>9</volume>
                  <source>Otho</source>
               </mixed-citation>
            </p>
            <p>
               <mixed-citation id="d2088e2234" publication-type="book">
P. Garnsey, Famine and Food Supply in the
Graeco-Roman World (Cambridge, 1988), 18ff<person-group>
                     <string-name>
                        <surname>Garnsey</surname>
                     </string-name>
                  </person-group>
                  <fpage>18</fpage>
                  <source>Famine and Food Supply in the Graeco-Roman World</source>
                  <year>1988</year>
               </mixed-citation>
            </p>
         </fn>
         <fn id="d2088e2263a1310">
            <label>36</label>
            <p>
               <mixed-citation id="d2088e2270" publication-type="book">
Rickman (n. 5), 144  <fpage>144</fpage>
               </mixed-citation>
            </p>
            <p>
               <mixed-citation id="d2088e2281" publication-type="book">
Garnsey (n. 35), 32ff.  <fpage>32</fpage>
               </mixed-citation>
            </p>
            <p>
               <mixed-citation id="d2088e2292" publication-type="other">
Warmington (n. 15), 111</mixed-citation>
            </p>
            <p>
               <mixed-citation id="d2088e2299" publication-type="book">
Tacitus, Hist. 1.89.1.<person-group>
                     <string-name>
                        <surname>Tacitus</surname>
                     </string-name>
                  </person-group>
                  <fpage>89</fpage>
                  <volume>1</volume>
                  <source>Hist.</source>
               </mixed-citation>
            </p>
            <p>
               <mixed-citation id="d2088e2323" publication-type="book">
Garnsey [n. 35], 224  <fpage>224</fpage>
               </mixed-citation>
            </p>
         </fn>
         <fn id="d2088e2335a1310">
            <label>37</label>
            <p>
               <mixed-citation id="d2088e2342" publication-type="book">
Gallotta (n. 2), 44ff.  <fpage>44</fpage>
               </mixed-citation>
            </p>
         </fn>
         <fn id="d2088e2355a1310">
            <label>38</label>
            <p>
               <mixed-citation id="d2088e2362" publication-type="book">
Augustus, R. G. 18.<person-group>
                     <string-name>
                        <surname>Augustus</surname>
                     </string-name>
                  </person-group>
                  <fpage>18</fpage>
                  <source>R. G.</source>
               </mixed-citation>
            </p>
            <p>
               <mixed-citation id="d2088e2383" publication-type="book">
SHA, Sep. Sev. 8.5<person-group>
                     <string-name>
                        <surname>SHA</surname>
                     </string-name>
                  </person-group>
                  <fpage>5</fpage>
                  <volume>8</volume>
                  <source>Sep. Sev.</source>
               </mixed-citation>
            </p>
            <p>
               <mixed-citation id="d2088e2407" publication-type="book">
Seneca, De brev. vitae 18.5<person-group>
                     <string-name>
                        <surname>Seneca</surname>
                     </string-name>
                  </person-group>
                  <fpage>5</fpage>
                  <volume>18</volume>
                  <source>De brev. vitae</source>
               </mixed-citation>
            </p>
            <p>
               <mixed-citation id="d2088e2432" publication-type="book">
Tacitus, Ann.12.43.2<person-group>
                     <string-name>
                        <surname>Tacitus</surname>
                     </string-name>
                  </person-group>
                  <fpage>43</fpage>
                  <volume>12</volume>
                  <source>Ann</source>
               </mixed-citation>
            </p>
            <p>
               <mixed-citation id="d2088e2456" publication-type="journal">
Tacitus, Hist. 4.52.2<person-group>
                     <string-name>
                        <surname>Tacitus</surname>
                     </string-name>
                  </person-group>
                  <fpage>52</fpage>
                  <volume>4</volume>
                  <source>Hist.</source>
               </mixed-citation>
            </p>
         </fn>
         <fn id="d2088e2481a1310">
            <label>39</label>
            <p>
               <mixed-citation id="d2088e2488" publication-type="book">
Tacitus, Ann. 15.18.2<person-group>
                     <string-name>
                        <surname>Tacitus</surname>
                     </string-name>
                  </person-group>
                  <fpage>18</fpage>
                  <volume>15</volume>
                  <source>Ann.</source>
               </mixed-citation>
            </p>
            <p>
               <mixed-citation id="d2088e2512" publication-type="book">
L.Casson, JRS 55 (1965), 33, n. 20<person-group>
                     <string-name>
                        <surname>Casson</surname>
                     </string-name>
                  </person-group>
                  <fpage>33</fpage>
                  <volume>55</volume>
                  <source>JRS</source>
                  <year>1965</year>
               </mixed-citation>
            </p>
            <p>
               <mixed-citation id="d2088e2540" publication-type="partial">
36, n. 47</mixed-citation>
            </p>
            <p>
               <mixed-citation id="d2088e2547" publication-type="book">
Meiggs [n. 4], 58-9  <fpage>58</fpage>
               </mixed-citation>
            </p>
            <p>
               <mixed-citation id="d2088e2558" publication-type="book">
Griffin [n. 2], 106  <fpage>106</fpage>
               </mixed-citation>
            </p>
            <p>
               <mixed-citation id="d2088e2569" publication-type="book">
Garnsey (n. 35), 224  <fpage>224</fpage>
               </mixed-citation>
            </p>
         </fn>
         <fn id="d2088e2581a1310">
            <label>40</label>
            <p>
               <mixed-citation id="d2088e2588" publication-type="journal">
Sallust, Hist. 2.98.2.<person-group>
                     <string-name>
                        <surname>Sallust</surname>
                     </string-name>
                  </person-group>
                  <fpage>98</fpage>
                  <volume>2</volume>
                  <source>Hist.</source>
               </mixed-citation>
            </p>
            <p>
               <mixed-citation id="d2088e2612" publication-type="other">
Polybius 6.15.4</mixed-citation>
            </p>
            <p>
               <mixed-citation id="d2088e2618" publication-type="book">
Garnsey (n. 35), 228  <fpage>228</fpage>
               </mixed-citation>
            </p>
         </fn>
         <fn id="d2088e2630a1310">
            <p>
               <mixed-citation id="d2088e2634" publication-type="book">
G. E. E Chilver, A Historical Commentary on Tacitus"Histories' I and II (Oxford, 1979),
7-8<person-group>
                     <string-name>
                        <surname>Chilver</surname>
                     </string-name>
                  </person-group>
                  <fpage>7</fpage>
                  <source>A Historical Commentary on Tacitus"Histories' I and II</source>
                  <year>1979</year>
               </mixed-citation>
            </p>
            <p>
               <mixed-citation id="d2088e2662" publication-type="book">
Shotter (n. 18), 67-8  <fpage>67</fpage>
               </mixed-citation>
            </p>
         </fn>
         <fn id="d2088e2674a1310">
            <label>42</label>
            <p>
               <mixed-citation id="d2088e2681" publication-type="other">
Warmington (n. 15), 111.</mixed-citation>
            </p>
            <p>
               <mixed-citation id="d2088e2687" publication-type="book">
G. E. E
Chilver, Cisalpine Gaul [Oxford, 1941], 135-6<person-group>
                     <string-name>
                        <surname>Chilver</surname>
                     </string-name>
                  </person-group>
                  <fpage>135</fpage>
                  <source>Cisalpine Gaul</source>
                  <year>1941</year>
               </mixed-citation>
            </p>
            <p>
               <mixed-citation id="d2088e2715" publication-type="book">
Rickman (n. 5), 101-2  <fpage>101</fpage>
               </mixed-citation>
            </p>
            <p>
               <mixed-citation id="d2088e2727" publication-type="book">
Morley [n. 21], 148  <fpage>148</fpage>
               </mixed-citation>
            </p>
            <p>
               <mixed-citation id="d2088e2738" publication-type="journal">
Tacitus, Hist. 2.32.1<person-group>
                     <string-name>
                        <surname>Tacitus</surname>
                     </string-name>
                  </person-group>
                  <fpage>32</fpage>
                  <volume>2</volume>
                  <source>Hist.</source>
               </mixed-citation>
            </p>
            <p>
               <mixed-citation id="d2088e2762" publication-type="book">
Suetonius, Otho 9.1<person-group>
                     <string-name>
                        <surname>Suetonius</surname>
                     </string-name>
                  </person-group>
                  <fpage>1</fpage>
                  <volume>9</volume>
                  <source>Otho</source>
               </mixed-citation>
            </p>
         </fn>
         <fn id="d2088e2787a1310">
            <label>43</label>
            <p>
               <mixed-citation id="d2088e2794" publication-type="other">
Dio 56.12.1</mixed-citation>
            </p>
            <p>
               <mixed-citation id="d2088e2800" publication-type="book">
Garnsey (n. 35), 228  <fpage>228</fpage>
               </mixed-citation>
            </p>
         </fn>
         <fn id="d2088e2813a1310">
            <label>44</label>
            <p>
               <mixed-citation id="d2088e2820" publication-type="book">
H. P Miller, G&amp;R 28 (1981), 73ff<person-group>
                     <string-name>
                        <surname>Miller</surname>
                     </string-name>
                  </person-group>
                  <fpage>73</fpage>
                  <volume>28</volume>
                  <source>G&amp;R</source>
                  <year>1981</year>
               </mixed-citation>
            </p>
         </fn>
         <fn id="d2088e2849a1310">
            <label>45</label>
            <p>
               <mixed-citation id="d2088e2856" publication-type="book">
Seneca, De brev. vitae 18.5<person-group>
                     <string-name>
                        <surname>Seneca</surname>
                     </string-name>
                  </person-group>
                  <fpage>5</fpage>
                  <volume>18</volume>
                  <source>De brev. vitae</source>
               </mixed-citation>
            </p>
            <p>
               <mixed-citation id="d2088e2880" publication-type="other">
Dio 59.17.2</mixed-citation>
            </p>
            <p>
               <mixed-citation id="d2088e2886" publication-type="book">
J. P. V. D. Balsdon, The Emperor Gaius [Oxford, 1934], 189-90<person-group>
                     <string-name>
                        <surname>Balsdon</surname>
                     </string-name>
                  </person-group>
                  <fpage>189</fpage>
                  <source>The Emperor Gaius</source>
                  <year>1934</year>
               </mixed-citation>
            </p>
            <p>
               <mixed-citation id="d2088e2911" publication-type="book">
A. A. Barrett, Caligula: the Corruption of Power [London, 1989], 194-5<person-group>
                     <string-name>
                        <surname>Barrett</surname>
                     </string-name>
                  </person-group>
                  <fpage>194</fpage>
                  <source>Caligula: the Corruption of Power</source>
                  <year>1989</year>
               </mixed-citation>
            </p>
            <p>
               <mixed-citation id="d2088e2935" publication-type="book">
Garnsey [n. 35], 222-3  <fpage>222</fpage>
               </mixed-citation>
            </p>
            <p>
               <mixed-citation id="d2088e2946" publication-type="book">
Tacitus, Ann. 12.43.1<person-group>
                     <string-name>
                        <surname>Tacitus</surname>
                     </string-name>
                  </person-group>
                  <fpage>43</fpage>
                  <volume>12</volume>
                  <source>Ann.</source>
               </mixed-citation>
            </p>
            <p>
               <mixed-citation id="d2088e2970" publication-type="partial">
note 54</mixed-citation>
            </p>
         </fn>
         <fn id="d2088e2977a1310">
            <label>46</label>
            <p>
               <mixed-citation id="d2088e2984" publication-type="journal">
Tacitus, Hist. 1.86.2.<person-group>
                     <string-name>
                        <surname>Tacitus</surname>
                     </string-name>
                  </person-group>
                  <fpage>86</fpage>
                  <volume>1</volume>
                  <source>Hist.</source>
               </mixed-citation>
            </p>
            <p>
               <mixed-citation id="d2088e3008" publication-type="book">
peniuria alimentorum<source>Peniuria alimentorum</source>
               </mixed-citation>
            </p>
         </fn>
         <fn id="d2088e3018a1310">
            <label>47</label>
            <p>
               <mixed-citation id="d2088e3025" publication-type="book">
Chilver (n. 41), 175-6, 269ff  <fpage>175</fpage>
               </mixed-citation>
            </p>
         </fn>
         <fn id="d2088e3037a1310">
            <label>48</label>
            <p>
               <mixed-citation id="d2088e3044" publication-type="journal">
Tacitus, Hist. 2.87.1-2<person-group>
                     <string-name>
                        <surname>Tacitus</surname>
                     </string-name>
                  </person-group>
                  <fpage>87</fpage>
                  <volume>2</volume>
                  <source>Hist.</source>
               </mixed-citation>
            </p>
            <p>
               <mixed-citation id="d2088e3068" publication-type="journal">
ibid., 93.1  <fpage>93</fpage>
               </mixed-citation>
            </p>
            <p>
               <mixed-citation id="d2088e3079" publication-type="journal">
ibid., 87.1  <fpage>87</fpage>
               </mixed-citation>
            </p>
            <p>
               <mixed-citation id="d2088e3091" publication-type="book">
Rickman [n. 5], 10  <fpage>10</fpage>
               </mixed-citation>
            </p>
         </fn>
         <fn id="d2088e3103a1310">
            <label>49</label>
            <p>
               <mixed-citation id="d2088e3110" publication-type="book">
H. Le Bonniec and J. Hellegouarc'h, Tacite, Histoires, Livres IV et V (Paris,
1992), 149, n. 6<person-group>
                     <string-name>
                        <surname>Bonniec</surname>
                     </string-name>
                  </person-group>
                  <fpage>149</fpage>
                  <source>Histoires, Livres IV et V</source>
                  <year>1992</year>
               </mixed-citation>
            </p>
         </fn>
         <fn id="d2088e3140a1310">
            <label>50</label>
            <p>
               <mixed-citation id="d2088e3147" publication-type="journal">
Tacitus, Hist.1.7.1<person-group>
                     <string-name>
                        <surname>Tacitus</surname>
                     </string-name>
                  </person-group>
                  <fpage>7</fpage>
                  <volume>1</volume>
                  <source>Hist.</source>
               </mixed-citation>
            </p>
            <p>
               <mixed-citation id="d2088e3171" publication-type="book">
Plutarch, Galb. 15.3<person-group>
                     <string-name>
                        <surname>Plutarch</surname>
                     </string-name>
                  </person-group>
                  <fpage>3</fpage>
                  <volume>15</volume>
                  <source>Galb</source>
               </mixed-citation>
            </p>
            <p>
               <mixed-citation id="d2088e3195" publication-type="book">
Suetonius, Galb. 11<person-group>
                     <string-name>
                        <surname>Suetonius</surname>
                     </string-name>
                  </person-group>
                  <fpage>11</fpage>
                  <source>Galb.</source>
               </mixed-citation>
            </p>
            <p>
               <mixed-citation id="d2088e3217" publication-type="book">
Chilver (n. 41),
56-7  <fpage>56</fpage>
               </mixed-citation>
            </p>
         </fn>
         <fn id="d2088e3232a1310">
            <label>51</label>
            <p>
               <mixed-citation id="d2088e3239" publication-type="journal">
Hist. 4.33.1<fpage>33</fpage>
                  <volume>4</volume>
                  <source>Hist.</source>
               </mixed-citation>
            </p>
         </fn>
         <fn id="d2088e3255a1310">
            <label>52</label>
            <p>
               <mixed-citation id="d2088e3262" publication-type="journal">
Tacitus, Hist. 2.82.3<person-group>
                     <string-name>
                        <surname>Tacitus</surname>
                     </string-name>
                  </person-group>
                  <fpage>82</fpage>
                  <volume>2</volume>
                  <source>Hist.</source>
               </mixed-citation>
            </p>
         </fn>
         <fn id="d2088e3287a1310">
            <label>53</label>
            <p>
               <mixed-citation id="d2088e3294" publication-type="book">
Josephus, BJ 4.654<person-group>
                     <string-name>
                        <surname>Josephus</surname>
                     </string-name>
                  </person-group>
                  <fpage>654</fpage>
                  <volume>4</volume>
                  <source>BJ</source>
               </mixed-citation>
            </p>
            <p>
               <mixed-citation id="d2088e3318" publication-type="journal">
Tacitus, Hist. 4.10.1<person-group>
                     <string-name>
                        <surname>Tacitus</surname>
                     </string-name>
                  </person-group>
                  <fpage>10</fpage>
                  <volume>4</volume>
                  <source>Hist.</source>
               </mixed-citation>
            </p>
         </fn>
         <fn id="d2088e3343a1310">
            <label>54</label>
            <p>
               <mixed-citation id="d2088e3350" publication-type="book">
note 24  </mixed-citation>
            </p>
         </fn>
         <fn id="d2088e3359a1310">
            <label>55</label>
            <p>
               <mixed-citation id="d2088e3366" publication-type="book">
Rickman (n. 5), 81-2, 219-20.  <fpage>81</fpage>
               </mixed-citation>
            </p>
         </fn>
         <fn id="d2088e3379a1310">
            <label>56</label>
            <p>
               <mixed-citation id="d2088e3386" publication-type="book">
H. Pavis d'Escurac, La Préfecture de l'annone, service administratif impérial
d'Auguste à Constantin (Rome, 1976), 323<person-group>
                     <string-name>
                        <surname>d'Escurac</surname>
                     </string-name>
                  </person-group>
                  <fpage>323</fpage>
                  <source>La Préfecture de l'annone, service administratif impérial d'Auguste à Constantin</source>
                  <year>1976</year>
               </mixed-citation>
            </p>
         </fn>
         <fn id="d2088e3415a1310">
            <label>57</label>
            <p>
               <mixed-citation id="d2088e3422" publication-type="journal">
Tacitus, Hist. 4.68.2<person-group>
                     <string-name>
                        <surname>Tacitus</surname>
                     </string-name>
                  </person-group>
                  <fpage>68</fpage>
                  <volume>4</volume>
                  <source>Hist.</source>
               </mixed-citation>
            </p>
            <p>
               <mixed-citation id="d2088e3446" publication-type="journal">
Tacitus, Hist. 3.6.1<person-group>
                     <string-name>
                        <surname>Tacitus</surname>
                     </string-name>
                  </person-group>
                  <fpage>6</fpage>
                  <volume>3</volume>
                  <source>Hist.</source>
               </mixed-citation>
            </p>
         </fn>
         <fn id="d2088e3471a1310">
            <label>58</label>
            <p>
               <mixed-citation id="d2088e3478" publication-type="book">
H. Heubner, P Cornelius Tacitus,
Die Historien, Band IV: Viertes Buch (Heidelberg, 1976)<person-group>
                     <string-name>
                        <surname>Heubner</surname>
                     </string-name>
                  </person-group>
                  <source>P Cornelius Tacitus, Die Historien, Band IV: Viertes Buch</source>
                  <year>1976</year>
               </mixed-citation>
            </p>
            <p>
               <mixed-citation id="d2088e3502" publication-type="book">
Le Bonniec and
Hellegouarc'h (n. 49), 149, n. 5  <fpage>149</fpage>
               </mixed-citation>
            </p>
            <p>
               <mixed-citation id="d2088e3516" publication-type="book">
saevo adhuc mari<source>Saevo adhuc mari</source>
               </mixed-citation>
            </p>
         </fn>
      </fn-group>
   </back>
</article>
