<article xmlns:xsi="http://www.w3.org/2001/XMLSchema-instance"
         xmlns:xlink="http://www.w3.org/1999/xlink"
         xmlns:mml="http://www.w3.org/1998/Math/MathML"
         dtd-version="1.0"
         article-type="research-article">
   <front>
      <journal-meta>
         <journal-id journal-id-type="jstor">clasquar</journal-id>
         <journal-id journal-id-type="jstor">j100124</journal-id>
         <journal-title-group>
            <journal-title>The Classical Quarterly</journal-title>
         </journal-title-group>
         <publisher>
            <publisher-name>Oxford University Press</publisher-name>
         </publisher>
         <issn pub-type="ppub">00098388</issn>
         <issn pub-type="epub">14716844</issn>
      </journal-meta>
      <article-meta>
         <article-id pub-id-type="jstor">1558967</article-id>
         <article-categories>
            <subj-group>
               <subject>Shorter Notes</subject>
            </subj-group>
         </article-categories>
         <title-group>
            <article-title>Longinus, on Sublimity 35.1</article-title>
         </title-group>
         <contrib-group>
            <contrib contrib-type="author">
               <string-name>
                  <given-names>Malcolm</given-names>
                  <surname>Heath</surname>
               </string-name>
            </contrib>
         </contrib-group>
         <pub-date>
            <day>1</day>
            <month>1</month>
            <year>2000</year>
         </pub-date>
         <volume>50</volume>
         <issue>1</issue>
         <issue-id>i270092</issue-id>
         <fpage>320</fpage>
         <lpage>323</lpage>
         <page-range>320-323</page-range>
         <permissions>
            <copyright-statement>Copyright 2000 Oxford University Press</copyright-statement>
         </permissions>
         <self-uri xlink:href="http://www.jstor.org/stable/1558967"/>
         <custom-meta-group>
            <custom-meta>
               <meta-name>lang</meta-name>
               <meta-value>eng</meta-value>
            </custom-meta>
         </custom-meta-group>
      </article-meta>
   </front>
   <back>
      <fn-group>
         <title>[Footnotes]</title>
         <fn id="d2186e123a1310">
            <p>
               <mixed-citation id="d2186e127" publication-type="journal">
'Longinus On Sublimity', PCPhS 45 (1999), 43-74<fpage>43</fpage>
                  <volume>45</volume>
                  <source>PCPhS</source>
                  <year>1999</year>
               </mixed-citation>
            </p>
         </fn>
         <fn id="d2186e146a1310">
            <label>2</label>
            <p>
               <mixed-citation id="d2186e153" publication-type="book">
D. A. Russell (ed.), 'Longinus' On the Sublime (Oxford, 1964)<person-group>
                     <string-name>
                        <surname>Russell</surname>
                     </string-name>
                  </person-group>
                  <comment content-type="section">Longinus</comment>
                  <source>On the Sublime</source>
                  <year>1964</year>
               </mixed-citation>
            </p>
         </fn>
         <fn id="d2186e178a1310">
            <label>3</label>
            <p>
               <mixed-citation id="d2186e185" publication-type="journal">
D. A. Russell, 'Longinus revisited', Mnemosyne 34 (1981), 72-86, at 84.<person-group>
                     <string-name>
                        <surname>Russell</surname>
                     </string-name>
                  </person-group>
                  <fpage>72</fpage>
                  <volume>34</volume>
                  <source>Mnemosyne</source>
                  <year>1981</year>
               </mixed-citation>
            </p>
         </fn>
         <fn id="d2186e214a1310">
            <label>4</label>
            <p>
               <mixed-citation id="d2186e221" publication-type="book">
Russell (n. 3), 74  <fpage>74</fpage>
               </mixed-citation>
            </p>
         </fn>
         <fn id="d2186e234a1310">
            <label>5</label>
            <p>
               <mixed-citation id="d2186e241" publication-type="other">
Photius (cod. 262, 489b4-9, 13-15)</mixed-citation>
            </p>
            <p>
               <mixed-citation id="d2186e247" publication-type="journal">
D.H. Lys. 14<person-group>
                     <string-name>
                        <surname>D.H.</surname>
                     </string-name>
                  </person-group>
                  <fpage>14</fpage>
                  <source>Lys.</source>
               </mixed-citation>
            </p>
         </fn>
         <fn id="d2186e269a1310">
            <label>6</label>
            <p>
               <mixed-citation id="d2186e276" publication-type="book">
Lysias (Orator 29)<person-group>
                     <string-name>
                        <surname>Lysias</surname>
                     </string-name>
                  </person-group>
                  <fpage>29</fpage>
                  <source>Orator</source>
               </mixed-citation>
            </p>
         </fn>
         <fn id="d2186e298a1310">
            <label>7</label>
            <p>
               <mixed-citation id="d2186e305" publication-type="journal">
G. M. A. Grube,
'Notes on the nepl ϋφους, AJPh 78 (1957), 355-74<object-id pub-id-type="doi">10.2307/291724</object-id>
                  <fpage>355</fpage>
               </mixed-citation>
            </p>
            <p>
               <mixed-citation id="d2186e320" publication-type="other">
371-4</mixed-citation>
            </p>
            <p>
               <mixed-citation id="d2186e326" publication-type="book">
Russell's comments ad loc  </mixed-citation>
            </p>
         </fn>
      </fn-group>
   </back>
</article>
