<article xmlns:xsi="http://www.w3.org/2001/XMLSchema-instance"
         xmlns:xlink="http://www.w3.org/1999/xlink"
         xmlns:mml="http://www.w3.org/1998/Math/MathML"
         dtd-version="1.0"
         article-type="research-article">
   <front>
      <journal-meta>
         <journal-id journal-id-type="jstor">clasquar</journal-id>
         <journal-id journal-id-type="jstor">j100124</journal-id>
         <journal-title-group>
            <journal-title>The Classical Quarterly</journal-title>
         </journal-title-group>
         <publisher>
            <publisher-name>Oxford University Press</publisher-name>
         </publisher>
         <issn pub-type="ppub">00098388</issn>
         <issn pub-type="epub">14716844</issn>
      </journal-meta>
      <article-meta>
         <article-id pub-id-type="jstor">1558922</article-id>
         <article-categories>
            <subj-group>
               <subject>Shorter Notes</subject>
            </subj-group>
         </article-categories>
         <title-group>
            <article-title>Two Unidentified Senators in Josephus, A.J. 19</article-title>
         </title-group>
         <contrib-group>
            <contrib contrib-type="author">
               <string-name>
                  <given-names>A. R.</given-names>
                  <surname>Birley</surname>
               </string-name>
            </contrib>
         </contrib-group>
         <pub-date>
            <day>1</day>
            <month>1</month>
            <year>2000</year>
         </pub-date>
         <volume>50</volume>
         <issue>2</issue>
         <issue-id>i270093</issue-id>
         <fpage>620</fpage>
         <lpage>623</lpage>
         <page-range>620-623</page-range>
         <permissions>
            <copyright-statement>Copyright 2000 Oxford University Press</copyright-statement>
         </permissions>
         <self-uri xlink:href="http://www.jstor.org/stable/1558922"/>
         <custom-meta-group>
            <custom-meta>
               <meta-name>lang</meta-name>
               <meta-value>eng</meta-value>
            </custom-meta>
         </custom-meta-group>
      </article-meta>
   </front>
   <back>
      <fn-group>
         <title>[Footnotes]</title>
         <fn id="d6738e123a1310">
            <label>1</label>
            <p>
               <mixed-citation id="d6738e130" publication-type="book">
T. P. Wiseman, Death of an Emperor (Exeter, 1991), xii ff., 111ff.<person-group>
                     <string-name>
                        <surname>Wiseman</surname>
                     </string-name>
                  </person-group>
                  <fpage>xii</fpage>
                  <source>Death of an Emperor</source>
                  <year>1991</year>
               </mixed-citation>
            </p>
            <p>
               <mixed-citation id="d6738e154" publication-type="other">
24-61, 62-7, 70-93, 96-105, 109-57, 161-96, 198-211, 269-73</mixed-citation>
            </p>
            <p>
               <mixed-citation id="d6738e160" publication-type="other">
2-14, 17-23, 94-5, 158-60, 212-36, 237-45, 246-68</mixed-citation>
            </p>
            <p>
               <mixed-citation id="d6738e167" publication-type="other">
1, 15-16, 61, 68-9, 106-8, 196-8</mixed-citation>
            </p>
         </fn>
         <fn id="d6738e174a1310">
            <label>2</label>
            <p>
               <mixed-citation id="d6738e181" publication-type="journal">
P. M. Swan, 'A consular Epicurean', Phoenix 30 (1976), 54-60<object-id pub-id-type="doi">10.2307/1088022</object-id>
                  <fpage>54</fpage>
               </mixed-citation>
            </p>
            <p>
               <mixed-citation id="d6738e193" publication-type="book">
PIR2 P 754<fpage>754</fpage>
                  <source>PIR2</source>
               </mixed-citation>
            </p>
            <p>
               <mixed-citation id="d6738e205" publication-type="book">
Cal. 16.4<fpage>4</fpage>
                  <volume>16</volume>
                  <source>Cal</source>
               </mixed-citation>
            </p>
            <p>
               <mixed-citation id="d6738e221" publication-type="other">
Wiseman (n. 1), 51</mixed-citation>
            </p>
            <p>
               <mixed-citation id="d6738e227" publication-type="book">
Seneca (De Beneficiis 2.12)<person-group>
                     <string-name>
                        <surname>Seneca</surname>
                     </string-name>
                  </person-group>
                  <fpage>12</fpage>
                  <volume>2</volume>
                  <source>De Beneficiis</source>
               </mixed-citation>
            </p>
         </fn>
         <fn id="d6738e252a1310">
            <label>3</label>
            <p>
               <mixed-citation id="d6738e259" publication-type="book">
W. Schulze, Zur Geschichte lateinischer Eigennamen (Berlin, 19332), 242<person-group>
                     <string-name>
                        <surname>Schulze</surname>
                     </string-name>
                  </person-group>
                  <fpage>242</fpage>
                  <source>Zur Geschichte lateinischer Eigennamen</source>
                  <year>1933</year>
               </mixed-citation>
            </p>
         </fn>
         <fn id="d6738e284a1310">
            <label>4</label>
            <p>
               <mixed-citation id="d6738e291" publication-type="book">
HA Comm. 4.7<fpage>7</fpage>
                  <volume>4</volume>
                  <source>HA Comm</source>
               </mixed-citation>
            </p>
            <p>
               <mixed-citation id="d6738e306" publication-type="book">
PIR' T 146<fpage>146</fpage>
                  <source>PIR' T</source>
               </mixed-citation>
            </p>
            <p>
               <mixed-citation id="d6738e318" publication-type="book">
AE 1971. 534<fpage>534</fpage>
                  <source>AE</source>
                  <year>1971</year>
               </mixed-citation>
            </p>
            <p>
               <mixed-citation id="d6738e334" publication-type="book">
tabula Banasitana<source>Tabula Banasitana</source>
               </mixed-citation>
            </p>
            <p>
               <mixed-citation id="d6738e343" publication-type="book">
'Tibidius', Schulze (n. 3), add. to 374 (a single case), and 'Titidius', ibid. 198<fpage>198</fpage>
                  <source>Tibidius', Schulze (n. 3), add. to 374 (a single case), and 'Titidius</source>
                  <year>1971</year>
               </mixed-citation>
            </p>
         </fn>
         <fn id="d6738e360a1310">
            <label>5</label>
            <p>
               <mixed-citation id="d6738e367" publication-type="book">
E. Dgbrowa, The Governors of Roman Syria from Augustus to
Septimius Severus (Bonn, 1998), 49-53<person-group>
                     <string-name>
                        <surname>Dgbrowa</surname>
                     </string-name>
                  </person-group>
                  <fpage>49</fpage>
                  <source>The Governors of Roman Syria from Augustus to Septimius Severus</source>
                  <year>1998</year>
               </mixed-citation>
            </p>
         </fn>
         <fn id="d6738e396a1310">
            <label>6</label>
            <p>
               <mixed-citation id="d6738e403" publication-type="book">
Thus F Münzer, RE 9A.1 (1961), 597<person-group>
                     <string-name>
                        <surname>Münzer</surname>
                     </string-name>
                  </person-group>
                  <fpage>597</fpage>
                  <source>RE</source>
                  <year>1961</year>
               </mixed-citation>
            </p>
            <p>
               <mixed-citation id="d6738e427" publication-type="book">
D. R. Shackleton Bailey in his Com-
mentary, ad loc<person-group>
                     <string-name>
                        <surname>Bailey</surname>
                     </string-name>
                  </person-group>
                  <source>Commentary</source>
               </mixed-citation>
            </p>
         </fn>
         <fn id="d6738e449a1310">
            <label>7</label>
            <p>
               <mixed-citation id="d6738e456" publication-type="book">
H. Weiskopf, P Corneli Taciti Annalium libri XI-XII adnotationibus criticis ex
omnibus codicibus qui exstant haustis (Vienna, 1973), 102<person-group>
                     <string-name>
                        <surname>Weiskopf</surname>
                     </string-name>
                  </person-group>
                  <fpage>102</fpage>
                  <source>P Corneli Taciti Annalium libri XI-XII adnotationibus criticis ex omnibus codicibus qui exstant haustis</source>
                  <year>1973</year>
               </mixed-citation>
            </p>
         </fn>
         <fn id="d6738e485a1310">
            <label>8</label>
            <p>
               <mixed-citation id="d6738e492" publication-type="book">
vol. 4, Annales (livres
XIII-XVI), ed. P. Wuilleumier (1978), 10, 93<person-group>
                     <string-name>
                        <surname>Wuilleumier</surname>
                     </string-name>
                  </person-group>
                  <fpage>10</fpage>
                  <volume>4</volume>
                  <source>Annales (livres XIII-XVI)</source>
                  <year>1978</year>
               </mixed-citation>
            </p>
         </fn>
         <fn id="d6738e524a1310">
            <label>9</label>
            <p>
               <mixed-citation id="d6738e531" publication-type="book">
vol. 2 (livres IV-VI), ed. A.-M. Guillemin (1967), 109<person-group>
                     <string-name>
                        <surname>Guillemin</surname>
                     </string-name>
                  </person-group>
                  <fpage>109</fpage>
                  <volume>2</volume>
                  <source>Livres IV-VI</source>
                  <year>1967</year>
               </mixed-citation>
            </p>
         </fn>
         <fn id="d6738e560a1310">
            <label>10</label>
            <p>
               <mixed-citation id="d6738e567" publication-type="book">
M. Aurelius
and cos. ord. 167<person-group>
                     <string-name>
                        <surname>Aurelius</surname>
                     </string-name>
                  </person-group>
                  <fpage>167</fpage>
                  <source>Cos. ord.</source>
               </mixed-citation>
            </p>
         </fn>
         <fn id="d6738e593a1310">
            <label>11</label>
            <p>
               <mixed-citation id="d6738e600" publication-type="book">
Budé edn, vol. 3 (livres VII-IX), 35.<fpage>35</fpage>
                  <volume>3</volume>
                  <source>Livres VII-IX</source>
               </mixed-citation>
            </p>
         </fn>
         <fn id="d6738e616a1310">
            <label>12</label>
            <p>
               <mixed-citation id="d6738e623" publication-type="book">
R. Syme, in his paper 'The Ummidii', Roman Papers 2 (1979), 659-93, at 661<person-group>
                     <string-name>
                        <surname>Syme</surname>
                     </string-name>
                  </person-group>
                  <comment content-type="section">The Ummidii</comment>
                  <fpage>659</fpage>
                  <volume>2</volume>
                  <source>Roman Papers</source>
                  <year>1979</year>
               </mixed-citation>
            </p>
            <p>
               <mixed-citation id="d6738e654" publication-type="partial">
Historia 17 (1968), 72-105, at 75</mixed-citation>
            </p>
            <p>
               <mixed-citation id="d6738e660" publication-type="book">
'Missing persons III', Historia 11 [1962], 146-55, at 154<comment content-type="section">Missing persons III</comment>
                  <fpage>146</fpage>
                  <volume>11</volume>
                  <source>Historia</source>
                  <year>1962</year>
               </mixed-citation>
            </p>
            <p>
               <mixed-citation id="d6738e683" publication-type="other">
Roman Papers
2.530-40, at 538</mixed-citation>
            </p>
            <p>
               <mixed-citation id="d6738e692" publication-type="book">
'Ummidius Quadratus, capax imperü ', HSCP 83 (1979), 287-310<comment content-type="section">Ummidius Quadratus, capax imperü</comment>
                  <fpage>287</fpage>
                  <volume>83</volume>
                  <source>HSCP</source>
                  <year>1979</year>
               </mixed-citation>
            </p>
            <p>
               <mixed-citation id="d6738e714" publication-type="book">
Roman Papers 3 (1984), 1158-78<fpage>1158</fpage>
                  <volume>3</volume>
                  <source>Roman Papers</source>
                  <year>1984</year>
               </mixed-citation>
            </p>
            <p>
               <mixed-citation id="d6738e732" publication-type="book">
Roman Papers 4-7<fpage>4</fpage>
                  <source>Roman Papers</source>
               </mixed-citation>
            </p>
         </fn>
         <fn id="d6738e745a1310">
            <label>14</label>
            <p>
               <mixed-citation id="d6738e752" publication-type="book">
PIR' C 1202, 1206<fpage>1202</fpage>
                  <source>PIR</source>
               </mixed-citation>
            </p>
            <p>
               <mixed-citation id="d6738e764" publication-type="book">
R. Syme, Tacitus (Oxford, 1958), 287<person-group>
                     <string-name>
                        <surname>Syme</surname>
                     </string-name>
                  </person-group>
                  <fpage>287</fpage>
                  <source>Tacitus</source>
                  <year>1958</year>
               </mixed-citation>
            </p>
         </fn>
         <fn id="d6738e789a1310">
            <label>15</label>
            <p>
               <mixed-citation id="d6738e796" publication-type="other">
Wiseman (n.1), 59.</mixed-citation>
            </p>
         </fn>
         <fn id="d6738e803a1310">
            <label>16</label>
            <p>
               <mixed-citation id="d6738e810" publication-type="book">
Thus PIR' V 208<person-group>
                     <string-name>
                        <surname>Thus</surname>
                     </string-name>
                  </person-group>
                  <fpage>208</fpage>
                  <volume>V</volume>
                  <source>PIR</source>
               </mixed-citation>
            </p>
            <p>
               <mixed-citation id="d6738e834" publication-type="book">
RE VIIIA.1 (1955), 520, no. 5<fpage>520</fpage>
                  <volume>VIII</volume>
                  <source>RE</source>
                  <year>1955</year>
               </mixed-citation>
            </p>
            <p>
               <mixed-citation id="d6738e852" publication-type="other">
J. Hudson
(1720)</mixed-citation>
            </p>
         </fn>
         <fn id="d6738e862a1310">
            <label>17</label>
            <p>
               <mixed-citation id="d6738e869" publication-type="book">
R. Syme, ZPE 41 (1981), 130<person-group>
                     <string-name>
                        <surname>Syme</surname>
                     </string-name>
                  </person-group>
                  <fpage>130</fpage>
                  <volume>41</volume>
                  <source>ZPE</source>
                  <year>1981</year>
               </mixed-citation>
            </p>
            <p>
               <mixed-citation id="d6738e897" publication-type="book">
Roman Papers 3 (1984), 1380<fpage>1380</fpage>
                  <volume>3</volume>
                  <source>Roman Papers</source>
                  <year>1984</year>
               </mixed-citation>
            </p>
            <p>
               <mixed-citation id="d6738e915" publication-type="book">
PIR2 P 46<fpage>46</fpage>
                  <source>PIR2</source>
               </mixed-citation>
            </p>
         </fn>
      </fn-group>
   </back>
</article>
