<article xmlns:xsi="http://www.w3.org/2001/XMLSchema-instance"
         xmlns:xlink="http://www.w3.org/1999/xlink"
         xmlns:mml="http://www.w3.org/1998/Math/MathML"
         dtd-version="1.0"
         article-type="research-article">
   <front>
      <journal-meta>
         <journal-id journal-id-type="jstor">clasquar</journal-id>
         <journal-id journal-id-type="jstor">j100124</journal-id>
         <journal-title-group>
            <journal-title>The Classical Quarterly</journal-title>
         </journal-title-group>
         <publisher>
            <publisher-name>Oxford University Press</publisher-name>
         </publisher>
         <issn pub-type="ppub">00098388</issn>
         <issn pub-type="epub">14716844</issn>
      </journal-meta>
      <article-meta>
         <article-id pub-id-type="jstor">1558921</article-id>
         <article-categories>
            <subj-group>
               <subject>Shorter Notes</subject>
            </subj-group>
         </article-categories>
         <title-group>
            <article-title>What Did Virgil's Swallows Eat?</article-title>
         </title-group>
         <contrib-group>
            <contrib contrib-type="author">
               <string-name>
                  <given-names>Rhona</given-names>
                  <surname>Beare</surname>
               </string-name>
            </contrib>
         </contrib-group>
         <pub-date>
            <day>1</day>
            <month>1</month>
            <year>2000</year>
         </pub-date>
         <volume>50</volume>
         <issue>2</issue>
         <issue-id>i270093</issue-id>
         <fpage>618</fpage>
         <lpage>620</lpage>
         <page-range>618-620</page-range>
         <permissions>
            <copyright-statement>Copyright 2000 Oxford University Press</copyright-statement>
         </permissions>
         <self-uri xlink:href="http://www.jstor.org/stable/1558921"/>
         <custom-meta-group>
            <custom-meta>
               <meta-name>lang</meta-name>
               <meta-value>eng</meta-value>
            </custom-meta>
         </custom-meta-group>
      </article-meta>
   </front>
   <back>
      <fn-group>
         <title>[Footnotes]</title>
         <fn id="d6857e123a1310">
            <label>1</label>
            <p>
               <mixed-citation id="d6857e130" publication-type="book">
Jacques André, Les Noms d'oiseaux en Latin (Paris, 1967), 92.<person-group>
                     <string-name>
                        <surname>André</surname>
                     </string-name>
                  </person-group>
                  <fpage>92</fpage>
                  <source>Les Noms d'oiseaux en Latin</source>
                  <year>1967</year>
               </mixed-citation>
            </p>
         </fn>
         <fn id="d6857e155a1310">
            <label>2</label>
            <p>
               <mixed-citation id="d6857e162" publication-type="journal">
BWP V 266.<issue>266</issue>
                  <volume>V</volume>
                  <source>Bwp</source>
               </mixed-citation>
            </p>
            <p>
               <mixed-citation id="d6857e177" publication-type="journal">
B WP<source>B wp</source>
               </mixed-citation>
            </p>
            <p>
               <mixed-citation id="d6857e186" publication-type="book">
Cramp, S., and other edd., The Birds of the Western Palearctic (Oxford,
1977-)<person-group>
                     <string-name>
                        <surname>Cramp</surname>
                     </string-name>
                  </person-group>
                  <source>The Birds of the Western Palearctic</source>
                  <year>1977</year>
               </mixed-citation>
            </p>
            <p>
               <mixed-citation id="d6857e211" publication-type="journal">
BWPC<source>Bwpc</source>
               </mixed-citation>
            </p>
            <p>
               <mixed-citation id="d6857e220" publication-type="other">
D. W. Snow and C. M. Perrins (Oxford, 1997)</mixed-citation>
            </p>
         </fn>
         <fn id="d6857e227a1310">
            <p>
               <mixed-citation id="d6857e231" publication-type="book">
John H. Hough, 'Bird imagery in Roman poetry'<person-group>
                     <string-name>
                        <surname>Hough</surname>
                     </string-name>
                  </person-group>
                  <source>Bird imagery in Roman poetry</source>
               </mixed-citation>
            </p>
            <p>
               <mixed-citation id="d6857e249" publication-type="journal">
CJ 70 (1974), 6-7<fpage>6</fpage>
                  <volume>70</volume>
                  <source>Cj</source>
                  <year>1974</year>
               </mixed-citation>
            </p>
         </fn>
         <fn id="d6857e268a1310">
            <label>4</label>
            <p>
               <mixed-citation id="d6857e275" publication-type="book">
The Encyclopedia of Birds, ed. C. M. Perrins and A. L. A. Middleton (New York, 1986),
332-3.<person-group>
                     <string-name>
                        <surname>Perrins</surname>
                     </string-name>
                  </person-group>
                  <fpage>332</fpage>
                  <source>The Encyclopedia of Birds</source>
                  <year>1986</year>
               </mixed-citation>
            </p>
         </fn>
         <fn id="d6857e305a1310">
            <label>5</label>
            <p>
               <mixed-citation id="d6857e312" publication-type="book">
hirundo flew<source>Hirundo flew</source>
               </mixed-citation>
            </p>
            <p>
               <mixed-citation id="d6857e321" publication-type="journal">
Georgics 1.377<issue>377</issue>
                  <volume>1</volume>
                  <source>Georgics</source>
               </mixed-citation>
            </p>
         </fn>
         <fn id="d6857e337a1310">
            <label>6</label>
            <p>
               <mixed-citation id="d6857e344" publication-type="journal">
Aristotle (H. A. 626a7-9)<person-group>
                     <string-name>
                        <surname>Aristotle</surname>
                     </string-name>
                  </person-group>
                  <fpage>7</fpage>
                  <volume>626</volume>
                  <source>H. A.</source>
               </mixed-citation>
            </p>
            <p>
               <mixed-citation id="d6857e368" publication-type="journal">
Aristotle says (H.A. 92b16-17)<person-group>
                     <string-name>
                        <surname>Aristotle</surname>
                     </string-name>
                  </person-group>
                  <fpage>16</fpage>
                  <volume>92</volume>
                  <source>H.A.</source>
               </mixed-citation>
            </p>
            <p>
               <mixed-citation id="d6857e392" publication-type="book">
F Capponi, Ornithologia Latina (Genoa, 1979), 296<person-group>
                     <string-name>
                        <surname>Capponi</surname>
                     </string-name>
                  </person-group>
                  <fpage>296</fpage>
                  <source>Ornithologia Latina</source>
                  <year>1979</year>
               </mixed-citation>
            </p>
         </fn>
         <fn id="d6857e417a1310">
            <label>7</label>
            <p>
               <mixed-citation id="d6857e424" publication-type="journal">
W G. Arnott, G&amp;R 14 (1967), 52<person-group>
                     <string-name>
                        <surname>Arnott</surname>
                     </string-name>
                  </person-group>
                  <fpage>52</fpage>
                  <volume>14</volume>
                  <source>G&amp;r</source>
                  <year>1967</year>
               </mixed-citation>
            </p>
         </fn>
         <fn id="d6857e453a1310">
            <label>8</label>
            <p>
               <mixed-citation id="d6857e460" publication-type="book">
Derek Goodwin, Birds of Man's World (University of Queensland Press, 1978), 25.<person-group>
                     <string-name>
                        <surname>Goodwin</surname>
                     </string-name>
                  </person-group>
                  <fpage>25</fpage>
                  <source>Birds of Man's World</source>
                  <year>1978</year>
               </mixed-citation>
            </p>
         </fn>
         <fn id="d6857e485a1310">
            <label>9</label>
            <p>
               <mixed-citation id="d6857e492" publication-type="book">
D'Arcy WThompson, A Glossary of Greek Birds (London and Oxford, 1936), 316.<person-group>
                     <string-name>
                        <surname>WThompson</surname>
                     </string-name>
                  </person-group>
                  <fpage>316</fpage>
                  <source>A Glossary of Greek Birds</source>
                  <year>1936</year>
               </mixed-citation>
            </p>
         </fn>
         <fn id="d6857e517a1310">
            <label>10</label>
            <p>
               <mixed-citation id="d6857e524" publication-type="book">
Brunsdon Yapp, Birds in Medieval Manuscripts (London, 1981), 112.<person-group>
                     <string-name>
                        <surname>Yapp</surname>
                     </string-name>
                  </person-group>
                  <fpage>112</fpage>
                  <source>Birds in Medieval Manuscripts</source>
                  <year>1981</year>
               </mixed-citation>
            </p>
            <p>
               <mixed-citation id="d6857e548" publication-type="book">
Dictionary of Medieval Latin from British Sources (Oxford, 1975-)<source>Dictionary of Medieval Latin from British Sources</source>
                  <year>1975</year>
               </mixed-citation>
            </p>
            <p>
               <mixed-citation id="d6857e560" publication-type="journal">
Alexander Neckam, De Naturis Rerum 2.52<person-group>
                     <string-name>
                        <surname>Neckam</surname>
                     </string-name>
                  </person-group>
                  <issue>52</issue>
                  <volume>2</volume>
                  <source>De Naturis Rerum</source>
               </mixed-citation>
            </p>
         </fn>
         <fn id="d6857e586a1310">
            <label>11</label>
            <p>
               <mixed-citation id="d6857e593" publication-type="book">
BWP<source>BWP</source>
               </mixed-citation>
            </p>
         </fn>
      </fn-group>
   </back>
</article>
