<article xmlns:xsi="http://www.w3.org/2001/XMLSchema-instance"
         xmlns:xlink="http://www.w3.org/1999/xlink"
         xmlns:mml="http://www.w3.org/1998/Math/MathML"
         dtd-version="1.0"
         article-type="research-article">
   <front>
      <journal-meta>
         <journal-id journal-id-type="jstor">clasquar</journal-id>
         <journal-id journal-id-type="jstor">j100124</journal-id>
         <journal-title-group>
            <journal-title>The Classical Quarterly</journal-title>
         </journal-title-group>
         <publisher>
            <publisher-name>Oxford University Press</publisher-name>
         </publisher>
         <issn pub-type="ppub">00098388</issn>
         <issn pub-type="epub">14716844</issn>
      </journal-meta>
      <article-meta>
         <article-id pub-id-type="jstor">1558892</article-id>
         <title-group>
            <article-title>How the Shroud for Laertes Became the Robe of Odysseus</article-title>
         </title-group>
         <contrib-group>
            <contrib contrib-type="author">
               <string-name>
                  <given-names>William</given-names>
                  <surname>Whallon</surname>
               </string-name>
            </contrib>
         </contrib-group>
         <pub-date>
            <day>1</day>
            <month>1</month>
            <year>2000</year>
         </pub-date>
         <volume>50</volume>
         <issue>2</issue>
         <issue-id>i270093</issue-id>
         <fpage>331</fpage>
         <lpage>337</lpage>
         <page-range>331-337</page-range>
         <permissions>
            <copyright-statement>Copyright 2000 Oxford University Press</copyright-statement>
         </permissions>
         <self-uri xlink:href="http://www.jstor.org/stable/1558892"/>
         <custom-meta-group>
            <custom-meta>
               <meta-name>lang</meta-name>
               <meta-value>eng</meta-value>
            </custom-meta>
         </custom-meta-group>
      </article-meta>
   </front>
   <back>
      <fn-group>
         <title>[Footnotes]</title>
         <fn id="d6829e114a1310">
            <label>2</label>
            <p>
               <mixed-citation id="d6829e123" publication-type="book">
R. D. Dawe, The Odyssey, Translation and Ana(ysis (Sussex, 1993), notes on 24.147.<person-group>
                     <string-name>
                        <surname>Dawe</surname>
                     </string-name>
                  </person-group>
                  <comment content-type="section">The Odyssey</comment>
                  <source>Translation and Ana</source>
                  <year>1993</year>
               </mixed-citation>
            </p>
            <p>
               <mixed-citation id="d6829e147" publication-type="journal">
S. West, 'Laertes
Revisited', PCPhS 35 (1989), 113-43<person-group>
                     <string-name>
                        <surname>West</surname>
                     </string-name>
                  </person-group>
                  <fpage>113</fpage>
                  <volume>35</volume>
                  <source>PCPhS</source>
                  <year>1989</year>
               </mixed-citation>
            </p>
            <p>
               <mixed-citation id="d6829e179" publication-type="other">
Od. 23.296</mixed-citation>
            </p>
            <p>
               <mixed-citation id="d6829e185" publication-type="book">
B. Niese, Die Entwicklung der homerischen Poesie (Berlin, 1882), 47, see 38<person-group>
                     <string-name>
                        <surname>Niese</surname>
                     </string-name>
                  </person-group>
                  <fpage>47</fpage>
                  <source>Die Entwicklung der homerischen Poesie</source>
                  <year>1882</year>
               </mixed-citation>
            </p>
            <p>
               <mixed-citation id="d6829e209" publication-type="other">
II. 11.608 and 16.55-9</mixed-citation>
            </p>
            <p>
               <mixed-citation id="d6829e215" publication-type="journal">
G. P Goold, 'The nature of
Homeric composition', ICS 2 (1977), 10<person-group>
                     <string-name>
                        <surname>Goold</surname>
                     </string-name>
                  </person-group>
                  <fpage>10</fpage>
                  <volume>2</volume>
                  <source>ICS</source>
                  <year>1977</year>
               </mixed-citation>
            </p>
            <p>
               <mixed-citation id="d6829e246" publication-type="book">
D. Zalewski in Lingua França [Oct. 1997],
17-18.<person-group>
                     <string-name>
                        <surname>Zalewski</surname>
                     </string-name>
                  </person-group>
                  <fpage>17</fpage>
                  <source>Lingua França</source>
                  <year>1997</year>
               </mixed-citation>
            </p>
            <p>
               <mixed-citation id="d6829e274" publication-type="book">
Hermann J. Weigand, 'Hamlet's consistent inconsistency', in Herbert M. Schueller
(ed.), The Persistence of Shakespeare Idolatry (Detroit, 1964), 137-72<person-group>
                     <string-name>
                        <surname>Weigand</surname>
                     </string-name>
                  </person-group>
                  <comment content-type="section">Hamlet's consistent inconsistency</comment>
                  <fpage>137</fpage>
                  <source>The Persistence of Shakespeare Idolatry</source>
                  <year>1964</year>
               </mixed-citation>
            </p>
         </fn>
         <fn id="d6829e306a1310">
            <label>3</label>
            <p>
               <mixed-citation id="d6829e313" publication-type="journal">
Richard Janko, 'The Homeric poems as oral
dictated texts', CQ 48 (1998), 1-13<object-id pub-id-type="jstor">10.2307/639747</object-id>
                  <fpage>1</fpage>
               </mixed-citation>
            </p>
            <p>
               <mixed-citation id="d6829e328" publication-type="other">
([n. 2], 873)</mixed-citation>
            </p>
         </fn>
         <fn id="d6829e335a1310">
            <label>4</label>
            <p>
               <mixed-citation id="d6829e342" publication-type="book">
J. B. Segal, The Hebrew Passover (London, 1963), 95-106<person-group>
                     <string-name>
                        <surname>Segal</surname>
                     </string-name>
                  </person-group>
                  <fpage>95</fpage>
                  <source>The Hebrew Passover</source>
                  <year>1963</year>
               </mixed-citation>
            </p>
         </fn>
         <fn id="d6829e367a1310">
            <label>5</label>
            <p>
               <mixed-citation id="d6829e374" publication-type="journal">
E. Wüst in RE 19.1: 461<person-group>
                     <string-name>
                        <surname>Wüst</surname>
                     </string-name>
                  </person-group>
                  <fpage>19</fpage>
                  <source>Re</source>
               </mixed-citation>
            </p>
            <p>
               <mixed-citation id="d6829e395" publication-type="book">
L. P. Rank, Etymologiseering en verwante verschijnselen bij Homerus (Assen, 1951), 66<person-group>
                     <string-name>
                        <surname>Rank</surname>
                     </string-name>
                  </person-group>
                  <fpage>66</fpage>
                  <source>Etymologiseering en verwante verschijnselen bij Homerus</source>
                  <year>1951</year>
               </mixed-citation>
            </p>
         </fn>
         <fn id="d6829e421a1310">
            <label>6</label>
            <p>
               <mixed-citation id="d6829e428" publication-type="book">
M. L. West, ed. Hesiod, Works and Days (Oxford, 1978), 368-9<person-group>
                     <string-name>
                        <surname>West</surname>
                     </string-name>
                  </person-group>
                  <fpage>368</fpage>
                  <source>Works and Days</source>
                  <year>1978</year>
               </mixed-citation>
            </p>
         </fn>
         <fn id="d6829e453a1310">
            <label>7</label>
            <p>
               <mixed-citation id="d6829e460" publication-type="book">
H. Düntzer, Die homerischen Beiwörter des Götter- und Menschengeschlechts (Göttingen,
1859), 7<person-group>
                     <string-name>
                        <surname>Düntzer</surname>
                     </string-name>
                  </person-group>
                  <fpage>7</fpage>
                  <source>Die homerischen Beiwörter des Götter- und Menschengeschlechts</source>
                  <year>1859</year>
               </mixed-citation>
            </p>
            <p>
               <mixed-citation id="d6829e488" publication-type="book">
Parry-L'Epithète traditionnelle dans Homère (Paris, 1928), see esp. 50-1-<person-group>
                     <string-name>
                        <surname>Parry</surname>
                     </string-name>
                  </person-group>
                  <source>Epithète traditionnelle dans Homère</source>
                  <year>1928</year>
               </mixed-citation>
            </p>
            <p>
               <mixed-citation id="d6829e509" publication-type="journal">
A. Heubeck in Gymnasium 89 (1982), 420<person-group>
                     <string-name>
                        <surname>Heubeck</surname>
                     </string-name>
                  </person-group>
                  <fpage>420</fpage>
                  <volume>89</volume>
                  <source>Gymnasium</source>
                  <year>1982</year>
               </mixed-citation>
            </p>
         </fn>
         <fn id="d6829e538a1310">
            <label>8</label>
            <p>
               <mixed-citation id="d6829e545" publication-type="journal">
G. Tayler, 'Some notes on the Homeric shield', CR 27 (1913), 222.<object-id pub-id-type="jstor">10.2307/697476</object-id>
                  <fpage>222</fpage>
               </mixed-citation>
            </p>
         </fn>
      </fn-group>
   </back>
</article>
