<article xmlns:xsi="http://www.w3.org/2001/XMLSchema-instance"
         xmlns:xlink="http://www.w3.org/1999/xlink"
         xmlns:mml="http://www.w3.org/1998/Math/MathML"
         dtd-version="1.0"
         article-type="research-article">
   <front>
      <journal-meta>
         <journal-id journal-id-type="jstor">clasquar</journal-id>
         <journal-id journal-id-type="jstor">j100124</journal-id>
         <journal-title-group>
            <journal-title>The Classical Quarterly</journal-title>
         </journal-title-group>
         <publisher>
            <publisher-name>Oxford University Press</publisher-name>
         </publisher>
         <issn pub-type="ppub">00098388</issn>
         <issn pub-type="epub">14716844</issn>
      </journal-meta>
      <article-meta>
         <article-id pub-id-type="jstor">1558903</article-id>
         <title-group>
            <article-title>Flaccus</article-title>
         </title-group>
         <contrib-group>
            <contrib contrib-type="author">
               <string-name>
                  <given-names>Holt N.</given-names>
                  <surname>Parker</surname>
               </string-name>
            </contrib>
         </contrib-group>
         <pub-date>
            <day>1</day>
            <month>1</month>
            <year>2000</year>
         </pub-date>
         <volume>50</volume>
         <issue>2</issue>
         <issue-id>i270093</issue-id>
         <fpage>455</fpage>
         <lpage>462</lpage>
         <page-range>455-462</page-range>
         <permissions>
            <copyright-statement>Copyright 2000 Oxford University Press</copyright-statement>
         </permissions>
         <self-uri xlink:href="http://www.jstor.org/stable/1558903"/>
         <custom-meta-group>
            <custom-meta>
               <meta-name>lang</meta-name>
               <meta-value>eng</meta-value>
            </custom-meta>
         </custom-meta-group>
      </article-meta>
   </front>
   <back>
      <fn-group>
         <title>[Footnotes]</title>
         <fn id="d6850e114a1310">
            <p>
               <mixed-citation id="d6850e118" publication-type="journal">
William Fitzgerald, 'Power and impotence in Horace's Epodes', Ramus 17 (1988), 176-91 at
190, n. 7<person-group>
                     <string-name>
                        <surname>Fitzgerald</surname>
                     </string-name>
                  </person-group>
                  <fpage>176</fpage>
                  <volume>17</volume>
                  <source>Ramus</source>
                  <year>1988</year>
               </mixed-citation>
            </p>
            <p>
               <mixed-citation id="d6850e149" publication-type="journal">
Charles L. Babcock, 'Si certus intrarit dolor. A reconsideration of Horace's Fifteenth
Epode', AJPh 87 (1966), 413<object-id pub-id-type="doi">10.2307/292753</object-id>
                  <fpage>413</fpage>
               </mixed-citation>
            </p>
            <p>
               <mixed-citation id="d6850e164" publication-type="book">
Alberto Cavarzere, Orazio: II libro degli epodi (Venice, 1992),
215-16<person-group>
                     <string-name>
                        <surname>Cavarzere</surname>
                     </string-name>
                  </person-group>
                  <fpage>215</fpage>
                  <source>Orazio: II libro degli epodi</source>
                  <year>1992</year>
               </mixed-citation>
            </p>
            <p>
               <mixed-citation id="d6850e192" publication-type="book">
David Mankin, Horace: Epodes (Cambridge, 1995), 239-40<person-group>
                     <string-name>
                        <surname>Mankin</surname>
                     </string-name>
                  </person-group>
                  <fpage>239</fpage>
                  <source>Horace: Epodes</source>
                  <year>1995</year>
               </mixed-citation>
            </p>
            <p>
               <mixed-citation id="d6850e217" publication-type="book">
Müller, Q. Horatius Flaccus. Oden und Epoden [St Petersburg/Leipzig, 1900], 11.462<person-group>
                     <string-name>
                        <surname>Müller</surname>
                     </string-name>
                  </person-group>
                  <fpage>462</fpage>
                  <volume>11</volume>
                  <source>Q. Horatius Flaccus. Oden und Epoden</source>
                  <year>1900</year>
               </mixed-citation>
            </p>
            <p>
               <mixed-citation id="d6850e245" publication-type="book">
L. C. Watson, 'Horace's Epodes: the impotence of iambos?', in S. J. Harrison (ed.), Homage to
Horace.- A Bimillenary Celebration (Oxford, 1995), 188, n. 3, 195<person-group>
                     <string-name>
                        <surname>Watson</surname>
                     </string-name>
                  </person-group>
                  <comment content-type="section">Horace's Epodes: the impotence of iambos?</comment>
                  <fpage>188</fpage>
                  <source>Homage to Horace.- A Bimillenary Celebration</source>
                  <year>1995</year>
               </mixed-citation>
            </p>
            <p>
               <mixed-citation id="d6850e276" publication-type="book">
D. West, Horace. The Complete
Odes and Epodes (Oxford, 1997), 138.<person-group>
                     <string-name>
                        <surname>West</surname>
                     </string-name>
                  </person-group>
                  <fpage>138</fpage>
                  <source>Horace. The Complete Odes and Epodes</source>
                  <year>1997</year>
               </mixed-citation>
            </p>
         </fn>
         <fn id="d6850e305a1310">
            <label>2</label>
            <p>
               <mixed-citation id="d6850e312" publication-type="book">
Chris-
toph W. Mitscherlich, Q. Horatü Flacci Opera (Leipzig, 1800), 600<person-group>
                     <string-name>
                        <surname>Mitscherlich</surname>
                     </string-name>
                  </person-group>
                  <fpage>600</fpage>
                  <source>Q. Horatü Flacci Opera</source>
                  <year>1800</year>
               </mixed-citation>
            </p>
         </fn>
         <fn id="d6850e341a1310">
            <label>3</label>
            <p>
               <mixed-citation id="d6850e348" publication-type="book">
Adolf Kiessling, Q. Horatius Flaccus: Oden und Epoden (Berlin, 1884), 417 ad Epod. 15.12<person-group>
                     <string-name>
                        <surname>Kiessling</surname>
                     </string-name>
                  </person-group>
                  <fpage>417</fpage>
                  <source>Q. Horatius Flaccus: Oden und Epoden</source>
                  <year>1884</year>
               </mixed-citation>
            </p>
            <p>
               <mixed-citation id="d6850e372" publication-type="book">
Adolf Kiessling and Richard Heinze, Q. Horatius Flaccus: Oden und
Epoden (Berlin, 1914), 559<person-group>
                     <string-name>
                        <surname>Kiessling</surname>
                     </string-name>
                  </person-group>
                  <fpage>559</fpage>
                  <source>Q. Horatius Flaccus: Oden und Epoden</source>
                  <year>1914</year>
               </mixed-citation>
            </p>
            <p>
               <mixed-citation id="d6850e400" publication-type="book">
Bedeutung von flaccus "schlaff'<person-group>
                     <string-name>
                        <surname>Bedeutung</surname>
                     </string-name>
                  </person-group>
                  <comment content-type="section">schlaff</comment>
                  <source>Flaccus</source>
               </mixed-citation>
            </p>
            <p>
               <mixed-citation id="d6850e422" publication-type="journal">
Bedeutung des Wortes lÄngst
auf "schlappohrig" eingeengt, was mit demissae auriculae (sat. 19, 20)<person-group>
                     <string-name>
                        <surname>Wortes</surname>
                     </string-name>
                  </person-group>
                  <fpage>20</fpage>
                  <volume>19</volume>
                  <source>demissae auriculae (sat.</source>
               </mixed-citation>
            </p>
            <p>
               <mixed-citation id="d6850e450" publication-type="partial">
9th edn, 1958, 554</mixed-citation>
            </p>
            <p>
               <mixed-citation id="d6850e456" publication-type="book">
Robert W
Carrubba, The Epodes of Horace. A Study in Poetic Arrangement (The Hague, 1969), 76 and n.
114: 'perhaps'<person-group>
                     <string-name>
                        <surname>Carrubba</surname>
                     </string-name>
                  </person-group>
                  <fpage>76</fpage>
                  <source>The Epodes of Horace. A Study in Poetic Arrangement</source>
                  <year>1969</year>
               </mixed-citation>
            </p>
            <p>
               <mixed-citation id="d6850e487" publication-type="journal">
Nicholas Horsfall, 'Three notes on Horace's Epodes', Philol 117 (1977),
137-8<person-group>
                     <string-name>
                        <surname>Horsfall</surname>
                     </string-name>
                  </person-group>
                  <fpage>137</fpage>
                  <volume>117</volume>
                  <source>Philol</source>
                  <year>1977</year>
               </mixed-citation>
            </p>
         </fn>
         <fn id="d6850e519a1310">
            <label>4</label>
            <p>
               <mixed-citation id="d6850e526" publication-type="book">
Alfred Ernout and Antoine Meillet, Dictionnaire etymologique de
la langue latine (Paris, 1967), 237<person-group>
                     <string-name>
                        <surname>Ernout</surname>
                     </string-name>
                  </person-group>
                  <fpage>237</fpage>
                  <source>Dictionnaire etymologique de la langue latine</source>
                  <year>1967</year>
               </mixed-citation>
            </p>
            <p>
               <mixed-citation id="d6850e554" publication-type="book">
Walde and J. B. Hofmann, Lateinisches etymologisches
Wörterbuch (Heidelberg, 1956), 507-8<person-group>
                     <string-name>
                        <surname>Walde</surname>
                     </string-name>
                  </person-group>
                  <fpage>507</fpage>
                  <source>Lateinisches etymologisches Wörterbuch</source>
                  <year>1956</year>
               </mixed-citation>
            </p>
         </fn>
         <fn id="d6850e584a1310">
            <label>5</label>
            <p>
               <mixed-citation id="d6850e591" publication-type="book">
Watson (n. 1), 188, n. 3  <fpage>188</fpage>
               </mixed-citation>
            </p>
            <p>
               <mixed-citation id="d6850e602" publication-type="book">
Kiessling and Heinze, n. 3  </mixed-citation>
            </p>
         </fn>
         <fn id="d6850e611a1310">
            <label>6</label>
            <p>
               <mixed-citation id="d6850e618" publication-type="partial">
Pliny below</mixed-citation>
            </p>
         </fn>
         <fn id="d6850e625a1310">
            <label>7</label>
            <p>
               <mixed-citation id="d6850e632" publication-type="book">
Arthur Stanley Pease, Cicero. De Natura Deorum (Cambridge, MA, 1955), 1.410<person-group>
                     <string-name>
                        <surname>Pease</surname>
                     </string-name>
                  </person-group>
                  <fpage>410</fpage>
                  <volume>1</volume>
                  <source>Cicero. De Natura Deorum</source>
                  <year>1955</year>
               </mixed-citation>
            </p>
         </fn>
         <fn id="d6850e661a1310">
            <label>8</label>
            <p>
               <mixed-citation id="d6850e668" publication-type="journal">
Soflaccidus: Colum. 6.30.5<issue>30</issue>
                  <fpage>5</fpage>
                  <volume>6</volume>
                  <source>Colum.</source>
               </mixed-citation>
            </p>
            <p>
               <mixed-citation id="d6850e686" publication-type="journal">
Plin. N.H. 8.205<fpage>205</fpage>
                  <volume>8</volume>
                  <source>Plin. N.H.</source>
               </mixed-citation>
            </p>
            <p>
               <mixed-citation id="d6850e701" publication-type="journal">
Veg. Mulom. 1.1.2<issue>1</issue>
                  <fpage>2</fpage>
                  <volume>1</volume>
                  <source>Veg. Mulom.</source>
               </mixed-citation>
            </p>
            <p>
               <mixed-citation id="d6850e720" publication-type="journal">
Paul. Fest. 231 (Lindsay):
'Plauti appellantur canes, quorum aures languidae sunt ac flaccidae et latius videntur patere'<volume>231</volume>
                  <source>Paul. Fest.</source>
               </mixed-citation>
            </p>
            <p>
               <mixed-citation id="d6850e735" publication-type="journal">
Plin. NH. 15.127<fpage>127</fpage>
                  <volume>15</volume>
                  <source>Plin. NH.</source>
               </mixed-citation>
            </p>
            <p>
               <mixed-citation id="d6850e750" publication-type="journal">
Apul. Socr. prol., Met. 7.8<fpage>8</fpage>
                  <volume>7</volume>
                  <source>Apul. Socr. prol., Met.</source>
               </mixed-citation>
            </p>
            <p>
               <mixed-citation id="d6850e765" publication-type="journal">
Lucr. 5.632<fpage>632</fpage>
                  <volume>5</volume>
                  <source>Lucr.</source>
               </mixed-citation>
            </p>
            <p>
               <mixed-citation id="d6850e780" publication-type="journal">
Flacceo: Lact. Orif. 8.8<fpage>8</fpage>
                  <volume>8</volume>
                  <source>Lact. Orif.</source>
               </mixed-citation>
            </p>
            <p>
               <mixed-citation id="d6850e795" publication-type="journal">
Accius Trag. 3<fpage>3</fpage>
                  <source>Accius Trag.</source>
               </mixed-citation>
            </p>
            <p>
               <mixed-citation id="d6850e808" publication-type="journal">
Afran. Com. 65<fpage>65</fpage>
                  <source>Afran. Com.</source>
               </mixed-citation>
            </p>
            <p>
               <mixed-citation id="d6850e820" publication-type="journal">
Apul. Apol. 25<fpage>25</fpage>
                  <source>Apul. Apol.</source>
               </mixed-citation>
            </p>
            <p>
               <mixed-citation id="d6850e832" publication-type="journal">
Cic.
Q.F. 2.14.4<fpage>4</fpage>
                  <volume>2</volume>
                  <source>Cic. Q.F.</source>
               </mixed-citation>
            </p>
            <p>
               <mixed-citation id="d6850e850" publication-type="journal">
Flaccesco: Colum. 12.7.4-5<fpage>4</fpage>
                  <volume>12</volume>
                  <source>Flaccesco: Colum.</source>
               </mixed-citation>
            </p>
            <p>
               <mixed-citation id="d6850e865" publication-type="journal">
Vitr. 2.9.2<issue>9</issue>
                  <volume>2</volume>
                  <source>Vitr.</source>
               </mixed-citation>
            </p>
            <p>
               <mixed-citation id="d6850e880" publication-type="journal">
Cic.
Brut. 93<fpage>93</fpage>
                  <source>Cic. Brut.</source>
               </mixed-citation>
            </p>
            <p>
               <mixed-citation id="d6850e896" publication-type="journal">
Pacuv. trag. 77<fpage>77</fpage>
                  <source>Pacuv. trag.</source>
               </mixed-citation>
            </p>
         </fn>
         <fn id="d6850e909a1310">
            <label>9</label>
            <p>
               <mixed-citation id="d6850e916" publication-type="journal">
Non. 157<fpage>157</fpage>
                  <source>Non.</source>
               </mixed-citation>
            </p>
            <p>
               <mixed-citation id="d6850e928" publication-type="book">
flaccet: languet, deficit. Lucilius lib. VII: "hic est Macedo,
si Agriont longius flaccet<source>Flaccet: languet, deficit. Lucilius lib. VII: "hic est Macedo, si Agriont longius flaccet</source>
               </mixed-citation>
            </p>
            <p>
               <mixed-citation id="d6850e940" publication-type="other">
Lucil. 275 Marx = 294 Krenke</mixed-citation>
            </p>
         </fn>
         <fn id="d6850e947a1310">
            <label>"0</label>
            <p>
               <mixed-citation id="d6850e954" publication-type="other">
11.27.1</mixed-citation>
            </p>
            <p>
               <mixed-citation id="d6850e960" publication-type="book">
ferreus es, si stare potest tibi mentula, Flacce<source>Ferreus es, si stare potest tibi mentula, Flacce</source>
               </mixed-citation>
            </p>
            <p>
               <mixed-citation id="d6850e969" publication-type="book">
D. R. Shackleton Bailey, Martial: Epigrams
(Cambridge, MA, 1993) rightly does not even bother to translate it in 1.59.4<person-group>
                     <string-name>
                        <surname>Bailey</surname>
                     </string-name>
                  </person-group>
                  <fpage>59</fpage>
                  <volume>1</volume>
                  <source>Martial: Epigrams</source>
                  <year>1993</year>
               </mixed-citation>
            </p>
            <p>
               <mixed-citation id="d6850e1001" publication-type="other">
7.82, 9.33</mixed-citation>
            </p>
            <p>
               <mixed-citation id="d6850e1007" publication-type="other">
1.76, 8.45, 9.55, 9.90, 10.48</mixed-citation>
            </p>
            <p>
               <mixed-citation id="d6850e1013" publication-type="book">
Peter Howell, A Commentary on Book One of the Epigrams
of Martial (London, 1980), 242-3<person-group>
                     <string-name>
                        <surname>Howell</surname>
                     </string-name>
                  </person-group>
                  <fpage>242</fpage>
                  <source>A Commentary on Book One of the Epigrams of Martial</source>
                  <year>1980</year>
               </mixed-citation>
            </p>
         </fn>
         <fn id="d6850e1043a1310">
            <label>11</label>
            <p>
               <mixed-citation id="d6850e1050" publication-type="book">
Anthony Corbeill, Controlling Laughter: Political Humor in the Late Roman Republic
(Princeton, 1996), 57-98.<person-group>
                     <string-name>
                        <surname>Corbeill</surname>
                     </string-name>
                  </person-group>
                  <fpage>57</fpage>
                  <source>Controlling Laughter: Political Humor in the Late Roman Republic</source>
                  <year>1996</year>
               </mixed-citation>
            </p>
         </fn>
         <fn id="d6850e1079a1310">
            <label>12</label>
            <p>
               <mixed-citation id="d6850e1086" publication-type="book">
Corbeill (n. 11), 57  <fpage>57</fpage>
               </mixed-citation>
            </p>
            <p>
               <mixed-citation id="d6850e1097" publication-type="book">
Iiro Kajanto, The Latin Cognomina (Helsinki,
1965)<person-group>
                     <string-name>
                        <surname>Kajanto</surname>
                     </string-name>
                  </person-group>
                  <source>The Latin Cognomina</source>
                  <year>1965</year>
               </mixed-citation>
            </p>
         </fn>
         <fn id="d6850e1122a1310">
            <label>'1</label>
            <p>
               <mixed-citation id="d6850e1129" publication-type="book">
Metaformations (Ithaca, NY, 1985)<source>Metaformations</source>
                  <year>1985</year>
               </mixed-citation>
            </p>
            <p>
               <mixed-citation id="d6850e1141" publication-type="book">
Cavarzere (n. 1), 216  <fpage>216</fpage>
               </mixed-citation>
            </p>
            <p>
               <mixed-citation id="d6850e1152" publication-type="book">
Fasti 5.375-7<fpage>375</fpage>
                  <volume>5</volume>
                  <source>Fasti</source>
               </mixed-citation>
            </p>
         </fn>
         <fn id="d6850e1168a1310">
            <label>14</label>
            <p>
               <mixed-citation id="d6850e1175" publication-type="book">
Julia Haig Gaisser, Catullus and his Renaissance
Readers (Oxford, 1993), 242-3<person-group>
                     <string-name>
                        <surname>Gaisser</surname>
                     </string-name>
                  </person-group>
                  <fpage>242</fpage>
                  <source>Catullus and his Renaissance Readers</source>
                  <year>1993</year>
               </mixed-citation>
            </p>
            <p>
               <mixed-citation id="d6850e1203" publication-type="journal">
E. N. Genovese, 'Symbolism in
the passer poems', Maia 26 (1974), 212-15<person-group>
                     <string-name>
                        <surname>Genovese</surname>
                     </string-name>
                  </person-group>
                  <fpage>212</fpage>
                  <volume>26</volume>
                  <source>Maia</source>
                  <year>1974</year>
               </mixed-citation>
            </p>
            <p>
               <mixed-citation id="d6850e1234" publication-type="journal">
G. Giangrande, 'Catullus' lyrics on the passer',
MPhL 1 (1975), 137-46<person-group>
                     <string-name>
                        <surname>Giangrande</surname>
                     </string-name>
                  </person-group>
                  <fpage>137</fpage>
                  <volume>1</volume>
                  <source>MPhL</source>
                  <year>1975</year>
               </mixed-citation>
            </p>
            <p>
               <mixed-citation id="d6850e1266" publication-type="journal">
Robert J. Littman, 'The unguent of Venus', Latomus 36
(1977), 123-8<person-group>
                     <string-name>
                        <surname>Littman</surname>
                     </string-name>
                  </person-group>
                  <fpage>123</fpage>
                  <volume>36</volume>
                  <source>Latomus</source>
                  <year>1977</year>
               </mixed-citation>
            </p>
            <p>
               <mixed-citation id="d6850e1297" publication-type="journal">
Judith P. Hallett, 'Divine unction: some further thoughts on Catullus 13', Latomus
37 (1978), 747-8<person-group>
                     <string-name>
                        <surname>Hallett</surname>
                     </string-name>
                  </person-group>
                  <fpage>747</fpage>
                  <volume>37</volume>
                  <source>Latomus</source>
                  <year>1978</year>
               </mixed-citation>
            </p>
            <p>
               <mixed-citation id="d6850e1328" publication-type="journal">
R. S. Kilpatrick, 'Nam ungentum dabo: Catullus 13 and
Servius' note on Phaon (Aeneid 3.279)', CQ 48 (1998), 303-5<object-id pub-id-type="jstor">10.2307/639775</object-id>
                  <fpage>303</fpage>
               </mixed-citation>
            </p>
         </fn>
         <fn id="d6850e1344a1310">
            <label>15</label>
            <p>
               <mixed-citation id="d6850e1351" publication-type="journal">
H. D. Jocelyn, 'On some unnecessarily indecent interpretations of Catullus 2 and 3', AJP
101 (1980), 421-41<object-id pub-id-type="doi">10.2307/293667</object-id>
                  <fpage>421</fpage>
               </mixed-citation>
            </p>
            <p>
               <mixed-citation id="d6850e1366" publication-type="book">
J. N. Adams, The Latin Sexual Vocabulary (Baltimore, 1982), 32-3<person-group>
                     <string-name>
                        <surname>Adams</surname>
                     </string-name>
                  </person-group>
                  <fpage>32</fpage>
                  <source>The Latin Sexual Vocabulary</source>
                  <year>1982</year>
               </mixed-citation>
            </p>
            <p>
               <mixed-citation id="d6850e1390" publication-type="book">
D. F S.
Thomson, Catullus (Toronto, 1997), 202-3<person-group>
                     <string-name>
                        <surname>Thomson</surname>
                     </string-name>
                  </person-group>
                  <fpage>202</fpage>
                  <source>Catullus</source>
                  <year>1997</year>
               </mixed-citation>
            </p>
            <p>
               <mixed-citation id="d6850e1419" publication-type="journal">
J. W. Jones, 'Catullus' passer as passer', G&amp;R 45
(1998), 188-94<person-group>
                     <string-name>
                        <surname>Jones</surname>
                     </string-name>
                  </person-group>
                  <fpage>188</fpage>
                  <volume>45</volume>
                  <source>G&amp;R</source>
                  <year>1998</year>
               </mixed-citation>
            </p>
         </fn>
         <fn id="d6850e1451a1310">
            <label>'6</label>
            <p>
               <mixed-citation id="d6850e1458" publication-type="journal">
Yvan Nadeau, 'O passer nequam (Catullus 2, 3)', Latomus 39 (1980), 879-80<person-group>
                     <string-name>
                        <surname>Nadeau</surname>
                     </string-name>
                  </person-group>
                  <fpage>879</fpage>
                  <volume>39</volume>
                  <source>Latomus</source>
                  <year>1980</year>
               </mixed-citation>
            </p>
            <p>
               <mixed-citation id="d6850e1486" publication-type="journal">
id.,
'Catullus' sparrow, Martial, Juvenal, and Ovid', Latomus 43 (1984), 861-8<fpage>861</fpage>
                  <volume>43</volume>
                  <source>Latomus</source>
                  <year>1984</year>
               </mixed-citation>
            </p>
            <p>
               <mixed-citation id="d6850e1508" publication-type="journal">
Richard W. Hooper,
'In defence of Catullus' dirty sparrow', G&amp;R 32 (1985), 162-78<person-group>
                     <string-name>
                        <surname>Hooper</surname>
                     </string-name>
                  </person-group>
                  <fpage>162</fpage>
                  <volume>32</volume>
                  <source>G&amp;R</source>
                  <year>1985</year>
               </mixed-citation>
            </p>
            <p>
               <mixed-citation id="d6850e1540" publication-type="book">
Micaela Jana, 'When the Lamp is
Shattered': Desire and Narrative in Catullus (Carbondale/Edwardsville, 1994), 46-50<person-group>
                     <string-name>
                        <surname>Jana</surname>
                     </string-name>
                  </person-group>
                  <fpage>46</fpage>
                  <source>When the Lamp is Shattered': Desire and Narrative in Catullus</source>
                  <year>1994</year>
               </mixed-citation>
            </p>
         </fn>
         <fn id="d6850e1570a1310">
            <label>17</label>
            <p>
               <mixed-citation id="d6850e1577" publication-type="book">
Even redende Namen soon cease to be redende<source>Even redende Namen soon cease to be redende</source>
               </mixed-citation>
            </p>
         </fn>
         <fn id="d6850e1587a1310">
            <label>8</label>
            <p>
               <mixed-citation id="d6850e1594" publication-type="journal">
Jocelyn (n. 15), 426  <fpage>426</fpage>
               </mixed-citation>
            </p>
         </fn>
         <fn id="d6850e1606a1310">
            <label>19</label>
            <p>
               <mixed-citation id="d6850e1613" publication-type="book">
R. H. Robbins, Secular Lyrics of the XIVth and XVth Centuries (Oxford, 1952), no. 46, 41-42
(Index 1299)<person-group>
                     <string-name>
                        <surname>Robbins</surname>
                     </string-name>
                  </person-group>
                  <fpage>46</fpage>
                  <source>Secular Lyrics of the XIVth and XVth Centuries</source>
                  <year>1952</year>
               </mixed-citation>
            </p>
            <p>
               <mixed-citation id="d6850e1641" publication-type="other">
B.M. Sloane 2593</mixed-citation>
            </p>
         </fn>
         <fn id="d6850e1648a1310">
            <label>20</label>
            <p>
               <mixed-citation id="d6850e1655" publication-type="journal">
OED, s.v. 'cock' sb.1, entries 12a and 20<source>OED</source>
               </mixed-citation>
            </p>
            <p>
               <mixed-citation id="d6850e1664" publication-type="other">
first attested in 1618</mixed-citation>
            </p>
         </fn>
         <fn id="d6850e1671a1310">
            <label>21</label>
            <p>
               <mixed-citation id="d6850e1678" publication-type="book">
Watson (n. 1), 195  <fpage>195</fpage>
               </mixed-citation>
            </p>
            <p>
               <mixed-citation id="d6850e1689" publication-type="book">
Mankin (n. 1), 241  <fpage>241</fpage>
               </mixed-citation>
            </p>
            <p>
               <mixed-citation id="d6850e1700" publication-type="journal">
Lucr. 4.1067 does not-show this<fpage>1067</fpage>
                  <volume>4</volume>
                  <source>Lucr.</source>
               </mixed-citation>
            </p>
            <p>
               <mixed-citation id="d6850e1716" publication-type="journal">
OLD 3<fpage>3</fpage>
                  <source>OLD</source>
               </mixed-citation>
            </p>
         </fn>
         <fn id="d6850e1729a1310">
            <label>22</label>
            <p>
               <mixed-citation id="d6850e1736" publication-type="journal">
Babcock (n. 1), 414.  <fpage>414</fpage>
               </mixed-citation>
            </p>
            <p>
               <mixed-citation id="d6850e1747" publication-type="journal">
Epod. 12.15<fpage>15</fpage>
                  <volume>12</volume>
                  <source>Epod.</source>
               </mixed-citation>
            </p>
            <p>
               <mixed-citation id="d6850e1762" publication-type="journal">
Odes 3.9.2<fpage>2</fpage>
                  <volume>3</volume>
                  <source>Odes</source>
               </mixed-citation>
            </p>
            <p>
               <mixed-citation id="d6850e1778" publication-type="other">
4.1.17</mixed-citation>
            </p>
            <p>
               <mixed-citation id="d6850e1784" publication-type="book">
potentior<source>Potentior</source>
               </mixed-citation>
            </p>
            <p>
               <mixed-citation id="d6850e1793" publication-type="other">
4.10.1</mixed-citation>
            </p>
            <p>
               <mixed-citation id="d6850e1799" publication-type="book">
potens<source>Potens</source>
               </mixed-citation>
            </p>
            <p>
               <mixed-citation id="d6850e1808" publication-type="other">
lines 17-22</mixed-citation>
            </p>
            <p>
               <mixed-citation id="d6850e1814" publication-type="book">
Mankin (n. 1, ad loc.)  </mixed-citation>
            </p>
            <p>
               <mixed-citation id="d6850e1823" publication-type="journal">
Sat.
2.5.76<fpage>76</fpage>
                  <volume>2</volume>
                  <source>Sat.</source>
               </mixed-citation>
            </p>
            <p>
               <mixed-citation id="d6850e1841" publication-type="journal">
Ep. 1.5.27<fpage>27</fpage>
                  <volume>1</volume>
                  <source>Ep.</source>
               </mixed-citation>
            </p>
            <p>
               <mixed-citation id="d6850e1856" publication-type="journal">
P1. Men. 359<fpage>359</fpage>
                  <source>P1. Men.</source>
               </mixed-citation>
            </p>
            <p>
               <mixed-citation id="d6850e1868" publication-type="journal">
Ter. Ph. 533<fpage>533</fpage>
                  <source>Ter. Ph.</source>
               </mixed-citation>
            </p>
            <p>
               <mixed-citation id="d6850e1880" publication-type="journal">
impar in Epod. 11.18<fpage>18</fpage>
                  <volume>11</volume>
                  <source>impar in Epod.</source>
               </mixed-citation>
            </p>
         </fn>
         <fn id="d6850e1897a1310">
            <label>23</label>
            <p>
               <mixed-citation id="d6850e1904" publication-type="book">
Kiessling and Heinze (n. 3), 544  <fpage>544</fpage>
               </mixed-citation>
            </p>
            <p>
               <mixed-citation id="d6850e1915" publication-type="book">
Victor Grassmann, Die erotischen Epoden des
Horaz (Munich, 1966), 153<person-group>
                     <string-name>
                        <surname>Grassmann</surname>
                     </string-name>
                  </person-group>
                  <fpage>153</fpage>
                  <source>Die erotischen Epoden des Horaz</source>
                  <year>1966</year>
               </mixed-citation>
            </p>
            <p>
               <mixed-citation id="d6850e1943" publication-type="journal">
flaccus: n. 70<source>flaccus:</source>
               </mixed-citation>
            </p>
            <p>
               <mixed-citation id="d6850e1953" publication-type="book">
Henri Hierche, Les Epodes
d'Horace: art et signification (Brussels, 1974), 136 (cf. 112, 159)<person-group>
                     <string-name>
                        <surname>Hierche</surname>
                     </string-name>
                  </person-group>
                  <fpage>136</fpage>
                  <source>Les Epodes d'Horace: art et signification</source>
                  <year>1974</year>
               </mixed-citation>
            </p>
            <p>
               <mixed-citation id="d6850e1981" publication-type="book">
Cavarzere (n. 1), 215-16  </mixed-citation>
            </p>
            <p>
               <mixed-citation id="d6850e1989" publication-type="journal">
Cat. 8<fpage>8</fpage>
                  <source>Cat.</source>
               </mixed-citation>
            </p>
         </fn>
         <fn id="d6850e2002a1310">
            <label>24</label>
            <p>
               <mixed-citation id="d6850e2009" publication-type="journal">
So Fitzgerald (n. 1), 190, n. 7  <fpage>190</fpage>
               </mixed-citation>
            </p>
         </fn>
         <fn id="d6850e2021a1310">
            <label>25</label>
            <p>
               <mixed-citation id="d6850e2028" publication-type="other">
Kiessling and Heinze (n. 3)</mixed-citation>
            </p>
            <p>
               <mixed-citation id="d6850e2034" publication-type="other">
Grassmann (n. 23)</mixed-citation>
            </p>
            <p>
               <mixed-citation id="d6850e2040" publication-type="book">
Eduard Norden, P Vergilius
Maro: Aeneis Buch VI 3 (1927; repr. Stuttgart, 1995)<person-group>
                     <string-name>
                        <surname>Norden</surname>
                     </string-name>
                  </person-group>
                  <source>P Vergilius Maro: Aeneis Buch VI 3</source>
                  <year>1995</year>
               </mixed-citation>
            </p>
            <p>
               <mixed-citation id="d6850e2065" publication-type="journal">
Aen. 6.510<fpage>510</fpage>
                  <volume>6</volume>
                  <source>Aen.</source>
               </mixed-citation>
            </p>
         </fn>
         <fn id="d6850e2081a1310">
            <label>26</label>
            <p>
               <mixed-citation id="d6850e2088" publication-type="journal">
Babcock (n. 1), 410.  </mixed-citation>
            </p>
         </fn>
         <fn id="d6850e2097a1310">
            <label>27</label>
            <p>
               <mixed-citation id="d6850e2104" publication-type="journal">
Ov. Am. 3.7<fpage>7</fpage>
                  <volume>3</volume>
                  <source>Ov. Am.</source>
               </mixed-citation>
            </p>
            <p>
               <mixed-citation id="d6850e2119" publication-type="journal">
Tib. 1.5.39-44<fpage>39</fpage>
                  <volume>1</volume>
                  <source>Tib.</source>
               </mixed-citation>
            </p>
            <p>
               <mixed-citation id="d6850e2134" publication-type="journal">
Mart. 1.46<fpage>46</fpage>
                  <volume>1</volume>
                  <source>Mart.</source>
               </mixed-citation>
            </p>
         </fn>
         <fn id="d6850e2150a1310">
            <label>28</label>
            <p>
               <mixed-citation id="d6850e2157" publication-type="book">
Niall Rudd, The Satires of Horace: A Study (Cambridge, 1966), 125<person-group>
                     <string-name>
                        <surname>Rudd</surname>
                     </string-name>
                  </person-group>
                  <fpage>125</fpage>
                  <source>The Satires of Horace: A Study</source>
                  <year>1966</year>
               </mixed-citation>
            </p>
            <p>
               <mixed-citation id="d6850e2181" publication-type="book">
Ernst Doblhofer, Die
Augustuspanegyrik des Horaz informalhistorischer Sicht (Heidelberg, 1966), 42-4<person-group>
                     <string-name>
                        <surname>Doblhofer</surname>
                     </string-name>
                  </person-group>
                  <fpage>42</fpage>
                  <source>Die Augustuspanegyrik des Horaz informalhistorischer Sicht</source>
                  <year>1966</year>
               </mixed-citation>
            </p>
            <p>
               <mixed-citation id="d6850e2209" publication-type="other">
Horsfall (n. 3)</mixed-citation>
            </p>
            <p>
               <mixed-citation id="d6850e2216" publication-type="journal">
Epod. 15.12<fpage>12</fpage>
                  <volume>15</volume>
                  <source>Epod.</source>
               </mixed-citation>
            </p>
            <p>
               <mixed-citation id="d6850e2231" publication-type="book">
Frances Muecke, Horace: Satires HI
(Warminster, 1993), 17, 104<person-group>
                     <string-name>
                        <surname>Muecke</surname>
                     </string-name>
                  </person-group>
                  <fpage>104</fpage>
                  <volume>17</volume>
                  <source>Horace: Satires HI</source>
                  <year>1993</year>
               </mixed-citation>
            </p>
            <p>
               <mixed-citation id="d6850e2262" publication-type="book">
Watson (n. 1), 188, n. 3  <fpage>188</fpage>
               </mixed-citation>
            </p>
            <p>
               <mixed-citation id="d6850e2273" publication-type="book">
Vincenzo Ussani, Le satire di
Orazio (Napoli, 1916), 86, 115<person-group>
                     <string-name>
                        <surname>Ussani</surname>
                     </string-name>
                  </person-group>
                  <fpage>86</fpage>
                  <source>Le satire di Orazio</source>
                  <year>1916</year>
               </mixed-citation>
            </p>
            <p>
               <mixed-citation id="d6850e2301" publication-type="book">
Le lyriche di Orazio (Turin, 1922), 1.41<fpage>41</fpage>
                  <volume>1</volume>
                  <source>Le lyriche di Orazio</source>
                  <year>1922</year>
               </mixed-citation>
            </p>
            <p>
               <mixed-citation id="d6850e2319" publication-type="journal">
Epod. 15<fpage>15</fpage>
                  <source>Epod.</source>
               </mixed-citation>
            </p>
            <p>
               <mixed-citation id="d6850e2332" publication-type="journal">
Babcock
(n. 1), 413, n. 26  <fpage>413</fpage>
               </mixed-citation>
            </p>
            <p>
               <mixed-citation id="d6850e2346" publication-type="other">
n. 33</mixed-citation>
            </p>
         </fn>
         <fn id="d6850e2354a1310">
            <label>29</label>
            <p>
               <mixed-citation id="d6850e2361" publication-type="journal">
Fitzgerald (n. 1)  </mixed-citation>
            </p>
            <p>
               <mixed-citation id="d6850e2369" publication-type="book">
Mankin (n. 1)  </mixed-citation>
            </p>
         </fn>
         <fn id="d6850e2378a1310">
            <label>30</label>
            <p>
               <mixed-citation id="d6850e2385" publication-type="book">
Rudd (n. 28)  </mixed-citation>
            </p>
            <p>
               <mixed-citation id="d6850e2393" publication-type="other">
Muecke (n. 28), 104</mixed-citation>
            </p>
            <p>
               <mixed-citation id="d6850e2399" publication-type="other">
'pricked</mixed-citation>
            </p>
            <p>
               <mixed-citation id="d6850e2406" publication-type="other">
Doblhofer (n. 28), 42</mixed-citation>
            </p>
            <p>
               <mixed-citation id="d6850e2412" publication-type="other">
43, n. 45</mixed-citation>
            </p>
            <p>
               <mixed-citation id="d6850e2418" publication-type="journal">
citing Ep.
1.18.70<fpage>70</fpage>
                  <volume>1</volume>
                  <source>citing Ep.</source>
               </mixed-citation>
            </p>
            <p>
               <mixed-citation id="d6850e2436" publication-type="journal">
Sat. 2.6.46<fpage>46</fpage>
                  <volume>2</volume>
                  <source>Sat.</source>
               </mixed-citation>
            </p>
            <p>
               <mixed-citation id="d6850e2451" publication-type="journal">
Fitzgerald (n. 1), 180  <fpage>180</fpage>
               </mixed-citation>
            </p>
         </fn>
         <fn id="d6850e2463a1310">
            <p>
               <mixed-citation id="d6850e2467" publication-type="journal">
Col. 6.29.2<fpage>2</fpage>
                  <volume>6</volume>
                  <source>Col.</source>
               </mixed-citation>
            </p>
         </fn>
         <fn id="d6850e2483a1310">
            <label>32</label>
            <p>
               <mixed-citation id="d6850e2490" publication-type="book">
caesaries<source>Caesaries</source>
               </mixed-citation>
            </p>
            <p>
               <mixed-citation id="d6850e2499" publication-type="journal">
Paul. Fest. 50.7 Lindsay<fpage>7</fpage>
                  <volume>50</volume>
                  <source>Paul. Fest.</source>
               </mixed-citation>
            </p>
            <p>
               <mixed-citation id="d6850e2514" publication-type="journal">
Pliny NH. 7.47<fpage>47</fpage>
                  <volume>7</volume>
                  <source>Pliny NH.</source>
               </mixed-citation>
            </p>
            <p>
               <mixed-citation id="d6850e2530" publication-type="other">
Non. 566.25 Lindsay</mixed-citation>
            </p>
            <p>
               <mixed-citation id="d6850e2536" publication-type="journal">
Ernout and Meillet, s.v. Caesar, 84<person-group>
                     <string-name>
                        <surname>Ernout</surname>
                     </string-name>
                  </person-group>
                  <fpage>84</fpage>
                  <source>s.v. Caesar</source>
               </mixed-citation>
            </p>
            <p>
               <mixed-citation id="d6850e2557" publication-type="journal">
Walde and Hoffmann, s.v. caesaries, 133<person-group>
                     <string-name>
                        <surname>Walde</surname>
                     </string-name>
                  </person-group>
                  <fpage>133</fpage>
                  <source>s.v. caesaries</source>
               </mixed-citation>
            </p>
         </fn>
         <fn id="d6850e2579a1310">
            <p>
               <mixed-citation id="d6850e2583" publication-type="journal">
Fitzgerald (n. 1), 180-1  <fpage>180</fpage>
               </mixed-citation>
            </p>
            <p>
               <mixed-citation id="d6850e2594" publication-type="other">
n. 11</mixed-citation>
            </p>
            <p>
               <mixed-citation id="d6850e2600" publication-type="journal">
So Horace, Ars 180<person-group>
                     <string-name>
                        <surname>Horace</surname>
                     </string-name>
                  </person-group>
                  <fpage>180</fpage>
                  <source>Ars</source>
               </mixed-citation>
            </p>
            <p>
               <mixed-citation id="d6850e2621" publication-type="journal">
Lucr. 1.417, 6.777<fpage>6</fpage>
                  <volume>1</volume>
                  <source>Lucr.</source>
               </mixed-citation>
            </p>
            <p>
               <mixed-citation id="d6850e2637" publication-type="journal">
Ov.
Pont. 3.4.19<fpage>19</fpage>
                  <volume>3</volume>
                  <source>Ov. Pont.</source>
               </mixed-citation>
            </p>
            <p>
               <mixed-citation id="d6850e2655" publication-type="journal">
Sil. 4.260, 11.177<fpage>11</fpage>
                  <volume>4</volume>
                  <source>Sil.</source>
               </mixed-citation>
            </p>
            <p>
               <mixed-citation id="d6850e2670" publication-type="journal">
Verg. A. 1.375-6<fpage>375</fpage>
                  <volume>1</volume>
                  <source>Verg. A.</source>
               </mixed-citation>
            </p>
         </fn>
         <fn id="d6850e2686a1310">
            <label>3</label>
            <p>
               <mixed-citation id="d6850e2693" publication-type="journal">
Odes 4.6.44<fpage>44</fpage>
                  <volume>4</volume>
                  <source>Odes</source>
               </mixed-citation>
            </p>
            <p>
               <mixed-citation id="d6850e2708" publication-type="journal">
Ep. 1.14.5<fpage>5</fpage>
                  <volume>1</volume>
                  <source>Ep.</source>
               </mixed-citation>
            </p>
            <p>
               <mixed-citation id="d6850e2723" publication-type="journal">
Quinte' in Sat. 2.6.37<fpage>37</fpage>
                  <volume>2</volume>
                  <source>Sat.</source>
               </mixed-citation>
            </p>
         </fn>
         <fn id="d6850e2740a1310">
            <label>3</label>
            <p>
               <mixed-citation id="d6850e2747" publication-type="book">
Horatius, nomen<person-group>
                     <string-name>
                        <surname>Horatius</surname>
                     </string-name>
                  </person-group>
                  <source>Nomen</source>
               </mixed-citation>
            </p>
            <p>
               <mixed-citation id="d6850e2765" publication-type="partial">
Caesar, cognomen</mixed-citation>
            </p>
         </fn>
         <fn id="d6850e2772a1310">
            <label>36</label>
            <p>
               <mixed-citation id="d6850e2779" publication-type="book">
Franz Ritter, Q. Horatü Flacci Opera. Satirae et epistulae (Leipzig, 1856), 11.130<person-group>
                     <string-name>
                        <surname>Ritter</surname>
                     </string-name>
                  </person-group>
                  <fpage>130</fpage>
                  <volume>11</volume>
                  <source>Q. Horatü Flacci Opera. Satirae et epistulae</source>
                  <year>1856</year>
               </mixed-citation>
            </p>
            <p>
               <mixed-citation id="d6850e2807" publication-type="book">
Hermann
Schütz, Q. Horatius Flaccus. Satiren (Berlin, 1881), 139<person-group>
                     <string-name>
                        <surname>Schütz</surname>
                     </string-name>
                  </person-group>
                  <fpage>139</fpage>
                  <source>Q. Horatius Flaccus. Satiren</source>
                  <year>1881</year>
               </mixed-citation>
            </p>
            <p>
               <mixed-citation id="d6850e2835" publication-type="book">
Lucian Miller,
Satiren und Episteln des Horaz (Vienna and Leipzig, 1891), 147<person-group>
                     <string-name>
                        <surname>Miller</surname>
                     </string-name>
                  </person-group>
                  <fpage>147</fpage>
                  <source>Satiren und Episteln des Horaz</source>
                  <year>1891</year>
               </mixed-citation>
            </p>
            <p>
               <mixed-citation id="d6850e2864" publication-type="other">
Kiessling and Heinze (n. 3, 1958),
182</mixed-citation>
            </p>
         </fn>
         <fn id="d6850e2874a1310">
            <label>37</label>
            <p>
               <mixed-citation id="d6850e2881" publication-type="journal">
J. N. Adams, 'Conventions of naming in Cicero', CQ 28 (1978), 145-66<object-id pub-id-type="jstor">10.2307/638719</object-id>
                  <fpage>145</fpage>
               </mixed-citation>
            </p>
         </fn>
         <fn id="d6850e2894a1310">
            <label>38</label>
            <p>
               <mixed-citation id="d6850e2901" publication-type="other">
Adams (n. 37), 154-5, and cf. 146</mixed-citation>
            </p>
            <p>
               <mixed-citation id="d6850e2907" publication-type="journal">
Cic. Dom. 22<fpage>22</fpage>
                  <source>Cic. Dom.</source>
               </mixed-citation>
            </p>
         </fn>
         <fn id="d6850e2920a1310">
            <label>39</label>
            <p>
               <mixed-citation id="d6850e2927" publication-type="other">
Att. 16.16c.1 (407c SB), 9.26.2 (197 SB)</mixed-citation>
            </p>
            <p>
               <mixed-citation id="d6850e2933" publication-type="journal">
Fam. 3.7.5 (71 SB)<fpage>5</fpage>
                  <volume>3</volume>
                  <source>Fam.</source>
               </mixed-citation>
            </p>
         </fn>
         <fn id="d6850e2949a1310">
            <label>40</label>
            <p>
               <mixed-citation id="d6850e2956" publication-type="other">
Satires II</mixed-citation>
            </p>
            <p>
               <mixed-citation id="d6850e2962" publication-type="other">
Satires I</mixed-citation>
            </p>
         </fn>
         <fn id="d6850e2970a1310">
            <label>41</label>
            <p>
               <mixed-citation id="d6850e2977" publication-type="journal">
So Babcock (n. 1), 413, n. 26  <fpage>413</fpage>
               </mixed-citation>
            </p>
            <p>
               <mixed-citation id="d6850e2988" publication-type="journal">
Fitzgerald (n. 1), 180 and cf. 187  </mixed-citation>
            </p>
            <p>
               <mixed-citation id="d6850e2996" publication-type="other">
Odes 1.37.18, 2.9.17, 2.12.3</mixed-citation>
            </p>
            <p>
               <mixed-citation id="d6850e3003" publication-type="book">
iners/inertia?<source>Iners/inertia?</source>
               </mixed-citation>
            </p>
            <p>
               <mixed-citation id="d6850e3012" publication-type="book">
imbellus?<source>Imbellus?</source>
               </mixed-citation>
            </p>
         </fn>
      </fn-group>
   </back>
</article>
