<article xmlns:xlink="http://www.w3.org/1999/xlink"
         xmlns:mml="http://www.w3.org/1998/Math/MathML"
         dtd-version="1.0"
         article-type="research-article">
   <front>
      <journal-meta>
         <journal-id journal-id-type="jstor">clasquar</journal-id>
         <journal-id journal-id-type="jstor">j100124</journal-id>
         <journal-title-group>
            <journal-title>The Classical Quarterly</journal-title>
         </journal-title-group>
         <publisher>
            <publisher-name>Cambridge University Press</publisher-name>
         </publisher>
         <custom-meta-group>
            <custom-meta>
               <meta-name>journal-series-title</meta-name>
               <meta-value>New Series</meta-value>
            </custom-meta>
         </custom-meta-group>
         <issn pub-type="ppub">00098388</issn>
         <issn pub-type="epub">14716844</issn>
      </journal-meta>
      <article-meta>
         <article-id pub-id-type="jstor">20616679</article-id>
         <article-id pub-id-type="pub-doi">10.1017/S00098388090000226</article-id>
         <article-categories>
            <subj-group>
               <subject>Shorter Notes</subject>
            </subj-group>
         </article-categories>
         <title-group>
            <article-title>Zenodotus' Text of Hesiod</article-title>
         </title-group>
         <contrib-group>
            <contrib>
               <string-name>
                  <given-names>C. M.</given-names>
                  <surname>Schroeder</surname>
               </string-name>
            </contrib>
         </contrib-group>
         <pub-date>
            <day>1</day>
            <month>5</month>
            <year>2009</year>
         </pub-date>
         <volume>59</volume>
         <issue>1</issue>
         <issue-id>i20616656</issue-id>
         <fpage>271</fpage>
         <lpage>274</lpage>
         <permissions>
            <copyright-statement>Copyright 2009 The Classical Association</copyright-statement>
         </permissions>
         <self-uri xlink:href="http://www.jstor.org/stable/20616679"/>
         <custom-meta-group>
            <custom-meta>
               <meta-name>lang</meta-name>
               <meta-value>eng</meta-value>
            </custom-meta>
         </custom-meta-group>
      </article-meta>
   </front>
   <back>
      <fn-group>
         <title>[Footnotes]</title>
         <fn id="d5773e122a1310">
            <label>1</label>
            <p>
               <mixed-citation id="d5773e129" publication-type="other">
G.J.C. Muetzell, De emendatione Theogoniae Hesiodeae
libri tres (Leipzig, 1833), 281</mixed-citation>
            </p>
            <p>
               <mixed-citation id="d5773e138" publication-type="other">
C. Göttling, Hesiodi Carmina, (Gotha, 18432), lxvi-lxvii</mixed-citation>
            </p>
            <p>
               <mixed-citation id="d5773e144" publication-type="other">
H. Flach,
Glossen und Schollen zur hesiodischen Theogonie mit Prolegomena (Leipzig, 1876), 110-11</mixed-citation>
            </p>
            <p>
               <mixed-citation id="d5773e154" publication-type="other">
F. Jacoby, Hesiodi Theogonia (1930), 46-8, 74-5</mixed-citation>
            </p>
            <p>
               <mixed-citation id="d5773e160" publication-type="other">
J. Schwartz, Pseudo-Hesiodeia: Recherches sur la
composition, la diffusion et la disparition ancienne d' uvres attribuées à Hésiode (Leiden, 1960),
280-1, 614</mixed-citation>
            </p>
            <p>
               <mixed-citation id="d5773e172" publication-type="other">
N.A. Livadaras, [Unrepresented Characters] (Athens,
1963), 35-6</mixed-citation>
            </p>
            <p>
               <mixed-citation id="d5773e181" publication-type="other">
R. Pfeiffer, History of Classical Scholarship: From the Beginnings to the End of the
Hellenistic Age (Oxford, 1968), 117</mixed-citation>
            </p>
            <p>
               <mixed-citation id="d5773e190" publication-type="other">
K. Nickau, RE 10a (1972), 22, 38</mixed-citation>
            </p>
            <p>
               <mixed-citation id="d5773e196" publication-type="other">
M.L. West, Hesiod:
Works and Days (Oxford, 1978), 64.</mixed-citation>
            </p>
         </fn>
         <fn id="d5773e206a1310">
            <label>2</label>
            <p>
               <mixed-citation id="d5773e213" publication-type="other">
Hes. Th. 116c</mixed-citation>
            </p>
         </fn>
         <fn id="d5773e220a1310">
            <label>3</label>
            <p>
               <mixed-citation id="d5773e227" publication-type="other">
T. Gaisford, Poetae Minores Graeci, 2 vols (Oxford, 1814; Leipzig, 1823), 2.463.</mixed-citation>
            </p>
         </fn>
         <fn id="d5773e234a1310">
            <label>4</label>
            <p>
               <mixed-citation id="d5773e241" publication-type="other">
Muetzell (n. 1), 281.</mixed-citation>
            </p>
         </fn>
         <fn id="d5773e249a1310">
            <label>5</label>
            <p>
               <mixed-citation id="d5773e256" publication-type="other">
Göttling (n. 1), lxvi.</mixed-citation>
            </p>
         </fn>
         <fn id="d5773e263a1310">
            <label>6</label>
            <p>
               <mixed-citation id="d5773e270" publication-type="other">
Flach (n. 1), 111, 209.</mixed-citation>
            </p>
         </fn>
         <fn id="d5773e277a1310">
            <label>7</label>
            <p>
               <mixed-citation id="d5773e284" publication-type="other">
L. Di Gregorio, Scholia vetera in Hesiodi Theogoniam (Milan, 1975), 4.</mixed-citation>
            </p>
         </fn>
         <fn id="d5773e291a1310">
            <label>8</label>
            <p>
               <mixed-citation id="d5773e298" publication-type="other">
Iliad 2.568, 289.38</mixed-citation>
            </p>
            <p>
               <mixed-citation id="d5773e304" publication-type="other">
Pfeiffer (n. 1), 117, n. 5</mixed-citation>
            </p>
            <p>
               <mixed-citation id="d5773e310" publication-type="other">
K. Nickau, Untersuchungen zur textkritischen Methode des Zenodotos von
Ephesos (Berlin and New York, 1977), 5, n. 16</mixed-citation>
            </p>
            <p>
               <mixed-citation id="d5773e320" publication-type="other">
M.L. West, Studies in the Text and Trans-
mission of the Iliad (Munich and Leipzig, 2001), 55, n. 23.</mixed-citation>
            </p>
         </fn>
         <fn id="d5773e330a1310">
            <label>9</label>
            <p>
               <mixed-citation id="d5773e337" publication-type="other">
Jacoby (n. 1), 75.</mixed-citation>
            </p>
         </fn>
         <fn id="d5773e344a1310">
            <label>10</label>
            <p>
               <mixed-citation id="d5773e351" publication-type="other">
M.L. West, Hesiod: Theogony (Oxford, 1966), 153.</mixed-citation>
            </p>
         </fn>
         <fn id="d5773e359a1310">
            <label>11</label>
            <p>
               <mixed-citation id="d5773e366" publication-type="other">
C.D. Buck, The
Greek Dialects (Chicago, 1955), 61-2</mixed-citation>
            </p>
            <p>
               <mixed-citation id="d5773e375" publication-type="other">
R. Schmitt, Einführung in die griechischen Dialekte
(Darmstadt, 1977), 69-70, 76, 81.</mixed-citation>
            </p>
         </fn>
         <fn id="d5773e385a1310">
            <label>12</label>
            <p>
               <mixed-citation id="d5773e392" publication-type="other">
West (n. 8), 33-45</mixed-citation>
            </p>
            <p>
               <mixed-citation id="d5773e398" publication-type="other">
id., 'Zenodotus' Text', in F. Montanari (ed.), Omero tremila anni dopo
(Rome, 2002), 137-42.</mixed-citation>
            </p>
         </fn>
         <fn id="d5773e408a1310">
            <label>13</label>
            <p>
               <mixed-citation id="d5773e415" publication-type="other">
West (n. 8), 43.</mixed-citation>
            </p>
         </fn>
         <fn id="d5773e422a1310">
            <label>14</label>
            <p>
               <mixed-citation id="d5773e429" publication-type="other">
F. Montanari, 'Alexandrian Homeric philology. The form of the ekdosis and the variae
lectiones', in M. Reichel and A. Rengakos, Epea Pteroenta: Beiträge zur Homerforschung -
Festschrift für Wolfgang Kullmann zum 75 Geburtstag (Stuttgart, 2002), 119-40, at 123</mixed-citation>
            </p>
            <p>
               <mixed-citation id="d5773e441" publication-type="other">
R. Janko,
'Seduta di Chiusura', in Montanari (n. 12), 653-66, at 658</mixed-citation>
            </p>
            <p>
               <mixed-citation id="d5773e450" publication-type="other">
id., review of West (n. 8), in CW 97
(2003), 100-1, at 100.</mixed-citation>
            </p>
            <p>
               <mixed-citation id="d5773e460" publication-type="other">
A. Rengakos argues against the hypothesis in his review of West (n. 8), in
BMCR 2002.11.15: http://ccat.sas.upenn.edu/bmcr/2002/2002-11-15.html.</mixed-citation>
            </p>
         </fn>
         <fn id="d5773e470a1310">
            <label>15</label>
            <p>
               <mixed-citation id="d5773e477" publication-type="other">
West (n. 10), 81</mixed-citation>
            </p>
            <p>
               <mixed-citation id="d5773e483" publication-type="other">
Buck (n. 11), 79-80</mixed-citation>
            </p>
            <p>
               <mixed-citation id="d5773e489" publication-type="other">
Schmitt (n.
11), 103.</mixed-citation>
            </p>
         </fn>
         <fn id="d5773e499a1310">
            <label>16</label>
            <p>
               <mixed-citation id="d5773e506" publication-type="other">
Horn. Il. 1.271</mixed-citation>
            </p>
         </fn>
         <fn id="d5773e514a1310">
            <label>17</label>
            <p>
               <mixed-citation id="d5773e521" publication-type="other">
Schwartz (n. 1), 280-1</mixed-citation>
            </p>
            <p>
               <mixed-citation id="d5773e527" publication-type="other">
G. Pasquali in Storia della tradizione e critica
del testo (Florence, 1934), 240-1.</mixed-citation>
            </p>
         </fn>
      </fn-group>
   </back>
</article>
