<article xmlns:xlink="http://www.w3.org/1999/xlink"
         xmlns:mml="http://www.w3.org/1998/Math/MathML"
         dtd-version="1.0"
         article-type="research-article">
   <front>
      <journal-meta>
         <journal-id journal-id-type="jstor">clasquar</journal-id>
         <journal-id journal-id-type="jstor">j100124</journal-id>
         <journal-title-group>
            <journal-title>The Classical Quarterly</journal-title>
         </journal-title-group>
         <publisher>
            <publisher-name>Cambridge University Press</publisher-name>
         </publisher>
         <custom-meta-group>
            <custom-meta>
               <meta-name>journal-series-title</meta-name>
               <meta-value>New Series</meta-value>
            </custom-meta>
         </custom-meta-group>
         <issn pub-type="ppub">00098388</issn>
         <issn pub-type="epub">14716844</issn>
      </journal-meta>
      <article-meta>
         <article-id pub-id-type="jstor">20616706</article-id>
         <article-id pub-id-type="pub-doi">10.1017/S0009838809990188</article-id>
         <title-group>
            <article-title>Erogenous Organs: The Metamorphosis of Polyphemus' "Syrinx" in Ovid, "Metamorphoses" 13.784</article-title>
         </title-group>
         <contrib-group>
            <contrib>
               <string-name>
                  <given-names>David</given-names>
                  <surname>Creese</surname>
               </string-name>
            </contrib>
         </contrib-group>
         <pub-date>
            <day>1</day>
            <month>12</month>
            <year>2009</year>
         </pub-date>
         <volume>59</volume>
         <issue>2</issue>
         <issue-id>i20616686</issue-id>
         <fpage>562</fpage>
         <lpage>577</lpage>
         <permissions>
            <copyright-statement>Copyright 2009 The Classical Association</copyright-statement>
         </permissions>
         <self-uri xlink:href="http://www.jstor.org/stable/20616706"/>
         <custom-meta-group>
            <custom-meta>
               <meta-name>lang</meta-name>
               <meta-value>eng</meta-value>
            </custom-meta>
         </custom-meta-group>
      </article-meta>
   </front>
   <back>
      <fn-group>
         <title>[Footnotes]</title>
         <fn id="d3235e113a1310">
            <label>*</label>
            <p>
               <mixed-citation id="d3235e120" publication-type="other">
Earlier versions of this paper were presented at the annual conference of the Classical
Association (Birmingham, 14 April 2007), and at Columbia University (26 October 2007).</mixed-citation>
            </p>
         </fn>
         <fn id="d3235e130a1310">
            <label>1</label>
            <p>
               <mixed-citation id="d3235e137" publication-type="other">
L.P. Wilkinson, Ovid Recalled (Cambridge, 1955), 163 and 222</mixed-citation>
            </p>
            <p>
               <mixed-citation id="d3235e143" publication-type="other">
B. Otis, Ovid as an Epic Poet
(Cambridge, 1966), 287</mixed-citation>
            </p>
            <p>
               <mixed-citation id="d3235e152" publication-type="other">
A.H.F Griffin, 'Unrequited love: Polyphemus and Galatea in Ovid's
Metamorphoses', G&amp;amp;R 30 (1983), 190-7, at 193-4</mixed-citation>
            </p>
            <p>
               <mixed-citation id="d3235e162" publication-type="other">
E.J. Kenney in A.D. Melville (tr.), Ovid:
Metamorphoses (Oxford, 1986), xxiv-xxv and 453 ad 13.784</mixed-citation>
            </p>
            <p>
               <mixed-citation id="d3235e171" publication-type="other">
B.R. Nagle, 'A trio of love-triangles
in Ovid's Metamorphoses', Arethusa 21 (1988), 75-98, at 79-80</mixed-citation>
            </p>
            <p>
               <mixed-citation id="d3235e180" publication-type="other">
J. Farrell, 'Dialogue of genres in
Ovid's "Lovesong of Polyphemus" (Metamorphoses 13.719-897)', AJPh 113 (1992), 235-68, at
246</mixed-citation>
            </p>
            <p>
               <mixed-citation id="d3235e192" publication-type="other">
N. Hopkinson (ed.), Ovid: Metamorphoses Book XIII (Cambridge, 2000), 38-9</mixed-citation>
            </p>
            <p>
               <mixed-citation id="d3235e198" publication-type="other">
A. Barchiesi, 'Music for monsters: Ovid's Metamorphoses, bucolic evolution, and bucolic criti-
cism', in M. Fantuzzi and T. Papanghelis (edd.), Brill's Companion to Greek and Latin Pastoral
(Leiden, 2006), 403-25, at 416-23.</mixed-citation>
            </p>
         </fn>
         <fn id="d3235e211a1310">
            <label>2</label>
            <p>
               <mixed-citation id="d3235e218" publication-type="other">
Od. 9.106-566.</mixed-citation>
            </p>
            <p>
               <mixed-citation id="d3235e224" publication-type="other">
Epicharm. (CGF 81-3)</mixed-citation>
            </p>
            <p>
               <mixed-citation id="d3235e230" publication-type="other">
Aristias, Cyclops
(TrGF 9 F 4)</mixed-citation>
            </p>
            <p>
               <mixed-citation id="d3235e240" publication-type="other">
Cratinus, Odysses (PCG 143-57)</mixed-citation>
            </p>
            <p>
               <mixed-citation id="d3235e246" publication-type="other">
Eur. Cyc; Timoth. Cyclops (PMG 780-83)</mixed-citation>
            </p>
            <p>
               <mixed-citation id="d3235e252" publication-type="other">
Philoxenus, Cyclops or Galatea (PMG 815-24)</mixed-citation>
            </p>
            <p>
               <mixed-citation id="d3235e258" publication-type="other">
Ar. Plut. 290ff.</mixed-citation>
            </p>
            <p>
               <mixed-citation id="d3235e264" publication-type="other">
Antiphanes, Cyclops (PCG 129-31)</mixed-citation>
            </p>
            <p>
               <mixed-citation id="d3235e270" publication-type="other">
Nicochares, Galatea (PCG 3-6)</mixed-citation>
            </p>
            <p>
               <mixed-citation id="d3235e277" publication-type="other">
Alexis, Galatea (PCG 37-40)</mixed-citation>
            </p>
            <p>
               <mixed-citation id="d3235e283" publication-type="other">
Theoc. Id. 6 and 11</mixed-citation>
            </p>
            <p>
               <mixed-citation id="d3235e289" publication-type="other">
Callim. Epigr. 46</mixed-citation>
            </p>
            <p>
               <mixed-citation id="d3235e295" publication-type="other">
Prop. 3.2.7-8</mixed-citation>
            </p>
            <p>
               <mixed-citation id="d3235e301" publication-type="other">
Verg. Eel. 9.39-43</mixed-citation>
            </p>
            <p>
               <mixed-citation id="d3235e307" publication-type="other">
Aen. 3.568-683.</mixed-citation>
            </p>
            <p>
               <mixed-citation id="d3235e314" publication-type="other">
Arist. Poet. 1448a15</mixed-citation>
            </p>
            <p>
               <mixed-citation id="d3235e320" publication-type="other">
P Oxy. 4456</mixed-citation>
            </p>
            <p>
               <mixed-citation id="d3235e326" publication-type="other">
J.H. Hordern (ed.), The Fragments of Timotheus of Miletus (Oxford, 2002), 106-7</mixed-citation>
            </p>
            <p>
               <mixed-citation id="d3235e332" publication-type="other">
M.L. West, Ancient Greek Music (Oxford, 1992), 365-6 (on Philoxenus)</mixed-citation>
            </p>
            <p>
               <mixed-citation id="d3235e338" publication-type="other">
N. Hopkinson (ed.), A
Hellenistic Anthology (Cambridge, 1988), 148-9</mixed-citation>
            </p>
            <p>
               <mixed-citation id="d3235e347" publication-type="other">
R. Hunter (ed.), Theocritus: A Selection
(Cambridge, 1999), 215-17</mixed-citation>
            </p>
            <p>
               <mixed-citation id="d3235e357" publication-type="other">
Hopkinson (n. 1), 35-8.</mixed-citation>
            </p>
         </fn>
         <fn id="d3235e364a1310">
            <label>3</label>
            <p>
               <mixed-citation id="d3235e371" publication-type="other">
Hordern (n. 2), 106.</mixed-citation>
            </p>
            <p>
               <mixed-citation id="d3235e377" publication-type="other">
Eur. Cyc. to 408</mixed-citation>
            </p>
            <p>
               <mixed-citation id="d3235e383" publication-type="other">
R. Seaford, 'The date of Eurip-
ides' Cyclops, JHS 102 (1982), 161-72</mixed-citation>
            </p>
            <p>
               <mixed-citation id="d3235e393" publication-type="other">
C.W. Marshall, 'The consequences of dating the
Cyclops', in M. Joyal (ed.), In Altum: Seventy-five Years of Classical Studies in Newfoundland (St.
John's, 2001), 225-41.</mixed-citation>
            </p>
            <p>
               <mixed-citation id="d3235e405" publication-type="other">
M. Wright ('Cyclops and the Euripidean tetralogy', PCPhS 52 [2006],
23-48)</mixed-citation>
            </p>
         </fn>
         <fn id="d3235e416a1310">
            <label>4</label>
            <p>
               <mixed-citation id="d3235e423" publication-type="other">
Plut. 290 ff.</mixed-citation>
            </p>
            <p>
               <mixed-citation id="d3235e429" publication-type="other">
Phaenias (PMG 816)</mixed-citation>
            </p>
            <p>
               <mixed-citation id="d3235e435" publication-type="other">
Cyclops ([n. 2], 216).</mixed-citation>
            </p>
            <p>
               <mixed-citation id="d3235e442" publication-type="other">
J.H. Hordern, 'The
Cyclops of Philoxenus', CQ 49 (1999), 445-55.</mixed-citation>
            </p>
         </fn>
         <fn id="d3235e452a1310">
            <label>5</label>
            <p>
               <mixed-citation id="d3235e459" publication-type="other">
Hopkinson (n. 1), 36</mixed-citation>
            </p>
            <p>
               <mixed-citation id="d3235e465" publication-type="other">
J.H. Hordern, 'Cyclopea: Philoxenus, Theocritus, Callimachus and Bion', CQ 54
(2004), 285-92, at 285.</mixed-citation>
            </p>
            <p>
               <mixed-citation id="d3235e474" publication-type="other">
Hunter (n. 2), 216</mixed-citation>
            </p>
            <p>
               <mixed-citation id="d3235e481" publication-type="other">
Il. 1845</mixed-citation>
            </p>
            <p>
               <mixed-citation id="d3235e487" publication-type="other">
Theog. 250</mixed-citation>
            </p>
            <p>
               <mixed-citation id="d3235e493" publication-type="other">
Eur. Cyc. 264</mixed-citation>
            </p>
         </fn>
         <fn id="d3235e500a1310">
            <label>6</label>
            <p>
               <mixed-citation id="d3235e507" publication-type="other">
Od. 9.115</mixed-citation>
            </p>
         </fn>
         <fn id="d3235e514a1310">
            <label>7</label>
            <p>
               <mixed-citation id="d3235e521" publication-type="other">
PMG 816</mixed-citation>
            </p>
         </fn>
         <fn id="d3235e528a1310">
            <label>8</label>
            <p>
               <mixed-citation id="d3235e535" publication-type="other">
Hunter (n. 2), 216</mixed-citation>
            </p>
            <p>
               <mixed-citation id="d3235e541" publication-type="other">
West (n. 2), 365</mixed-citation>
            </p>
            <p>
               <mixed-citation id="d3235e547" publication-type="other">
Hordern (n. 4), 445-50.</mixed-citation>
            </p>
         </fn>
         <fn id="d3235e554a1310">
            <label>9</label>
            <p>
               <mixed-citation id="d3235e561" publication-type="other">
LSJ s.v. III.3</mixed-citation>
            </p>
         </fn>
         <fn id="d3235e569a1310">
            <label>10</label>
            <p>
               <mixed-citation id="d3235e576" publication-type="other">
Od. 9.315-16</mixed-citation>
            </p>
            <p>
               <mixed-citation id="d3235e582" publication-type="other">
Hunter (n. 2),
234 ad 11.38.</mixed-citation>
            </p>
         </fn>
         <fn id="d3235e592a1310">
            <label>11</label>
            <p>
               <mixed-citation id="d3235e599" publication-type="other">
Od. 9.257</mixed-citation>
            </p>
            <p>
               <mixed-citation id="d3235e605" publication-type="other">
Aen. 3.672</mixed-citation>
            </p>
            <p>
               <mixed-citation id="d3235e611" publication-type="other">
Aetne, Met.
13.876-7</mixed-citation>
            </p>
            <p>
               <mixed-citation id="d3235e621" publication-type="other">
R.J. Tarrant (ed.), P. Ovidi
Nasonis Metamorphoses (Oxford, 2004).</mixed-citation>
            </p>
         </fn>
         <fn id="d3235e631a1310">
            <label>12</label>
            <p>
               <mixed-citation id="d3235e638" publication-type="other">
Hunter (n. 2), 228 ad 11.16</mixed-citation>
            </p>
         </fn>
         <fn id="d3235e645a1310">
            <label>13</label>
            <p>
               <mixed-citation id="d3235e652" publication-type="other">
Lucian, Dialogi Marini 14.</mixed-citation>
            </p>
         </fn>
         <fn id="d3235e659a1310">
            <label>14</label>
            <p>
               <mixed-citation id="d3235e666" publication-type="other">
Ov. Met. 13</mixed-citation>
            </p>
            <p>
               <mixed-citation id="d3235e672" publication-type="other">
Hopkinson [n. 1], 39-40</mixed-citation>
            </p>
            <p>
               <mixed-citation id="d3235e678" publication-type="other">
Nagle (n. 1), 80 n. 9</mixed-citation>
            </p>
            <p>
               <mixed-citation id="d3235e685" publication-type="other">
H. Dörrie, 'Der verliebte Kyklop', AU 12 (1969), 75-100.</mixed-citation>
            </p>
         </fn>
         <fn id="d3235e692a1310">
            <label>15</label>
            <p>
               <mixed-citation id="d3235e699" publication-type="other">
Hopkinson (n. 1), 215 ad loc.</mixed-citation>
            </p>
         </fn>
         <fn id="d3235e707a1310">
            <label>16</label>
            <p>
               <mixed-citation id="d3235e714" publication-type="other">
Hunter (n. 2), 260 ad loc.</mixed-citation>
            </p>
            <p>
               <mixed-citation id="d3235e720" publication-type="other">
Verg. Eel.
2.28-39.</mixed-citation>
            </p>
         </fn>
         <fn id="d3235e730a1310">
            <label>17</label>
            <p>
               <mixed-citation id="d3235e737" publication-type="other">
West(n. 2), 111.</mixed-citation>
            </p>
         </fn>
         <fn id="d3235e744a1310">
            <label>18</label>
            <p>
               <mixed-citation id="d3235e751" publication-type="other">
Met. 2.681</mixed-citation>
            </p>
         </fn>
         <fn id="d3235e758a1310">
            <label>19</label>
            <p>
               <mixed-citation id="d3235e765" publication-type="other">
Barchiesi (n. 1), 408-10.</mixed-citation>
            </p>
         </fn>
         <fn id="d3235e772a1310">
            <label>20</label>
            <p>
               <mixed-citation id="d3235e779" publication-type="other">
Hopkinson (n. 1), 217</mixed-citation>
            </p>
         </fn>
         <fn id="d3235e786a1310">
            <label>21</label>
            <p>
               <mixed-citation id="d3235e793" publication-type="other">
Melville (n. 1), 453 ad 13.784.</mixed-citation>
            </p>
         </fn>
         <fn id="d3235e801a1310">
            <label>23</label>
            <p>
               <mixed-citation id="d3235e808" publication-type="other">
Hopkinson (n. 1), 38-9.</mixed-citation>
            </p>
         </fn>
         <fn id="d3235e815a1310">
            <label>24</label>
            <p>
               <mixed-citation id="d3235e822" publication-type="other">
Kenney (n. 1), 453 ad 13.788 and xxv.</mixed-citation>
            </p>
         </fn>
         <fn id="d3235e829a1310">
            <label>25</label>
            <p>
               <mixed-citation id="d3235e836" publication-type="other">
Barchiesi (n. 1), 419</mixed-citation>
            </p>
            <p>
               <mixed-citation id="d3235e842" publication-type="other">
Tib. 1.5.25</mixed-citation>
            </p>
            <p>
               <mixed-citation id="d3235e848" publication-type="other">
Met. 13.824</mixed-citation>
            </p>
         </fn>
         <fn id="d3235e855a1310">
            <label>27</label>
            <p>
               <mixed-citation id="d3235e862" publication-type="other">
Farrell (n. 1), 250-1.</mixed-citation>
            </p>
         </fn>
         <fn id="d3235e869a1310">
            <label>28</label>
            <p>
               <mixed-citation id="d3235e876" publication-type="other">
Farrell (n. 1), 246</mixed-citation>
            </p>
            <p>
               <mixed-citation id="d3235e882" publication-type="other">
Barchiesi (n. 1), 416-23.</mixed-citation>
            </p>
         </fn>
         <fn id="d3235e889a1310">
            <label>29</label>
            <p>
               <mixed-citation id="d3235e896" publication-type="other">
Barchiesi (n. 1), 416.</mixed-citation>
            </p>
            <p>
               <mixed-citation id="d3235e902" publication-type="other">
Id. 11.</mixed-citation>
            </p>
         </fn>
         <fn id="d3235e910a1310">
            <label>30</label>
            <p>
               <mixed-citation id="d3235e917" publication-type="other">
Polyphemus' clamor immensus at Verg. Aen. 3.672.</mixed-citation>
            </p>
         </fn>
         <fn id="d3235e924a1310">
            <label>31</label>
            <p>
               <mixed-citation id="d3235e931" publication-type="other">
Nicomachus, Harmonicum enchiridium 4</mixed-citation>
            </p>
         </fn>
         <fn id="d3235e938a1310">
            <label>32</label>
            <p>
               <mixed-citation id="d3235e945" publication-type="other">
Ph. Bel. 61</mixed-citation>
            </p>
            <p>
               <mixed-citation id="d3235e951" publication-type="other">
Ath. 174b.</mixed-citation>
            </p>
            <p>
               <mixed-citation id="d3235e957" publication-type="other">
West (n. 2), 115</mixed-citation>
            </p>
            <p>
               <mixed-citation id="d3235e964" publication-type="other">
T.J. Mathiesen, Apollo's Lyre: Greek Music
and Music Theory in Antiquity and the Middle Ages (Lincoln, 1999), 226</mixed-citation>
            </p>
            <p>
               <mixed-citation id="d3235e973" publication-type="other">
M. Markovits, Die Orgel
im Altertum (Leiden, 2003), 31-4.</mixed-citation>
            </p>
         </fn>
         <fn id="d3235e983a1310">
            <label>33</label>
            <p>
               <mixed-citation id="d3235e990" publication-type="other">
Bel. 61.</mixed-citation>
            </p>
         </fn>
         <fn id="d3235e997a1310">
            <label>34</label>
            <p>
               <mixed-citation id="d3235e1004" publication-type="other">
Delphi Archaeological Museum, inv. 1494 = SIG 737</mixed-citation>
            </p>
            <p>
               <mixed-citation id="d3235e1010" publication-type="other">
West (n. 2), 380</mixed-citation>
            </p>
            <p>
               <mixed-citation id="d3235e1016" publication-type="other">
Mathiesen (n. 32),
226 n. 153.</mixed-citation>
            </p>
            <p>
               <mixed-citation id="d3235e1026" publication-type="other">
Markovits (n. 32), 35-6</mixed-citation>
            </p>
         </fn>
         <fn id="d3235e1033a1310">
            <label>35</label>
            <p>
               <mixed-citation id="d3235e1040" publication-type="other">
Heron, Pneum. 142</mixed-citation>
            </p>
            <p>
               <mixed-citation id="d3235e1046" publication-type="other">
A. Barker, Greek Musical Writings (Cambridge,
1984-9), 1.259-62</mixed-citation>
            </p>
            <p>
               <mixed-citation id="d3235e1055" publication-type="other">
West (n. 2), 114-18</mixed-citation>
            </p>
            <p>
               <mixed-citation id="d3235e1062" publication-type="other">
J.G Landels, Music in Ancient Greece and Rome
(London, 1999), 267-70</mixed-citation>
            </p>
            <p>
               <mixed-citation id="d3235e1071" publication-type="other">
Mathiesen (n. 32), 225-30.</mixed-citation>
            </p>
         </fn>
         <fn id="d3235e1079a1310">
            <label>36</label>
            <p>
               <mixed-citation id="d3235e1086" publication-type="other">
Markovits (n. 32), 16-18.</mixed-citation>
            </p>
         </fn>
         <fn id="d3235e1093a1310">
            <label>37</label>
            <p>
               <mixed-citation id="d3235e1100" publication-type="other">
Walters 1051.</mixed-citation>
            </p>
            <p>
               <mixed-citation id="d3235e1106" publication-type="other">
Markovits [n. 32], 38</mixed-citation>
            </p>
            <p>
               <mixed-citation id="d3235e1112" publication-type="other">
Tafel 1</mixed-citation>
            </p>
            <p>
               <mixed-citation id="d3235e1119" publication-type="other">
Abbildung 1</mixed-citation>
            </p>
         </fn>
         <fn id="d3235e1126a1310">
            <label>38</label>
            <p>
               <mixed-citation id="d3235e1133" publication-type="other">
Markovits [n. 32], 75</mixed-citation>
            </p>
            <p>
               <mixed-citation id="d3235e1139" publication-type="other">
Tafel 5</mixed-citation>
            </p>
         </fn>
         <fn id="d3235e1146a1310">
            <label>39</label>
            <p>
               <mixed-citation id="d3235e1153" publication-type="other">
M.P Speidel, 'Eagle-bearer and trumpeter: the eagle-standard and
trumpets of the Roman legions illustrated by three tombstones recently found at Byzantion', BJ
176 (1976), 124-63</mixed-citation>
            </p>
            <p>
               <mixed-citation id="d3235e1165" publication-type="other">
Landels (n. 35), 177-80.</mixed-citation>
            </p>
            <p>
               <mixed-citation id="d3235e1171" publication-type="other">
D. Parrish, 'The date of
the mosaics from Zliten', AntAfr 21 (1985), 137-58</mixed-citation>
            </p>
            <p>
               <mixed-citation id="d3235e1181" publication-type="other">
Markovits (n. 32), 122.</mixed-citation>
            </p>
         </fn>
         <fn id="d3235e1188a1310">
            <label>40</label>
            <p>
               <mixed-citation id="d3235e1195" publication-type="other">
M. Langner, Antike Graffitizeichnungen: Motive, Gestaltung und Bedeutung, Palilia 11
(Wiesbaden, 2001), no. 1022</mixed-citation>
            </p>
            <p>
               <mixed-citation id="d3235e1204" publication-type="other">
Markovits (n. 32), 151.</mixed-citation>
            </p>
         </fn>
         <fn id="d3235e1211a1310">
            <label>41</label>
            <p>
               <mixed-citation id="d3235e1218" publication-type="other">
M. Guarducci, 'Iscrizioni greche e latine in una taberna a Pozzuoli', in Acta of the Fifth
International Congress of Greek and Latin Epigraphy, Cambridge, 1967 [Oxford, 1971], 219-23
with fig. 23a</mixed-citation>
            </p>
         </fn>
         <fn id="d3235e1232a1310">
            <label>43</label>
            <p>
               <mixed-citation id="d3235e1239" publication-type="other">
Markovits (n. 32), 172-4</mixed-citation>
            </p>
         </fn>
         <fn id="d3235e1246a1310">
            <label>44</label>
            <p>
               <mixed-citation id="d3235e1253" publication-type="other">
Vitr. 10.8.2</mixed-citation>
            </p>
            <p>
               <mixed-citation id="d3235e1259" publication-type="other">
West (n. 2), 114.</mixed-citation>
            </p>
            <p>
               <mixed-citation id="d3235e1265" publication-type="other">
Markovits (n. 32), 45</mixed-citation>
            </p>
         </fn>
         <fn id="d3235e1272a1310">
            <label>45</label>
            <p>
               <mixed-citation id="d3235e1279" publication-type="other">
W. Walcker-Mayer, Die römische Orgel von Aquincum (Stuttgart, 1970)</mixed-citation>
            </p>
            <p>
               <mixed-citation id="d3235e1285" publication-type="other">
H.H. Eggebrecht,
(ed.), International Symposium 'Organ of Classical Antiquity: the Aquincum organ ad 228': Report
on the Colloquium of the Institute for Musicology of the Hungarian Academy of Sciences
(Kleinblittersdorf, 1997)</mixed-citation>
            </p>
            <p>
               <mixed-citation id="d3235e1300" publication-type="other">
Mathiesen (n. 32), 229</mixed-citation>
            </p>
            <p>
               <mixed-citation id="d3235e1307" publication-type="other">
Markovits (n. 32), 161-72.</mixed-citation>
            </p>
         </fn>
         <fn id="d3235e1314a1310">
            <label>46</label>
            <p>
               <mixed-citation id="d3235e1321" publication-type="other">
D. Pandermalis, Dion: The Archaeological Site and the Museum (Athens, 1997), 85</mixed-citation>
            </p>
            <p>
               <mixed-citation id="d3235e1327" publication-type="other">
Markovits (n. 32), 97-8.</mixed-citation>
            </p>
         </fn>
         <fn id="d3235e1334a1310">
            <label>48</label>
            <p>
               <mixed-citation id="d3235e1343" publication-type="other">
'Etymological wordplay in Ovid's "Pyramus and Thisbe" (Met. 4.55-166)', CQ 51 [2001],
309-12, at 310</mixed-citation>
            </p>
            <p>
               <mixed-citation id="d3235e1352" publication-type="other">
A. Michalopoulos, Ancient
Etymologies in Ovid's Metamorphoses (Leeds, 2001)</mixed-citation>
            </p>
            <p>
               <mixed-citation id="d3235e1362" publication-type="other">
B. Weiden Boyd, 'Arms and the man:
wordplay and the catasterism of Chiron in Ovid Fasti 5', AJPh 122 (2001), 67-80</mixed-citation>
            </p>
            <p>
               <mixed-citation id="d3235e1371" publication-type="other">
F Cairns, 'The
"etymology" in Ovid Heroides 20.21-32', CJ 98 (2003), 239-42</mixed-citation>
            </p>
            <p>
               <mixed-citation id="d3235e1380" publication-type="other">
S. Casali, 'Correcting Aeneas's
voyage: Ovid's commentary on Aeneid 3', TAPhA 137 (2007), 181-210</mixed-citation>
            </p>
            <p>
               <mixed-citation id="d3235e1389" publication-type="other">
H. Peraki-
Kyriakidou, Aspects of ancient etymologizing', CQ 52 (2002), 478-93</mixed-citation>
            </p>
            <p>
               <mixed-citation id="d3235e1398" publication-type="other">
B. Weiden Boyd, 'Two
rivers and the reader in Ovid, Metamorphoses 8', TAPhA 136 (2006), 171-206.</mixed-citation>
            </p>
         </fn>
         <fn id="d3235e1408a1310">
            <label>49</label>
            <p>
               <mixed-citation id="d3235e1415" publication-type="other">
J.J. O'Hara, True Names: Vergil and the Alexandrian Tradition of Etymological Wordplay
(Ann Arbor, 1996), 60 §6 and 75-9</mixed-citation>
            </p>
            <p>
               <mixed-citation id="d3235e1424" publication-type="other">
Aen. 6.235</mixed-citation>
            </p>
            <p>
               <mixed-citation id="d3235e1430" publication-type="other">
Ov. Met.
1.711-12</mixed-citation>
            </p>
            <p>
               <mixed-citation id="d3235e1440" publication-type="other">
Aen. 7.63</mixed-citation>
            </p>
            <p>
               <mixed-citation id="d3235e1446" publication-type="other">
Met. 4.415,10.297 and
502, 11.795, 14.626</mixed-citation>
            </p>
            <p>
               <mixed-citation id="d3235e1455" publication-type="other">
Fast. 2.142 and 476</mixed-citation>
            </p>
            <p>
               <mixed-citation id="d3235e1461" publication-type="other">
Met.
11.795</mixed-citation>
            </p>
            <p>
               <mixed-citation id="d3235e1470" publication-type="other">
Met. 1.712 and 13.897</mixed-citation>
            </p>
         </fn>
         <fn id="d3235e1478a1310">
            <label>50</label>
            <p>
               <mixed-citation id="d3235e1485" publication-type="other">
O'Hara (n. 49), 63-5</mixed-citation>
            </p>
            <p>
               <mixed-citation id="d3235e1491" publication-type="other">
F. Ahl, Metaformations: Soundplay and
Wordplay in Ovid and Other Classical Poets (Ithaca, 1985), 59-62</mixed-citation>
            </p>
            <p>
               <mixed-citation id="d3235e1500" publication-type="other">
J.J. O'Hara, 'Vergil's best
reader? Ovidian commentary on Vergilian etymological wordplay', CJ 91 (1996), 255-76</mixed-citation>
            </p>
            <p>
               <mixed-citation id="d3235e1510" publication-type="other">
Keith (n. 48), 311.</mixed-citation>
            </p>
            <p>
               <mixed-citation id="d3235e1516" publication-type="other">
Her. 21.209-10</mixed-citation>
            </p>
            <p>
               <mixed-citation id="d3235e1522" publication-type="other">
id., 'Acontius and his [Unrepresented Characters]Callimachus
Aetia fr. 67.1-4 Pf.',_CQ 52 (2002), 471-7, at 473.</mixed-citation>
            </p>
            <p>
               <mixed-citation id="d3235e1531" publication-type="other">
Ahl, 66.</mixed-citation>
            </p>
         </fn>
         <fn id="d3235e1538a1310">
            <label>51</label>
            <p>
               <mixed-citation id="d3235e1545" publication-type="other">
Ahl (n. 50), 35-40.</mixed-citation>
            </p>
         </fn>
         <fn id="d3235e1552a1310">
            <label>52</label>
            <p>
               <mixed-citation id="d3235e1559" publication-type="other">
Ahl (n. 50), 44-51</mixed-citation>
            </p>
            <p>
               <mixed-citation id="d3235e1565" publication-type="other">
Aen.
8.322-3</mixed-citation>
            </p>
            <p>
               <mixed-citation id="d3235e1574" publication-type="other">
O'Hara
(n. 49), 62 n. 318.</mixed-citation>
            </p>
         </fn>
         <fn id="d3235e1584a1310">
            <label>53</label>
            <p>
               <mixed-citation id="d3235e1591" publication-type="other">
Met. 13</mixed-citation>
            </p>
            <p>
               <mixed-citation id="d3235e1597" publication-type="other">
Polydoreo manan tern sanguine
terram, 13.629</mixed-citation>
            </p>
            <p>
               <mixed-citation id="d3235e1606" publication-type="other">
Aen. 3.63</mixed-citation>
            </p>
            <p>
               <mixed-citation id="d3235e1613" publication-type="other">
Lucretius (permaneant at
1.122)</mixed-citation>
            </p>
         </fn>
         <fn id="d3235e1623a1310">
            <label>54</label>
            <p>
               <mixed-citation id="d3235e1630" publication-type="other">
OLDs s.v. orbis, 8.</mixed-citation>
            </p>
         </fn>
         <fn id="d3235e1637a1310">
            <label>55</label>
            <p>
               <mixed-citation id="d3235e1644" publication-type="other">
Jupiter (Met. 1.279-87)</mixed-citation>
            </p>
            <p>
               <mixed-citation id="d3235e1650" publication-type="other">
Ahl (n. 50), 53-4.</mixed-citation>
            </p>
         </fn>
         <fn id="d3235e1658a1310">
            <label>56</label>
            <p>
               <mixed-citation id="d3235e1665" publication-type="other">
OLD s.v. succumbo, 2.a.</mixed-citation>
            </p>
         </fn>
         <fn id="d3235e1672a1310">
            <label>57</label>
            <p>
               <mixed-citation id="d3235e1679" publication-type="other">
me uidet atque Acin 'uideo'que exclamat, 874.</mixed-citation>
            </p>
         </fn>
         <fn id="d3235e1686a1310">
            <label>58</label>
            <p>
               <mixed-citation id="d3235e1693" publication-type="other">
Aen. 3.635-7</mixed-citation>
            </p>
            <p>
               <mixed-citation id="d3235e1699" publication-type="other">
Callimachus (3.52-4)</mixed-citation>
            </p>
            <p>
               <mixed-citation id="d3235e1705" publication-type="other">
Hopkinson (n. 1), 225 ad 851-2.</mixed-citation>
            </p>
         </fn>
         <fn id="d3235e1712a1310">
            <label>60</label>
            <p>
               <mixed-citation id="d3235e1719" publication-type="other">
Ahl (n. 50), 40-4.</mixed-citation>
            </p>
         </fn>
         <fn id="d3235e1726a1310">
            <label>61</label>
            <p>
               <mixed-citation id="d3235e1733" publication-type="other">
O'Hara (n. 49), 60</mixed-citation>
            </p>
            <p>
               <mixed-citation id="d3235e1739" publication-type="other">
Barchiesi
(n. 1), 408-10.</mixed-citation>
            </p>
         </fn>
         <fn id="d3235e1749a1310">
            <label>62</label>
            <p>
               <mixed-citation id="d3235e1756" publication-type="other">
Hopkinson (n. 1), 230 ad 891</mixed-citation>
            </p>
         </fn>
         <fn id="d3235e1764a1310">
            <label>64</label>
            <p>
               <mixed-citation id="d3235e1771" publication-type="other">
OLD s.v.
cauus 1 .a</mixed-citation>
            </p>
            <p>
               <mixed-citation id="d3235e1780" publication-type="other">
G 4.464.</mixed-citation>
            </p>
         </fn>
         <fn id="d3235e1787a1310">
            <label>65</label>
            <p>
               <mixed-citation id="d3235e1794" publication-type="other">
Met. 1.713-16</mixed-citation>
            </p>
         </fn>
         <fn id="d3235e1801a1310">
            <label>66</label>
            <p>
               <mixed-citation id="d3235e1808" publication-type="other">
Arge, iaces, quodque in tot LUMINA LUMEN habebas, exs tine turn est centumque oculos nox
occupat una (1.720-1).</mixed-citation>
            </p>
         </fn>
      </fn-group>
   </back>
</article>
