<article xmlns:xlink="http://www.w3.org/1999/xlink"
         xmlns:mml="http://www.w3.org/1998/Math/MathML"
         dtd-version="1.0"
         article-type="research-article">
   <front>
      <journal-meta>
         <journal-id journal-id-type="jstor">clasquar</journal-id>
         <journal-id journal-id-type="jstor">j100124</journal-id>
         <journal-title-group>
            <journal-title>The Classical Quarterly</journal-title>
         </journal-title-group>
         <publisher>
            <publisher-name>Cambridge University Press</publisher-name>
         </publisher>
         <custom-meta-group>
            <custom-meta>
               <meta-name>journal-series-title</meta-name>
               <meta-value>New Series</meta-value>
            </custom-meta>
         </custom-meta-group>
         <issn pub-type="ppub">00098388</issn>
         <issn pub-type="epub">14716844</issn>
      </journal-meta>
      <article-meta>
         <article-id pub-id-type="jstor">20616716</article-id>
         <article-id pub-id-type="pub-doi">10.1017/S0009838809990280</article-id>
         <article-categories>
            <subj-group>
               <subject>Shorter Notes</subject>
            </subj-group>
         </article-categories>
         <title-group>
            <article-title>"De Natura Deorum" 1.65, Saving the Text</article-title>
         </title-group>
         <contrib-group>
            <contrib>
               <string-name>
                  <given-names>Richard</given-names>
                  <surname>McKirahan</surname>
               </string-name>
            </contrib>
         </contrib-group>
         <pub-date>
            <day>1</day>
            <month>12</month>
            <year>2009</year>
         </pub-date>
         <volume>59</volume>
         <issue>2</issue>
         <issue-id>i20616686</issue-id>
         <fpage>647</fpage>
         <lpage>649</lpage>
         <permissions>
            <copyright-statement>Copyright 2009 The Classical Association</copyright-statement>
         </permissions>
         <self-uri xlink:href="http://www.jstor.org/stable/20616716"/>
         <custom-meta-group>
            <custom-meta>
               <meta-name>lang</meta-name>
               <meta-value>eng</meta-value>
            </custom-meta>
         </custom-meta-group>
      </article-meta>
   </front>
   <back>
      <fn-group>
         <title>[Footnotes]</title>
         <fn id="d3332e122a1310">
            <label>1</label>
            <p>
               <mixed-citation id="d3332e129" publication-type="other">
R.G.G. Coleman, 'Cicero De natura deorum I 65 and the Stoic criticism of the atomic
theory', Mnemosyne ser.4:13:l (1960), 34-8</mixed-citation>
            </p>
         </fn>
         <fn id="d3332e139a1310">
            <label>2</label>
            <p>
               <mixed-citation id="d3332e146" publication-type="other">
Dyck (ad loc.)</mixed-citation>
            </p>
            <p>
               <mixed-citation id="d3332e152" publication-type="other">
A.R. Dyck [ed.], De Natura Deorum liber I [Cambridge, 2003]</mixed-citation>
            </p>
         </fn>
         <fn id="d3332e159a1310">
            <label>3</label>
            <p>
               <mixed-citation id="d3332e166" publication-type="other">
op. cit.</mixed-citation>
            </p>
         </fn>
         <fn id="d3332e173a1310">
            <label>4</label>
            <p>
               <mixed-citation id="d3332e180" publication-type="other">
K. Algra (ed.), The Cambridge History of Hellenistic Philosophy
(Cambridge, 1999), 395-8.</mixed-citation>
            </p>
         </fn>
      </fn-group>
   </back>
</article>
