<article xmlns:xlink="http://www.w3.org/1999/xlink"
         xmlns:mml="http://www.w3.org/1998/Math/MathML"
         dtd-version="1.0"
         article-type="research-article">
   <front>
      <journal-meta>
         <journal-id journal-id-type="jstor">clasquar</journal-id>
         <journal-id journal-id-type="jstor">j100124</journal-id>
         <journal-title-group>
            <journal-title>The Classical Quarterly</journal-title>
         </journal-title-group>
         <publisher>
            <publisher-name>Cambridge University Press</publisher-name>
         </publisher>
         <custom-meta-group>
            <custom-meta>
               <meta-name>journal-series-title</meta-name>
               <meta-value>New Series</meta-value>
            </custom-meta>
         </custom-meta-group>
         <issn pub-type="ppub">00098388</issn>
         <issn pub-type="epub">14716844</issn>
      </journal-meta>
      <article-meta>
         <article-id pub-id-type="jstor">20616699</article-id>
         <article-id pub-id-type="pub-doi">10.1017/S0009838809990115</article-id>
         <title-group>
            <article-title>Should There Have Been a Polis in Aristotle's "Poetics"?</article-title>
         </title-group>
         <contrib-group>
            <contrib>
               <string-name>
                  <given-names>Malcolm</given-names>
                  <surname>Heath</surname>
               </string-name>
            </contrib>
         </contrib-group>
         <pub-date>
            <day>1</day>
            <month>12</month>
            <year>2009</year>
         </pub-date>
         <volume>59</volume>
         <issue>2</issue>
         <issue-id>i20616686</issue-id>
         <fpage>468</fpage>
         <lpage>485</lpage>
         <permissions>
            <copyright-statement>Copyright 2009 The Classical Association</copyright-statement>
         </permissions>
         <self-uri xlink:href="http://www.jstor.org/stable/20616699"/>
         <custom-meta-group>
            <custom-meta>
               <meta-name>lang</meta-name>
               <meta-value>eng</meta-value>
            </custom-meta>
         </custom-meta-group>
      </article-meta>
   </front>
   <back>
      <fn-group>
         <title>[Footnotes]</title>
         <fn id="d3147e113a1310">
            <label>1</label>
            <p>
               <mixed-citation id="d3147e120" publication-type="other">
E. Hall, 'Is there a polis in Aristotle's Poetics?', in M.S. Silk (ed.), Tragedy and the Tragic:
Greek Theatre and Beyond (Oxford, 1996), 295-309.</mixed-citation>
            </p>
         </fn>
         <fn id="d3147e130a1310">
            <label>2</label>
            <p>
               <mixed-citation id="d3147e137" publication-type="other">
P.J. Rhodes, 'Nothing to
do with democracy: Athenian drama and the polis', JHS 123 (2003), 104-19</mixed-citation>
            </p>
            <p>
               <mixed-citation id="d3147e146" publication-type="other">
M. Heath, 'The
"social function" of tragedy: clarifications and questions', in D.L. Cairns and V. Liapis (edd.),
Dionysalexandros: Essays on Aeschylus and his Fellow Tragedians in honour of A.F. Garvie
(Swansea, 2006), 253-81.</mixed-citation>
            </p>
         </fn>
         <fn id="d3147e162a1310">
            <label>3</label>
            <p>
               <mixed-citation id="d3147e169" publication-type="other">
G.E.R. Lloyd, Aristotelian Explorations (Cambridge, 1996), 205-22</mixed-citation>
            </p>
            <p>
               <mixed-citation id="d3147e175" publication-type="other">
A. Marcos, 'The tension between Aristotle's theories and uses of metaphor', Studies in the
History and Philosophy of Science 28 (1997), 123-39.</mixed-citation>
            </p>
         </fn>
         <fn id="d3147e185a1310">
            <label>4</label>
            <p>
               <mixed-citation id="d3147e192" publication-type="other">
M. Heath, Aristotelian comedy', CQ 39 (1989), 344-54.</mixed-citation>
            </p>
         </fn>
         <fn id="d3147e200a1310">
            <label>5</label>
            <p>
               <mixed-citation id="d3147e207" publication-type="other">
Eth. Nic. 8.10, 1160b34-61a</mixed-citation>
            </p>
         </fn>
         <fn id="d3147e214a1310">
            <label>6</label>
            <p>
               <mixed-citation id="d3147e221" publication-type="other">
R. Bodéüs, Aristotle and the Theology of the Living Immortals (Albany, NY, 2000), 212f.</mixed-citation>
            </p>
         </fn>
         <fn id="d3147e228a1310">
            <label>7</label>
            <p>
               <mixed-citation id="d3147e235" publication-type="other">
Pol. 1.2, 1252a24-6.</mixed-citation>
            </p>
         </fn>
         <fn id="d3147e242a1310">
            <label>8</label>
            <p>
               <mixed-citation id="d3147e249" publication-type="other">
M. Heath, 'Cognition in Aristotle's Poetics',
Mnemosyne 62 (2009), 51-75, at 58-62.</mixed-citation>
            </p>
         </fn>
         <fn id="d3147e259a1310">
            <label>9</label>
            <p>
               <mixed-citation id="d3147e266" publication-type="other">
E. Csapo, 'Some social and economic conditions behind the rise of the acting profession in
the fifth and fourth centuries BC', in C. Hugoniot, F. Hurlet and S. Milanezi (edd.), Le statut de
l'acteur dans l'Antiquité grecque et romaine (Tours, 2004), 53-76, at 70-1</mixed-citation>
            </p>
         </fn>
         <fn id="d3147e279a1310">
            <label>10</label>
            <p>
               <mixed-citation id="d3147e286" publication-type="other">
P.E. Easterling, 'Euripides outside Athens: a speculative note', ICS 19 (1994), 72-80</mixed-citation>
            </p>
            <p>
               <mixed-citation id="d3147e292" publication-type="other">
O.
Taplin, 'Spreading the word through performance', in S. Goldhill and R. Osborne (edd.) Perfor-
mance Culture and Athenian Democracy (Cambridge, 1999), 33-57</mixed-citation>
            </p>
            <p>
               <mixed-citation id="d3147e304" publication-type="other">
id, 'Aeschylus' Persai - the
entry of tragedy into the celebration culture of the 470s', in D.L. Cairns and V. Liapis (edd.),
Dionysalexandros: Essays on Aeschylus and his Fellow Tragedians in honour of A.F. Garvie
(Swansea, 2006), 1-10</mixed-citation>
            </p>
            <p>
               <mixed-citation id="d3147e320" publication-type="other">
C. Dearden, 'Plays for export', Phoenix 453 (1999), 222-48</mixed-citation>
            </p>
            <p>
               <mixed-citation id="d3147e326" publication-type="other">
W. Allan,
'Euripides in Megale Hellas: some aspects of the early reception of tragedy', G&amp;amp;R 48 (2001),
67-86</mixed-citation>
            </p>
         </fn>
         <fn id="d3147e340a1310">
            <label>11</label>
            <p>
               <mixed-citation id="d3147e347" publication-type="other">
S. Scullion, 'Euripides and Macedon,
or the silence of the Frogs', CQ 53 (2003), 389-400.</mixed-citation>
            </p>
         </fn>
         <fn id="d3147e357a1310">
            <label>12</label>
            <p>
               <mixed-citation id="d3147e364" publication-type="other">
M. Kaimio, 'The citizenship of the theatre-makers in Athens', Würzburger Jahrbücher für die
Altertumswissenschaft 23 (1999), 43-61.</mixed-citation>
            </p>
         </fn>
         <fn id="d3147e374a1310">
            <label>13</label>
            <p>
               <mixed-citation id="d3147e381" publication-type="other">
M.L. West, 'The early chronology of Attic tragedy', CQ 39
(1989), 251-4.</mixed-citation>
            </p>
         </fn>
         <fn id="d3147e391a1310">
            <label>14</label>
            <p>
               <mixed-citation id="d3147e398" publication-type="other">
C. Lord, 'Aristotle's history of poetry', TAPhA 104 (1974), 195-229, at
224-7.</mixed-citation>
            </p>
         </fn>
         <fn id="d3147e408a1310">
            <label>15</label>
            <p>
               <mixed-citation id="d3147e415" publication-type="other">
G. Most, 'Generating genres: the idea of the tragic', in M. Depew and D. Obbink (edd.),
Matrices of Genre: Authors, Canons, and Society (Cambridge, MA, 2000), 15-35, at 23</mixed-citation>
            </p>
            <p>
               <mixed-citation id="d3147e424" publication-type="other">
D. Dutton, 'Aesthetics and evolutionary psychology', in J. Levinson (ed.), The
Oxford Handbook of Aesthetics (Oxford, 2003), 693-705, at 693-4</mixed-citation>
            </p>
         </fn>
         <fn id="d3147e434a1310">
            <label>16</label>
            <p>
               <mixed-citation id="d3147e441" publication-type="other">
Eth. Nic. 7.5, 1149a9-11</mixed-citation>
            </p>
         </fn>
         <fn id="d3147e449a1310">
            <label>17</label>
            <p>
               <mixed-citation id="d3147e456" publication-type="other">
Eth. Nic. 2.1, 1103a20-1</mixed-citation>
            </p>
            <p>
               <mixed-citation id="d3147e462" publication-type="other">
Pol. 1.2,
1252b27-3a9</mixed-citation>
            </p>
            <p>
               <mixed-citation id="d3147e471" publication-type="other">
T.J. Saunders, Aristotle's Politics Books I and II
(Oxford, 1995), 61-3</mixed-citation>
            </p>
            <p>
               <mixed-citation id="d3147e481" publication-type="other">
F.D. Miller, Nature, Justice, and Rights in Aristotle's Politics (Oxford,
1995), 27-56 (esp. 37-45)</mixed-citation>
            </p>
            <p>
               <mixed-citation id="d3147e490" publication-type="other">
Lloyd (n. 3), 184-204</mixed-citation>
            </p>
            <p>
               <mixed-citation id="d3147e496" publication-type="other">
R. Kraut, Aristotle: Political Philosophy (Oxford
2002), 242-6.</mixed-citation>
            </p>
         </fn>
         <fn id="d3147e506a1310">
            <label>18</label>
            <p>
               <mixed-citation id="d3147e513" publication-type="other">
Most (n. 15), 23</mixed-citation>
            </p>
         </fn>
         <fn id="d3147e520a1310">
            <label>19</label>
            <p>
               <mixed-citation id="d3147e527" publication-type="other">
P.C. Hogan, The Mind and Its Stories: Narrative Universals and Human Evolution (Cam-
bridge, 2003), 23</mixed-citation>
            </p>
         </fn>
         <fn id="d3147e537a1310">
            <label>20</label>
            <p>
               <mixed-citation id="d3147e544" publication-type="other">
P. Wilson, The Athenian Institution of the Khoregia (Cambridge, 2000).</mixed-citation>
            </p>
         </fn>
         <fn id="d3147e551a1310">
            <label>22</label>
            <p>
               <mixed-citation id="d3147e558" publication-type="other">
Heath (n. 8), 60.</mixed-citation>
            </p>
         </fn>
         <fn id="d3147e565a1310">
            <label>23</label>
            <p>
               <mixed-citation id="d3147e572" publication-type="other">
Rh. 3.1, 1403b31-4a8</mixed-citation>
            </p>
         </fn>
         <fn id="d3147e580a1310">
            <label>24</label>
            <p>
               <mixed-citation id="d3147e587" publication-type="other">
Pl. Ti. 22B-23B</mixed-citation>
            </p>
            <p>
               <mixed-citation id="d3147e593" publication-type="other">
Plt. 270C-D</mixed-citation>
            </p>
            <p>
               <mixed-citation id="d3147e599" publication-type="other">
Leg. 3, 677A-80E</mixed-citation>
            </p>
            <p>
               <mixed-citation id="d3147e606" publication-type="other">
Theophrastus F184 FHS&amp;amp;G (= Philo,
De aeternitate mundi 129-31, 145-9)</mixed-citation>
            </p>
            <p>
               <mixed-citation id="d3147e615" publication-type="other">
C. Natali, 'La teoria aristotelica delle catastrofi. Metodi
di razionalizzazione di un mito', RFIC 105 (1977), 403-24</mixed-citation>
            </p>
            <p>
               <mixed-citation id="d3147e624" publication-type="other">
J.A. Palmer, 'Aristotle on the ancient
theologians', Apeiron 33 (2000), 181-205.</mixed-citation>
            </p>
         </fn>
         <fn id="d3147e634a1310">
            <label>26</label>
            <p>
               <mixed-citation id="d3147e641" publication-type="other">
M. Heath, Aristotle on natural slavery', Phronesis 53 (2008), 243-70.</mixed-citation>
            </p>
         </fn>
         <fn id="d3147e648a1310">
            <label>27</label>
            <p>
               <mixed-citation id="d3147e655" publication-type="other">
Int. 1, 16a3-8, 19-29</mixed-citation>
            </p>
         </fn>
         <fn id="d3147e662a1310">
            <label>28</label>
            <p>
               <mixed-citation id="d3147e669" publication-type="other">
L. Bohannan, 'Shakespeare in the bush', Natural
History 75 (1966), 28-33.</mixed-citation>
            </p>
         </fn>
         <fn id="d3147e679a1310">
            <label>29</label>
            <p>
               <mixed-citation id="d3147e686" publication-type="other">
M. Coulson (tr.), Three Sanskrit Plays
(Harmondsworth, 1981)</mixed-citation>
            </p>
            <p>
               <mixed-citation id="d3147e695" publication-type="other">
J.A.B. van Buitenen (tr.), Two Plays of Ancient India (New York, 1968)</mixed-citation>
            </p>
            <p>
               <mixed-citation id="d3147e701" publication-type="other">
W.J. Johnson (tr.), The Recognition of Sakuntala (Oxford, 2001).</mixed-citation>
            </p>
            <p>
               <mixed-citation id="d3147e708" publication-type="other">
B.S. Miller (ed.), The Theater of
Memory: The Plays of Kalidasa (New York, 1984)</mixed-citation>
            </p>
            <p>
               <mixed-citation id="d3147e717" publication-type="other">
E. Gerow, Indian Poetics = J. Gond (ed.), A History of Indian Literature, V/3 (Wiesbaden
1977).</mixed-citation>
            </p>
         </fn>
         <fn id="d3147e727a1310">
            <label>31</label>
            <p>
               <mixed-citation id="d3147e734" publication-type="other">
Hogan (n. 19), 98-121</mixed-citation>
            </p>
         </fn>
         <fn id="d3147e742a1310">
            <label>32</label>
            <p>
               <mixed-citation id="d3147e749" publication-type="other">
Timaeus (FGrH 566F46)</mixed-citation>
            </p>
            <p>
               <mixed-citation id="d3147e755" publication-type="other">
Demon (FGrH 327F18)</mixed-citation>
            </p>
            <p>
               <mixed-citation id="d3147e761" publication-type="other">
Top. 1.11, 105a3-9</mixed-citation>
            </p>
         </fn>
         <fn id="d3147e768a1310">
            <label>33</label>
            <p>
               <mixed-citation id="d3147e775" publication-type="other">
Pol. 5.9, 1310a12-38</mixed-citation>
            </p>
         </fn>
         <fn id="d3147e782a1310">
            <label>34</label>
            <p>
               <mixed-citation id="d3147e789" publication-type="other">
A. Ford, 'Catharsis: the power of music in Aristotle's
Politics', in P. Murray and P. Wilson (edd.), Music and the Muses (Oxford, 2004), 309-36.</mixed-citation>
            </p>
         </fn>
         <fn id="d3147e799a1310">
            <label>35</label>
            <p>
               <mixed-citation id="d3147e806" publication-type="other">
Pol. 8.6,
1340b35-9</mixed-citation>
            </p>
            <p>
               <mixed-citation id="d3147e815" publication-type="other">
Pol. 3.11, 1281a39-b10</mixed-citation>
            </p>
            <p>
               <mixed-citation id="d3147e821" publication-type="other">
A. Ford, The Origins
of Criticism: Literary Culture and Poetic Theory in Classical Greece (Princeton, 2002), 286-92</mixed-citation>
            </p>
            <p>
               <mixed-citation id="d3147e831" publication-type="other">
T. Samaras, 'Aristotle's Politics', the city of Book Seven and the question of ideology', CQ 57
(2007), 77-89, at 83-4.</mixed-citation>
            </p>
         </fn>
      </fn-group>
   </back>
</article>
