<article xmlns:xlink="http://www.w3.org/1999/xlink"
         xmlns:mml="http://www.w3.org/1998/Math/MathML"
         dtd-version="1.0"
         article-type="research-article">
   <front>
      <journal-meta>
         <journal-id journal-id-type="jstor">clasquar</journal-id>
         <journal-id journal-id-type="jstor">j100124</journal-id>
         <journal-title-group>
            <journal-title>The Classical Quarterly</journal-title>
         </journal-title-group>
         <publisher>
            <publisher-name>Cambridge University Press</publisher-name>
         </publisher>
         <custom-meta-group>
            <custom-meta>
               <meta-name>journal-series-title</meta-name>
               <meta-value>New Series</meta-value>
            </custom-meta>
         </custom-meta-group>
         <issn pub-type="ppub">00098388</issn>
         <issn pub-type="epub">14716844</issn>
      </journal-meta>
      <article-meta>
         <article-id pub-id-type="jstor">20616719</article-id>
         <article-id pub-id-type="pub-doi">10.1017/S0009838809990310</article-id>
         <article-categories>
            <subj-group>
               <subject>Shorter Notes</subject>
            </subj-group>
         </article-categories>
         <title-group>
            <article-title>Texts and Topography</article-title>
         </title-group>
         <contrib-group>
            <contrib>
               <string-name>
                  <given-names>Peter E.</given-names>
                  <surname>Knox</surname>
               </string-name>
            </contrib>
         </contrib-group>
         <pub-date>
            <day>1</day>
            <month>12</month>
            <year>2009</year>
         </pub-date>
         <volume>59</volume>
         <issue>2</issue>
         <issue-id>i20616686</issue-id>
         <fpage>658</fpage>
         <lpage>664</lpage>
         <permissions>
            <copyright-statement>Copyright 2009 The Classical Association</copyright-statement>
         </permissions>
         <self-uri xlink:href="http://www.jstor.org/stable/20616719"/>
         <custom-meta-group>
            <custom-meta>
               <meta-name>lang</meta-name>
               <meta-value>eng</meta-value>
            </custom-meta>
         </custom-meta-group>
      </article-meta>
   </front>
   <back>
      <fn-group>
         <title>[Footnotes]</title>
         <fn id="d3226e149a1310">
            <label>1</label>
            <p>
               <mixed-citation id="d3226e156" publication-type="other">
'The application of thought to textual criticism', PCA 18 (1922), 84</mixed-citation>
            </p>
            <p>
               <mixed-citation id="d3226e162" publication-type="other">
J. Diggle and F.R.D.
Goodyear (edd.), The Classical Papers of A. E. Housman, Vol. 3 (Cambridge, 1972), 1069.</mixed-citation>
            </p>
         </fn>
         <fn id="d3226e172a1310">
            <label>2</label>
            <p>
               <mixed-citation id="d3226e179" publication-type="other">
L. Richardson, A New Topographical Dictionary of Ancient Rome (Baltimore, 1992),
244-5</mixed-citation>
            </p>
            <p>
               <mixed-citation id="d3226e188" publication-type="other">
L. Haselberger (ed.), Mapping Augustan Rome. JRA Suppl. 50 (Portsmouth, RI, 2002),
165</mixed-citation>
            </p>
            <p>
               <mixed-citation id="d3226e197" publication-type="other">
A. La Regina (ed.), Lexicon Topographicum Urbis Romae - Suburbium (Rome, 2006), 44-5.</mixed-citation>
            </p>
         </fn>
         <fn id="d3226e204a1310">
            <label>3</label>
            <p>
               <mixed-citation id="d3226e211" publication-type="other">
S.B. Plainer and T. Ashby, A Topographical Dictionary of Rome (Oxford, 1926), 123-4, 568.</mixed-citation>
            </p>
         </fn>
         <fn id="d3226e218a1310">
            <label>4</label>
            <p>
               <mixed-citation id="d3226e225" publication-type="other">
Richardson (n. 2), 419.</mixed-citation>
            </p>
         </fn>
         <fn id="d3226e233a1310">
            <label>5</label>
            <p>
               <mixed-citation id="d3226e240" publication-type="other">
R. Joy Littlewood, A Commentary on Ovid's Fasti, Book 6 (Oxford, 2006), 63.</mixed-citation>
            </p>
         </fn>
         <fn id="d3226e247a1310">
            <label>6</label>
            <p>
               <mixed-citation id="d3226e254" publication-type="other">
Thus Carlo di Napoli, Anaptyxis ad
Fastos P. Ovidii Nasonis (Antwerp, 1638) ad loc.</mixed-citation>
            </p>
            <p>
               <mixed-citation id="d3226e263" publication-type="other">
Raffaello Fabretti, De aquis et
aquæductibus veteris Romae dissertationes tres (Rome, 1680)</mixed-citation>
            </p>
            <p>
               <mixed-citation id="d3226e272" publication-type="other">
Plaut. fr. 105 domum ire
coepi tramite dextra uia, Verg. Aen. 6.541-2 hic locus est, partis ubi se uiafindit in ambas: | dextera
quae Ditis magni sub moenia tendit, TLL s.v. dexter 921.75-922.4, 922.63-7</mixed-citation>
            </p>
         </fn>
         <fn id="d3226e285a1310">
            <label>7</label>
            <p>
               <mixed-citation id="d3226e292" publication-type="other">
Haselberger (n. 2), 263-4.</mixed-citation>
            </p>
         </fn>
         <fn id="d3226e299a1310">
            <label>8</label>
            <p>
               <mixed-citation id="d3226e306" publication-type="other">
J.G. Frazer, P. Ovidius Naso: Fastorum Libri Sex (London, 1929), ad loc.</mixed-citation>
            </p>
            <p>
               <mixed-citation id="d3226e312" publication-type="other">
R. Schilling, Ovide: Les Fastes. Tome II: Livres IV-VI(Paris 1993), 182 n. 124</mixed-citation>
            </p>
         </fn>
         <fn id="d3226e319a1310">
            <label>9</label>
            <p>
               <mixed-citation id="d3226e326" publication-type="other">
Haselberger (n. 2), 182.</mixed-citation>
            </p>
            <p>
               <mixed-citation id="d3226e332" publication-type="other">
Varro, Ling. 5.43</mixed-citation>
            </p>
            <p>
               <mixed-citation id="d3226e338" publication-type="other">
Richardson (n. 2), 269</mixed-citation>
            </p>
         </fn>
         <fn id="d3226e345a1310">
            <label>10</label>
            <p>
               <mixed-citation id="d3226e352" publication-type="other">
Littlewood (n. 5), 126</mixed-citation>
            </p>
         </fn>
         <fn id="d3226e360a1310">
            <label>11</label>
            <p>
               <mixed-citation id="d3226e367" publication-type="other">
Haselberger (n. 2), 78-9.</mixed-citation>
            </p>
         </fn>
         <fn id="d3226e374a1310">
            <label>12</label>
            <p>
               <mixed-citation id="d3226e381" publication-type="other">
Thus F. Bömer, P. Ovidius Naso: Die Fasten. Band II (Heidelberg, 1958), 366</mixed-citation>
            </p>
         </fn>
         <fn id="d3226e388a1310">
            <label>13</label>
            <p>
               <mixed-citation id="d3226e395" publication-type="other">
Haselberger (n. 2), 221</mixed-citation>
            </p>
            <p>
               <mixed-citation id="d3226e401" publication-type="other">
F. Coarelli, Il Foro Romano: Periodo Arcaico (Rome, 1983),
236-7.</mixed-citation>
            </p>
         </fn>
         <fn id="d3226e411a1310">
            <label>14</label>
            <p>
               <mixed-citation id="d3226e418" publication-type="other">
M. Steinby (ed.), Lexicon Topographicum Urbis Romae (Rome, 1993-9), 4.241-2.</mixed-citation>
            </p>
         </fn>
         <fn id="d3226e425a1310">
            <label>15</label>
            <p>
               <mixed-citation id="d3226e432" publication-type="other">
S. Green, 'Playing with marble: the monuments of the Caesars in Ovid's Fasti', CQ 54
(2004), 224-39.</mixed-citation>
            </p>
         </fn>
         <fn id="d3226e442a1310">
            <label>16</label>
            <p>
               <mixed-citation id="d3226e449" publication-type="other">
C. Edwards, Writing Rome: Textual Approaches to the City (Cambridge, 1996), 123.</mixed-citation>
            </p>
         </fn>
         <fn id="d3226e457a1310">
            <label>17</label>
            <p>
               <mixed-citation id="d3226e464" publication-type="other">
A. Scholte, Publii Ovidii Nasonis ex Ponto Liber Primus commentario exegetico
instructus (Amersfurt, 1933), 158</mixed-citation>
            </p>
            <p>
               <mixed-citation id="d3226e473" publication-type="other">
M. Helzle, Ovids Epistulae ex Ponto. Buch I-II: Kommentar
(Heidelberg 2003), 217</mixed-citation>
            </p>
            <p>
               <mixed-citation id="d3226e482" publication-type="other">
Ars
1.72-90</mixed-citation>
            </p>
            <p>
               <mixed-citation id="d3226e492" publication-type="other">
Fora (79-80)</mixed-citation>
            </p>
         </fn>
         <fn id="d3226e499a1310">
            <label>18</label>
            <p>
               <mixed-citation id="d3226e506" publication-type="other">
Steinby (n. 14), 4.344-5.</mixed-citation>
            </p>
         </fn>
         <fn id="d3226e513a1310">
            <label>19</label>
            <p>
               <mixed-citation id="d3226e520" publication-type="other">
Steinby (n. 14), 1.72-3.</mixed-citation>
            </p>
         </fn>
         <fn id="d3226e527a1310">
            <label>20</label>
            <p>
               <mixed-citation id="d3226e534" publication-type="other">
R.H. Rodgers, Frontinus: De Aquaeductu Urbis Romae (Cambridge, 2004), 176-7.</mixed-citation>
            </p>
         </fn>
         <fn id="d3226e541a1310">
            <label>21</label>
            <p>
               <mixed-citation id="d3226e548" publication-type="other">
Steinby (n. 14), 2.237-9</mixed-citation>
            </p>
            <p>
               <mixed-citation id="d3226e554" publication-type="other">
Haselberger (n. 2), 121-2</mixed-citation>
            </p>
         </fn>
         <fn id="d3226e561a1310">
            <label>22</label>
            <p>
               <mixed-citation id="d3226e568" publication-type="other">
K-S 1.209-12</mixed-citation>
            </p>
            <p>
               <mixed-citation id="d3226e574" publication-type="other">
H-S 60-1.</mixed-citation>
            </p>
            <p>
               <mixed-citation id="d3226e580" publication-type="other">
Caecil. Com. 85 ista ... noxa ... muliebris magis quam uiri and, in prose</mixed-citation>
            </p>
            <p>
               <mixed-citation id="d3226e587" publication-type="other">
Cic. Leg.
Man. 33 ante ostium Tiberinum ... intra Oceani ostium.</mixed-citation>
            </p>
            <p>
               <mixed-citation id="d3226e596" publication-type="other">
TLL s.v. 1493.3-47</mixed-citation>
            </p>
            <p>
               <mixed-citation id="d3226e602" publication-type="other">
Ibis (1)</mixed-citation>
            </p>
            <p>
               <mixed-citation id="d3226e608" publication-type="other">
Prop. 3.2.14 Marcius ... liquor, 3.22.24 Marcius
... umor, [Tib.] 3.6.58 Marcia lympha</mixed-citation>
            </p>
         </fn>
         <fn id="d3226e619a1310">
            <label>23</label>
            <p>
               <mixed-citation id="d3226e626" publication-type="other">
A. Kiessling, Q Horatius Flaccus: Oden und Epoden, rev. R. Heinze (Zurich, 1968) ad
loc.</mixed-citation>
            </p>
            <p>
               <mixed-citation id="d3226e635" publication-type="other">
R.G.M. Nisbet and M. Hubbard, A Commentary on Horace: Odes, Book 1 (Oxford,
1970), 113.</mixed-citation>
            </p>
         </fn>
         <fn id="d3226e645a1310">
            <label>24</label>
            <p>
               <mixed-citation id="d3226e652" publication-type="other">
L. Haselberger, Urbem Adornare: Die Stadt Rom und ihre Gestaltumwandlung unter
Augustus. JRA Suppl. 64 (Portsmouth, RI, 2007), 123-5</mixed-citation>
            </p>
         </fn>
         <fn id="d3226e662a1310">
            <label>25</label>
            <p>
               <mixed-citation id="d3226e669" publication-type="other">
Housman (n. 1), 84</mixed-citation>
            </p>
            <p>
               <mixed-citation id="d3226e675" publication-type="other">
Diggle and Goodyear (n. 1), 1069</mixed-citation>
            </p>
         </fn>
      </fn-group>
   </back>
</article>
