<article xmlns:xlink="http://www.w3.org/1999/xlink"
         xmlns:mml="http://www.w3.org/1998/Math/MathML"
         dtd-version="1.0"
         article-type="research-article">
   <front>
      <journal-meta>
         <journal-id journal-id-type="jstor">clasquar</journal-id>
         <journal-id journal-id-type="jstor">j100124</journal-id>
         <journal-title-group>
            <journal-title>The Classical Quarterly</journal-title>
         </journal-title-group>
         <publisher>
            <publisher-name>Cambridge University Press</publisher-name>
         </publisher>
         <custom-meta-group>
            <custom-meta>
               <meta-name>journal-series-title</meta-name>
               <meta-value>New Series</meta-value>
            </custom-meta>
         </custom-meta-group>
         <issn pub-type="ppub">00098388</issn>
         <issn pub-type="epub">14716844</issn>
      </journal-meta>
      <article-meta>
         <article-id pub-id-type="jstor">20616694</article-id>
         <article-id pub-id-type="pub-doi">10.1017/S0009838809990061</article-id>
         <title-group>
            <article-title>A Reconsideration of the Musician Chaeris</article-title>
         </title-group>
         <contrib-group>
            <contrib>
               <string-name>
                  <given-names>Andrew</given-names>
                  <surname>Hartwig</surname>
               </string-name>
            </contrib>
         </contrib-group>
         <pub-date>
            <day>1</day>
            <month>12</month>
            <year>2009</year>
         </pub-date>
         <volume>59</volume>
         <issue>2</issue>
         <issue-id>i20616686</issue-id>
         <fpage>383</fpage>
         <lpage>397</lpage>
         <permissions>
            <copyright-statement>Copyright 2009 The Classical Association</copyright-statement>
         </permissions>
         <self-uri xlink:href="http://www.jstor.org/stable/20616694"/>
         <custom-meta-group>
            <custom-meta>
               <meta-name>lang</meta-name>
               <meta-value>eng</meta-value>
            </custom-meta>
         </custom-meta-group>
      </article-meta>
   </front>
   <back>
      <fn-group>
         <title>[Footnotes]</title>
         <fn id="d3059e113a1310">
            <label>1</label>
            <p>
               <mixed-citation id="d3059e120" publication-type="other">
I.E. Stephanis, [Unrepresented Characters]
[Unrepresented Characters] (Herakleion, 1988)</mixed-citation>
            </p>
         </fn>
         <fn id="d3059e130a1310">
            <label>2</label>
            <p>
               <mixed-citation id="d3059e137" publication-type="other">
J.A. Davison, 'Notes on the
Panathenaea', JHS 78 (1958), 23-42, at 36-42</mixed-citation>
            </p>
            <p>
               <mixed-citation id="d3059e146" publication-type="other">
J.L. Shear, 'Polis and Panathenaia: the history
and development of Athena's festival' (Diss., University of Pennsylvania, 2001), 373-6</mixed-citation>
            </p>
         </fn>
         <fn id="d3059e156a1310">
            <label>3</label>
            <p>
               <mixed-citation id="d3059e163" publication-type="other">
[Unrepresented Characters] Ach. 16a</mixed-citation>
            </p>
            <p>
               <mixed-citation id="d3059e169" publication-type="other">
Suda χ 171.</mixed-citation>
            </p>
            <p>
               <mixed-citation id="d3059e175" publication-type="other">
[Unrepresented Characters] Ach. 13a</mixed-citation>
            </p>
            <p>
               <mixed-citation id="d3059e182" publication-type="other">
Shear [n. 2], 355-6</mixed-citation>
            </p>
            <p>
               <mixed-citation id="d3059e188" publication-type="other">
A. Hartwig, 'Interpretive notes on Aristophanes' Thesmophoriazusae', Philologus 152 [2008],
49-64, esp. 61-2</mixed-citation>
            </p>
         </fn>
         <fn id="d3059e198a1310">
            <label>4</label>
            <p>
               <mixed-citation id="d3059e205" publication-type="other">
F. Clausen, De scholiis veteribus in Aves Aristophanis compositis
(Diss., Kiel, 1881), 34</mixed-citation>
            </p>
            <p>
               <mixed-citation id="d3059e214" publication-type="other">
R.P. Winnington-Ingram, 'Kónnos, Konnâs, Cheride
e la professione di músico', in B. Gentili and R. Pretagostini (edd.), La Música in Grecia (Bari,
1988), 246-63, at 252</mixed-citation>
            </p>
         </fn>
         <fn id="d3059e228a1310">
            <label>6</label>
            <p>
               <mixed-citation id="d3059e235" publication-type="other">
Winnington-Ingram (n. 4), 252.</mixed-citation>
            </p>
         </fn>
         <fn id="d3059e242a1310">
            <label>7</label>
            <p>
               <mixed-citation id="d3059e249" publication-type="other">
S.D. Olson, Aristophanes: Peace (Oxford, 1998), on 950-5</mixed-citation>
            </p>
            <p>
               <mixed-citation id="d3059e255" publication-type="other">
Chaeris of Birds 858</mixed-citation>
            </p>
         </fn>
         <fn id="d3059e262a1310">
            <label>8</label>
            <p>
               <mixed-citation id="d3059e269" publication-type="other">
Paroemiogr. I. Append. Cent. V, 21</mixed-citation>
            </p>
            <p>
               <mixed-citation id="d3059e275" publication-type="other">
Suda χ 171</mixed-citation>
            </p>
         </fn>
         <fn id="d3059e282a1310">
            <label>9</label>
            <p>
               <mixed-citation id="d3059e289" publication-type="other">
Stephanis [n. 1], no. 2595</mixed-citation>
            </p>
            <p>
               <mixed-citation id="d3059e295" publication-type="other">
FD
III 4, 125 lines 6-7</mixed-citation>
            </p>
         </fn>
         <fn id="d3059e305a1310">
            <label>10</label>
            <p>
               <mixed-citation id="d3059e312" publication-type="other">
Ar. Av. 161</mixed-citation>
            </p>
            <p>
               <mixed-citation id="d3059e318" publication-type="other">
Suda v 597</mixed-citation>
            </p>
            <p>
               <mixed-citation id="d3059e324" publication-type="other">
N. Dunbar, Aristophanes: Birds (Oxford,
1995), on 161</mixed-citation>
            </p>
            <p>
               <mixed-citation id="d3059e334" publication-type="other">
Vesp. 675</mixed-citation>
            </p>
            <p>
               <mixed-citation id="d3059e340" publication-type="other">
Suda κ 2048</mixed-citation>
            </p>
            <p>
               <mixed-citation id="d3059e346" publication-type="other">
Lys. 158</mixed-citation>
            </p>
            <p>
               <mixed-citation id="d3059e352" publication-type="other">
Paroemiogr. I. Diogen. Cent. V, 85</mixed-citation>
            </p>
            <p>
               <mixed-citation id="d3059e358" publication-type="other">
Paroemiogr. I. Zenob. Cent. I, 2</mixed-citation>
            </p>
         </fn>
         <fn id="d3059e365a1310">
            <label>12</label>
            <p>
               <mixed-citation id="d3059e372" publication-type="other">
Olson (n. 7), on 950-5.</mixed-citation>
            </p>
            <p>
               <mixed-citation id="d3059e378" publication-type="other">
Ar. Thesm. 221</mixed-citation>
            </p>
            <p>
               <mixed-citation id="d3059e384" publication-type="other">
Melanippides PMG 758</mixed-citation>
            </p>
            <p>
               <mixed-citation id="d3059e391" publication-type="other">
Telestes PMG 805(a) line 3</mixed-citation>
            </p>
            <p>
               <mixed-citation id="d3059e397" publication-type="other">
Arist. Pol. 1341b2-6.</mixed-citation>
            </p>
            <p>
               <mixed-citation id="d3059e403" publication-type="other">
Alcibiades at Plut. Alc. 2.5</mixed-citation>
            </p>
            <p>
               <mixed-citation id="d3059e409" publication-type="other">
P. Wilson, 'The aulos in Athens', in S. Goldhill and R. Osborne (edd.), Performance
Culture and Athenian Democracy (Cambridge, 1999), 58-95, at 60-9.</mixed-citation>
            </p>
            <p>
               <mixed-citation id="d3059e418" publication-type="other">
N.H. Demand, Thebes
in the Fifth Century (London, 1982), 89</mixed-citation>
            </p>
            <p>
               <mixed-citation id="d3059e427" publication-type="other">
M.L. West, Ancient Greek Music (Oxford, 1994),
106.</mixed-citation>
            </p>
         </fn>
         <fn id="d3059e438a1310">
            <label>14</label>
            <p>
               <mixed-citation id="d3059e445" publication-type="other">
Paroemiogr. II. Diogen. Cent. I, 92.</mixed-citation>
            </p>
            <p>
               <mixed-citation id="d3059e451" publication-type="other">
Suda α 4438.</mixed-citation>
            </p>
         </fn>
         <fn id="d3059e458a1310">
            <label>15</label>
            <p>
               <mixed-citation id="d3059e465" publication-type="other">
Horn. Od. 17.382-7</mixed-citation>
            </p>
            <p>
               <mixed-citation id="d3059e471" publication-type="other">
Archil, fr. 124.3(b) IEG</mixed-citation>
            </p>
            <p>
               <mixed-citation id="d3059e477" publication-type="other">
Xen. Symp. 1.13.</mixed-citation>
            </p>
            <p>
               <mixed-citation id="d3059e484" publication-type="other">
W.G. Arnott, Alexis: The Fragments
(Cambridge, 1996), 611</mixed-citation>
            </p>
         </fn>
         <fn id="d3059e494a1310">
            <label>16</label>
            <p>
               <mixed-citation id="d3059e501" publication-type="other">
Dunbar (n. 10), on Av. 858</mixed-citation>
            </p>
            <p>
               <mixed-citation id="d3059e507" publication-type="other">
Van Leeuwen on Av. 859</mixed-citation>
            </p>
         </fn>
         <fn id="d3059e514a1310">
            <label>17</label>
            <p>
               <mixed-citation id="d3059e521" publication-type="other">
Ath. 4.184D</mixed-citation>
            </p>
            <p>
               <mixed-citation id="d3059e527" publication-type="other">
Polyaen. 1.10</mixed-citation>
            </p>
            <p>
               <mixed-citation id="d3059e533" publication-type="other">
Dio Chrys. Or. 7.121</mixed-citation>
            </p>
            <p>
               <mixed-citation id="d3059e540" publication-type="other">
Anth. Pal. 16.28</mixed-citation>
            </p>
            <p>
               <mixed-citation id="d3059e546" publication-type="other">
Wilson (n. 12), 74-5</mixed-citation>
            </p>
            <p>
               <mixed-citation id="d3059e552" publication-type="other">
Demand (n. 12), 86-9</mixed-citation>
            </p>
            <p>
               <mixed-citation id="d3059e558" publication-type="other">
P. Roesch, 'L'aulos et les aulètes en Béotie', in H. Beister and
J. Buckler (edd.), Boiotika (Munich, 1989), 203-14.</mixed-citation>
            </p>
         </fn>
         <fn id="d3059e568a1310">
            <label>18</label>
            <p>
               <mixed-citation id="d3059e575" publication-type="other">
[Unrepresented Characters] Ach. 864</mixed-citation>
            </p>
            <p>
               <mixed-citation id="d3059e581" publication-type="other">
West [n. 12], 103</mixed-citation>
            </p>
            <p>
               <mixed-citation id="d3059e587" publication-type="other">
Ar. Thesm. 1176</mixed-citation>
            </p>
            <p>
               <mixed-citation id="d3059e594" publication-type="other">
Pl. Cri. 54D</mixed-citation>
            </p>
            <p>
               <mixed-citation id="d3059e600" publication-type="other">
Poll. 4.82</mixed-citation>
            </p>
            <p>
               <mixed-citation id="d3059e606" publication-type="other">
West (n. 12), 105.</mixed-citation>
            </p>
         </fn>
         <fn id="d3059e613a1310">
            <label>20</label>
            <p>
               <mixed-citation id="d3059e620" publication-type="other">
Poll. 7.87.</mixed-citation>
            </p>
         </fn>
         <fn id="d3059e628a1310">
            <label>21</label>
            <p>
               <mixed-citation id="d3059e635" publication-type="other">
Σ Pind. Pyth. lia.</mixed-citation>
            </p>
            <p>
               <mixed-citation id="d3059e641" publication-type="other">
Lycophr. Alex. 786</mixed-citation>
            </p>
            <p>
               <mixed-citation id="d3059e647" publication-type="other">
Σ ad loc, Hsch. β 791.</mixed-citation>
            </p>
            <p>
               <mixed-citation id="d3059e654" publication-type="other">
L.R. Farnell, The Cults of
the Greek States, I (Oxford, 1896), 315-16,411 n. 107</mixed-citation>
            </p>
            <p>
               <mixed-citation id="d3059e663" publication-type="other">
A. Schachter, Cults of Boiotia: 1. Archeloos
to Hera, BICS Suppl. 38.1 (London, 1981), 134</mixed-citation>
            </p>
            <p>
               <mixed-citation id="d3059e672" publication-type="other">
S. Deacy, 'Athena in Boiotia', in J.M. Fossey
(ed.), Boeotia Antiqua V: Studies in Boiotian Topography, Cults and Terracottas (Amsterdam,
1995), 91-103, at 100-1.</mixed-citation>
            </p>
         </fn>
         <fn id="d3059e685a1310">
            <label>22</label>
            <p>
               <mixed-citation id="d3059e692" publication-type="other">
P. Wilson, 'Costing the Dionysia', in M. Revermann and P. Wilson (edd.), Perfor-
mance, Iconography, Reception (Oxford, 2008), 88-122, at 108.</mixed-citation>
            </p>
         </fn>
         <fn id="d3059e702a1310">
            <label>23</label>
            <p>
               <mixed-citation id="d3059e709" publication-type="other">
[Unrepresented Characters] Av. 861</mixed-citation>
            </p>
            <p>
               <mixed-citation id="d3059e715" publication-type="other">
J. Van
Leeuwen, Aristophanis Aves2 (Leiden, 1902)</mixed-citation>
            </p>
            <p>
               <mixed-citation id="d3059e724" publication-type="other">
B.B. Rogers, The Birds of Aristophanes (London,
1930)</mixed-citation>
            </p>
            <p>
               <mixed-citation id="d3059e734" publication-type="other">
A.H. Sommerstein, Aristophanes: Birds (Warminster, 1987)</mixed-citation>
            </p>
            <p>
               <mixed-citation id="d3059e740" publication-type="other">
Dunbar(n. 10), on 858.</mixed-citation>
            </p>
         </fn>
         <fn id="d3059e747a1310">
            <label>24</label>
            <p>
               <mixed-citation id="d3059e754" publication-type="other">
Aesch. Ag. 1472-4</mixed-citation>
            </p>
            <p>
               <mixed-citation id="d3059e760" publication-type="other">
M. Goldman, 'The poet's croak:
the name and function of Corax in Petronius', CQ 58 (2008), 375-8.</mixed-citation>
            </p>
            <p>
               <mixed-citation id="d3059e769" publication-type="other">
Pind. Ol. 2.87</mixed-citation>
            </p>
         </fn>
         <fn id="d3059e776a1310">
            <label>25</label>
            <p>
               <mixed-citation id="d3059e783" publication-type="other">
[Unrepresented Characters] Av. 858a</mixed-citation>
            </p>
         </fn>
         <fn id="d3059e790a1310">
            <label>26</label>
            <p>
               <mixed-citation id="d3059e797" publication-type="other">
Aesch. Supp. 751-2</mixed-citation>
            </p>
            <p>
               <mixed-citation id="d3059e803" publication-type="other">
Aesop no. 482</mixed-citation>
            </p>
            <p>
               <mixed-citation id="d3059e809" publication-type="other">
B.E. Perry, Aesopica I [Urbana, 1952], 482</mixed-citation>
            </p>
            <p>
               <mixed-citation id="d3059e816" publication-type="other">
Cass. Dio
54.29.8</mixed-citation>
            </p>
            <p>
               <mixed-citation id="d3059e825" publication-type="other">
Arr. Anab. 2.26A</mixed-citation>
            </p>
            <p>
               <mixed-citation id="d3059e831" publication-type="other">
Hsch. ε 1327</mixed-citation>
            </p>
            <p>
               <mixed-citation id="d3059e837" publication-type="other">
H. Friis Johansen and E.W. Whittle, Aeschylus: The
Suppliants (Copenhagen, 1980)</mixed-citation>
            </p>
         </fn>
         <fn id="d3059e848a1310">
            <label>27</label>
            <p>
               <mixed-citation id="d3059e855" publication-type="other">
Arist.
HA 617b18</mixed-citation>
            </p>
            <p>
               <mixed-citation id="d3059e864" publication-type="other">
Tzetzes on Ar. Nub. 969a.</mixed-citation>
            </p>
         </fn>
         <fn id="d3059e871a1310">
            <label>28</label>
            <p>
               <mixed-citation id="d3059e878" publication-type="other">
B.B. Rogers, The Peace of Aristophanes (London, 1913)</mixed-citation>
            </p>
         </fn>
         <fn id="d3059e885a1310">
            <label>29</label>
            <p>
               <mixed-citation id="d3059e892" publication-type="other">
A. Hartwig, 'Feasting
and flattering the crows', Mnemosyne 62 (2009), 90-3, esp. 92 n. 11.</mixed-citation>
            </p>
         </fn>
         <fn id="d3059e902a1310">
            <label>30</label>
            <p>
               <mixed-citation id="d3059e909" publication-type="other">
Dunbar (n. 10), on 858</mixed-citation>
            </p>
            <p>
               <mixed-citation id="d3059e915" publication-type="other">
F.E. Romer, 'When is
a bird not a bird?', TAPhA 113 (1983), 135-42, at 139 n. 13</mixed-citation>
            </p>
            <p>
               <mixed-citation id="d3059e924" publication-type="other">
Sommerstein (n. 23), on 858</mixed-citation>
            </p>
            <p>
               <mixed-citation id="d3059e931" publication-type="other">
O. Taplin, Comic Angels (Oxford, 1993), 106</mixed-citation>
            </p>
         </fn>
         <fn id="d3059e938a1310">
            <label>33</label>
            <p>
               <mixed-citation id="d3059e945" publication-type="other">
S. Halliwell, 'Ancient interpretations of
[Unrepresented Characters] in Aristophanes', CQ 34 (1984), 83-8.</mixed-citation>
            </p>
         </fn>
         <fn id="d3059e955a1310">
            <label>34</label>
            <p>
               <mixed-citation id="d3059e962" publication-type="other">
Suda χ 171</mixed-citation>
            </p>
         </fn>
         <fn id="d3059e970a1310">
            <label>35</label>
            <p>
               <mixed-citation id="d3059e977" publication-type="other">
[Unrepresented Characters]
Nub. 971a</mixed-citation>
            </p>
            <p>
               <mixed-citation id="d3059e986" publication-type="other">
Suda φ 761</mixed-citation>
            </p>
         </fn>
         <fn id="d3059e993a1310">
            <label>36</label>
            <p>
               <mixed-citation id="d3059e1000" publication-type="other">
[Unrepresented Characters] Ar. Eccl. 741</mixed-citation>
            </p>
            <p>
               <mixed-citation id="d3059e1006" publication-type="other">
Av. 489</mixed-citation>
            </p>
            <p>
               <mixed-citation id="d3059e1012" publication-type="other">
[Unrepresented Characters] Ar. Eq. 1279</mixed-citation>
            </p>
            <p>
               <mixed-citation id="d3059e1019" publication-type="other">
Hdt. 1.24.5</mixed-citation>
            </p>
            <p>
               <mixed-citation id="d3059e1025" publication-type="other">
Plut. De mus. 1140F</mixed-citation>
            </p>
            <p>
               <mixed-citation id="d3059e1031" publication-type="other">
Poll. 4.65</mixed-citation>
            </p>
            <p>
               <mixed-citation id="d3059e1037" publication-type="other">
Eust. Il. 3.137.9</mixed-citation>
            </p>
            <p>
               <mixed-citation id="d3059e1043" publication-type="other">
[Unrepresented Characters] Ar. Ran. 1282a</mixed-citation>
            </p>
            <p>
               <mixed-citation id="d3059e1049" publication-type="other">
West [n. 12], 352 n. 119</mixed-citation>
            </p>
            <p>
               <mixed-citation id="d3059e1056" publication-type="other">
[Unrepresented Characters] Ar.
Ach. 16a</mixed-citation>
            </p>
            <p>
               <mixed-citation id="d3059e1065" publication-type="other">
Paroemiogr. I. Append. V, 21</mixed-citation>
            </p>
            <p>
               <mixed-citation id="d3059e1071" publication-type="other">
Suda χ 171</mixed-citation>
            </p>
         </fn>
         <fn id="d3059e1078a1310">
            <label>37</label>
            <p>
               <mixed-citation id="d3059e1085" publication-type="other">
Halliwell (n. 33), 85.</mixed-citation>
            </p>
         </fn>
         <fn id="d3059e1092a1310">
            <label>38</label>
            <p>
               <mixed-citation id="d3059e1099" publication-type="other">
Suda χ 171</mixed-citation>
            </p>
         </fn>
         <fn id="d3059e1106a1310">
            <label>39</label>
            <p>
               <mixed-citation id="d3059e1113" publication-type="other">
Suda χ 171</mixed-citation>
            </p>
            <p>
               <mixed-citation id="d3059e1119" publication-type="other">
[Unrepresented Characters] Ach. 16</mixed-citation>
            </p>
         </fn>
         <fn id="d3059e1126a1310">
            <label>40</label>
            <p>
               <mixed-citation id="d3059e1133" publication-type="other">
Winnington-Ingram (n. 4), 252</mixed-citation>
            </p>
         </fn>
         <fn id="d3059e1141a1310">
            <label>42</label>
            <p>
               <mixed-citation id="d3059e1148" publication-type="other">
Clausen (n. 4), 34-5</mixed-citation>
            </p>
         </fn>
         <fn id="d3059e1155a1310">
            <label>43</label>
            <p>
               <mixed-citation id="d3059e1162" publication-type="other">
N.G Wilson, 'Scholiasts and commentators', GRBS 47 (2007), 39-70, at 43</mixed-citation>
            </p>
            <p>
               <mixed-citation id="d3059e1168" publication-type="other">
E. Maass, De biographis Graecis quaestiones selectae (Berlin, 1880), 139-41</mixed-citation>
            </p>
         </fn>
         <fn id="d3059e1175a1310">
            <label>44</label>
            <p>
               <mixed-citation id="d3059e1182" publication-type="other">
Diog. Laert. 1.112 and 5.3</mixed-citation>
            </p>
            <p>
               <mixed-citation id="d3059e1188" publication-type="other">
Suda α 3421</mixed-citation>
            </p>
            <p>
               <mixed-citation id="d3059e1194" publication-type="other">
Maass (n. 43), 23-47, and 54 n.
58.</mixed-citation>
            </p>
         </fn>
         <fn id="d3059e1204a1310">
            <label>45</label>
            <p>
               <mixed-citation id="d3059e1211" publication-type="other">
J. Steinhausen, [Unrepresented Characters]: De grammaticorum veterum studiis ad homines in
comoedia Attica irrisos pertinentibus (Diss., Bonn, 1910), 34.</mixed-citation>
            </p>
            <p>
               <mixed-citation id="d3059e1220" publication-type="other">
Steinhausen, 48-9</mixed-citation>
            </p>
            <p>
               <mixed-citation id="d3059e1226" publication-type="other">
Hypsicrates (P Oxy. 2192, lines 28-9)</mixed-citation>
            </p>
            <p>
               <mixed-citation id="d3059e1233" publication-type="other">
H.-G Nesselrath, Die attische Mittlere Komödie (Berlin/New York, 1990), 75 n. 32.</mixed-citation>
            </p>
            <p>
               <mixed-citation id="d3059e1239" publication-type="other">
Ath. 11.482C</mixed-citation>
            </p>
         </fn>
         <fn id="d3059e1246a1310">
            <label>46</label>
            <p>
               <mixed-citation id="d3059e1253" publication-type="other">
R. Pfeiffer, History of
Classical Scholarship from the Beginnings to the End of the Hellenistic Age (Oxford, 1968), 275.</mixed-citation>
            </p>
         </fn>
         <fn id="d3059e1263a1310">
            <label>47</label>
            <p>
               <mixed-citation id="d3059e1270" publication-type="other">
[Unrepresented Characters] Av. 1765</mixed-citation>
            </p>
         </fn>
         <fn id="d3059e1278a1310">
            <label>48</label>
            <p>
               <mixed-citation id="d3059e1285" publication-type="other">
Steinhausen (n. 45), 24-5</mixed-citation>
            </p>
            <p>
               <mixed-citation id="d3059e1291" publication-type="other">
P. Boudreaux, Le Texte d'Aristophane et ses commentateurs (Paris,
1919), 75-6 and 126</mixed-citation>
            </p>
            <p>
               <mixed-citation id="d3059e1300" publication-type="other">
J.W. White, The Scholia on the Aves of Aristophanes (Boston/London, 1915),
xxviii-xxix</mixed-citation>
            </p>
            <p>
               <mixed-citation id="d3059e1310" publication-type="other">
Pfeiffer (n. 46), 276 with n. 5.</mixed-citation>
            </p>
         </fn>
         <fn id="d3059e1317a1310">
            <label>49</label>
            <p>
               <mixed-citation id="d3059e1324" publication-type="other">
Halliwell's observations (n. 33), 87-8.</mixed-citation>
            </p>
         </fn>
         <fn id="d3059e1331a1310">
            <label>50</label>
            <p>
               <mixed-citation id="d3059e1338" publication-type="other">
White (n. 48), lxiv and lxvii.</mixed-citation>
            </p>
            <p>
               <mixed-citation id="d3059e1344" publication-type="other">
Dunbar (n. 10), 41-2.</mixed-citation>
            </p>
            <p>
               <mixed-citation id="d3059e1350" publication-type="other">
N.G. Wilson, Scholars of Byzantium2 (London, 1996), 33-6</mixed-citation>
            </p>
         </fn>
         <fn id="d3059e1357a1310">
            <label>51</label>
            <p>
               <mixed-citation id="d3059e1364" publication-type="other">
[Unrepresented Characters] Pax 951</mixed-citation>
            </p>
            <p>
               <mixed-citation id="d3059e1370" publication-type="other">
Suda χ 171</mixed-citation>
            </p>
            <p>
               <mixed-citation id="d3059e1376" publication-type="other">
[Unrepresented Characters] Av. 857a.</mixed-citation>
            </p>
         </fn>
         <fn id="d3059e1383a1310">
            <label>52</label>
            <p>
               <mixed-citation id="d3059e1390" publication-type="other">
Wilson (n. 12), 79-80.</mixed-citation>
            </p>
            <p>
               <mixed-citation id="d3059e1396" publication-type="other">
G.C. Nordquist, 'Some notes on musicians in Greek cult', in
R. Hägg, Ancient Greek Cult Practice from the Epigraphical Evidence (Stockholm, 1994), 81-93,
at 82</mixed-citation>
            </p>
            <p>
               <mixed-citation id="d3059e1408" publication-type="other">
Plut. Alc. 32</mixed-citation>
            </p>
            <p>
               <mixed-citation id="d3059e1415" publication-type="other">
Ath. 4.131B</mixed-citation>
            </p>
            <p>
               <mixed-citation id="d3059e1421" publication-type="other">
Plut. Quaest. conv. 632C-D</mixed-citation>
            </p>
            <p>
               <mixed-citation id="d3059e1427" publication-type="other">
P. Wilson, 'The
musicians among the actors', in P. Easterling and E. Hall (edd.), Greek and Roman Actors:
Aspects of an Ancient Profession (Cambridge, 2002), 39-68, at 51.</mixed-citation>
            </p>
         </fn>
         <fn id="d3059e1440a1310">
            <label>53</label>
            <p>
               <mixed-citation id="d3059e1447" publication-type="other">
Wilson (n. 52), 51.</mixed-citation>
            </p>
         </fn>
         <fn id="d3059e1455a1310">
            <label>54</label>
            <p>
               <mixed-citation id="d3059e1462" publication-type="other">
B.D. Meritt and J.S. Traill, The Athenian Agora: Volume
XV, The Athenian Councillors (Princeton, 1974), 11-12.</mixed-citation>
            </p>
            <p>
               <mixed-citation id="d3059e1471" publication-type="other">
[Arist.]
Ath. Pol. 62.2.</mixed-citation>
            </p>
            <p>
               <mixed-citation id="d3059e1480" publication-type="other">
D.J. Geagan, The Athenian Constitution after Sulla, Hesperia Supplement 12
(1967), 14 and 109</mixed-citation>
            </p>
            <p>
               <mixed-citation id="d3059e1490" publication-type="other">
Meritt and Traill
(above), 12</mixed-citation>
            </p>
            <p>
               <mixed-citation id="d3059e1499" publication-type="other">
Nordquist (n. 52), 83</mixed-citation>
            </p>
            <p>
               <mixed-citation id="d3059e1505" publication-type="other">
P.J. Rhodes, A Commentary on the Athenaion Politeia
(Oxford, 1981), 692</mixed-citation>
            </p>
            <p>
               <mixed-citation id="d3059e1514" publication-type="other">
Wilson (n. 12), 75 n. 65</mixed-citation>
            </p>
         </fn>
         <fn id="d3059e1521a1310">
            <label>55</label>
            <p>
               <mixed-citation id="d3059e1528" publication-type="other">
Meritt and Traill (n. 54), 11.</mixed-citation>
            </p>
         </fn>
         <fn id="d3059e1535a1310">
            <label>56</label>
            <p>
               <mixed-citation id="d3059e1544" publication-type="other">
Nordquist (n. 52), 83</mixed-citation>
            </p>
            <p>
               <mixed-citation id="d3059e1550" publication-type="other">
IG II2 1717</mixed-citation>
            </p>
            <p>
               <mixed-citation id="d3059e1557" publication-type="other">
IG II2
1720</mixed-citation>
            </p>
            <p>
               <mixed-citation id="d3059e1566" publication-type="other">
IG II2 1720</mixed-citation>
            </p>
            <p>
               <mixed-citation id="d3059e1572" publication-type="other">
IG II2 1717</mixed-citation>
            </p>
            <p>
               <mixed-citation id="d3059e1578" publication-type="other">
IG II2 1720</mixed-citation>
            </p>
            <p>
               <mixed-citation id="d3059e1584" publication-type="other">
IG II2 1721</mixed-citation>
            </p>
         </fn>
         <fn id="d3059e1591a1310">
            <label>57</label>
            <p>
               <mixed-citation id="d3059e1598" publication-type="other">
Sokolowski LSS no. 38A</mixed-citation>
            </p>
            <p>
               <mixed-citation id="d3059e1604" publication-type="other">
LSCG no. 151
A53.</mixed-citation>
            </p>
         </fn>
         <fn id="d3059e1614a1310">
            <label>59</label>
            <p>
               <mixed-citation id="d3059e1621" publication-type="other">
IG I3 131</mixed-citation>
            </p>
            <p>
               <mixed-citation id="d3059e1627" publication-type="other">
S.G. Miller, The Prytaneion [Los Angeles,
1978], 139-40</mixed-citation>
            </p>
         </fn>
         <fn id="d3059e1637a1310">
            <label>60</label>
            <p>
               <mixed-citation id="d3059e1646" publication-type="other">
Rhodes (n. 54), 693</mixed-citation>
            </p>
            <p>
               <mixed-citation id="d3059e1652" publication-type="other">
Dem. 19.200</mixed-citation>
            </p>
         </fn>
         <fn id="d3059e1660a1310">
            <label>62</label>
            <p>
               <mixed-citation id="d3059e1667" publication-type="other">
Winnington-Ingram (n. 4), 252</mixed-citation>
            </p>
         </fn>
         <fn id="d3059e1674a1310">
            <label>63</label>
            <p>
               <mixed-citation id="d3059e1681" publication-type="other">
Winnington-Ingram (n. 4), 252-3</mixed-citation>
            </p>
            <p>
               <mixed-citation id="d3059e1687" publication-type="other">
Dunbar (n. 10), on 858.</mixed-citation>
            </p>
         </fn>
         <fn id="d3059e1694a1310">
            <label>64</label>
            <p>
               <mixed-citation id="d3059e1701" publication-type="other">
I.C. Storey, '[Unrepresented Characters] and
[Unrepresented Characters] in Old Comedy' (Diss., Toronto, 1977), 164-5.</mixed-citation>
            </p>
            <p>
               <mixed-citation id="d3059e1710" publication-type="other">
A.H. Sommerstein, 'How to avoid being a komodoumenos', CQ 46 (1996), 327-56.</mixed-citation>
            </p>
         </fn>
         <fn id="d3059e1717a1310">
            <label>65</label>
            <p>
               <mixed-citation id="d3059e1724" publication-type="other">
S.D. Olson, Aristophanes: Acharnians (Oxford, 2002), on line 16.</mixed-citation>
            </p>
         </fn>
         <fn id="d3059e1731a1310">
            <label>66</label>
            <p>
               <mixed-citation id="d3059e1738" publication-type="other">
M.J. Osborne, Naturalization in Athens (Brussels, 1981), D6, Face B, Col. II line 74.</mixed-citation>
            </p>
         </fn>
         <fn id="d3059e1745a1310">
            <label>67</label>
            <p>
               <mixed-citation id="d3059e1752" publication-type="other">
M.J. Osborne and S.G. Byrne, A Lexicon of Greek Personal Names, II: Attica (Oxford,
1994).</mixed-citation>
            </p>
         </fn>
      </fn-group>
   </back>
</article>
