<article xmlns:xlink="http://www.w3.org/1999/xlink"
         xmlns:mml="http://www.w3.org/1998/Math/MathML"
         dtd-version="1.0"
         article-type="research-article">
   <front>
      <journal-meta>
         <journal-id journal-id-type="jstor">clasquar</journal-id>
         <journal-id journal-id-type="jstor">j100124</journal-id>
         <journal-title-group>
            <journal-title>The Classical Quarterly</journal-title>
         </journal-title-group>
         <publisher>
            <publisher-name>Cambridge University Press</publisher-name>
         </publisher>
         <custom-meta-group>
            <custom-meta>
               <meta-name>journal-series-title</meta-name>
               <meta-value>New Series</meta-value>
            </custom-meta>
         </custom-meta-group>
         <issn pub-type="ppub">00098388</issn>
         <issn pub-type="epub">14716844</issn>
      </journal-meta>
      <article-meta>
         <article-id pub-id-type="jstor">20616681</article-id>
         <article-id pub-id-type="pub-doi">10.1017/S0009838809000024X</article-id>
         <article-categories>
            <subj-group>
               <subject>Shorter Notes</subject>
            </subj-group>
         </article-categories>
         <title-group>
            <article-title>Horace, "Odes" 2.14.14</article-title>
         </title-group>
         <contrib-group>
            <contrib>
               <string-name>
                  <given-names>Archibald</given-names>
                  <surname>Allen</surname>
               </string-name>
            </contrib>
         </contrib-group>
         <pub-date>
            <day>1</day>
            <month>5</month>
            <year>2009</year>
         </pub-date>
         <volume>59</volume>
         <issue>1</issue>
         <issue-id>i20616656</issue-id>
         <fpage>279</fpage>
         <lpage>279</lpage>
         <permissions>
            <copyright-statement>Copyright 2009 The Classical Association</copyright-statement>
         </permissions>
         <self-uri xlink:href="http://www.jstor.org/stable/20616681"/>
         <custom-meta-group>
            <custom-meta>
               <meta-name>lang</meta-name>
               <meta-value>eng</meta-value>
            </custom-meta>
         </custom-meta-group>
      </article-meta>
   </front>
   <back>
      <fn-group>
         <title>[Footnotes]</title>
         <fn id="d5800e122a1310">
            <label>1</label>
            <p>
               <mixed-citation id="d5800e129" publication-type="other">
Ov. Fast. 4.282</mixed-citation>
            </p>
            <p>
               <mixed-citation id="d5800e135" publication-type="other">
Lucan 9.308</mixed-citation>
            </p>
            <p>
               <mixed-citation id="d5800e141" publication-type="other">
Sil. Ital. 5.398</mixed-citation>
            </p>
            <p>
               <mixed-citation id="d5800e148" publication-type="other">
TLL s.v frango, II A 2</mixed-citation>
            </p>
         </fn>
      </fn-group>
   </back>
</article>
