<article xmlns:xlink="http://www.w3.org/1999/xlink"
         xmlns:mml="http://www.w3.org/1998/Math/MathML"
         dtd-version="1.0"
         article-type="research-article">
   <front>
      <journal-meta>
         <journal-id journal-id-type="jstor">clasquar</journal-id>
         <journal-id journal-id-type="jstor">j100124</journal-id>
         <journal-title-group>
            <journal-title>The Classical Quarterly</journal-title>
         </journal-title-group>
         <publisher>
            <publisher-name>Cambridge University Press</publisher-name>
         </publisher>
         <custom-meta-group>
            <custom-meta>
               <meta-name>journal-series-title</meta-name>
               <meta-value>New Series</meta-value>
            </custom-meta>
         </custom-meta-group>
         <issn pub-type="ppub">00098388</issn>
         <issn pub-type="epub">14716844</issn>
      </journal-meta>
      <article-meta>
         <article-id pub-id-type="jstor">20616673</article-id>
         <article-id pub-id-type="pub-doi">10.1017/S00098388090000160</article-id>
         <title-group>
            <article-title>Seneca and Felicio: Imagery and Purpose</article-title>
         </title-group>
         <contrib-group>
            <contrib>
               <string-name>
                  <given-names>Patricia</given-names>
                  <surname>Watson</surname>
               </string-name>
            </contrib>
            <contrib>
               <string-name>
                  <given-names>Lindsay</given-names>
                  <surname>Watson</surname>
               </string-name>
            </contrib>
         </contrib-group>
         <pub-date>
            <day>1</day>
            <month>5</month>
            <year>2009</year>
         </pub-date>
         <volume>59</volume>
         <issue>1</issue>
         <issue-id>i20616656</issue-id>
         <fpage>212</fpage>
         <lpage>225</lpage>
         <permissions>
            <copyright-statement>Copyright 2009 The Classical Association</copyright-statement>
         </permissions>
         <self-uri xlink:href="http://www.jstor.org/stable/20616673"/>
         <custom-meta-group>
            <custom-meta>
               <meta-name>lang</meta-name>
               <meta-value>eng</meta-value>
            </custom-meta>
         </custom-meta-group>
      </article-meta>
   </front>
   <back>
      <fn-group>
         <title>[Footnotes]</title>
         <fn id="d5782e125a1310">
            <label>1</label>
            <p>
               <mixed-citation id="d5782e132" publication-type="other">
T. Wiedemann, Greek and Roman Slavery (London, 1981), 129</mixed-citation>
            </p>
            <p>
               <mixed-citation id="d5782e138" publication-type="other">
H. Parker, 'Crucially
funny or Tranio on the couch: the seruus callidus and jokes about torture', TAPA 119 (1989),
233-46, at 242</mixed-citation>
            </p>
            <p>
               <mixed-citation id="d5782e150" publication-type="other">
K. Bradley, Slavery and Society at Rome (Cambridge, 1994), 139</mixed-citation>
            </p>
            <p>
               <mixed-citation id="d5782e157" publication-type="other">
C. Laes,
'Desperately different? Delicia children in the Roman household', in D. Balch and C. Osiek
(edd.), Early Christian Families in Context (Michigan, 2003), 298-324, at 303</mixed-citation>
            </p>
            <p>
               <mixed-citation id="d5782e169" publication-type="other">
A. Setaioli,
'Seneca, lo schiavo Felicione e un iscrizione di Velia', Prometheus 24 (1998), 149-51.</mixed-citation>
            </p>
         </fn>
         <fn id="d5782e179a1310">
            <label>2</label>
            <p>
               <mixed-citation id="d5782e186" publication-type="other">
R. Coleman, 'The artful moralist: a study of Seneca's epistolary style', CQ 24 (1974),
276-89, at 283, n. 4.</mixed-citation>
            </p>
         </fn>
         <fn id="d5782e196a1310">
            <label>5</label>
            <p>
               <mixed-citation id="d5782e203" publication-type="other">
T.G
Parkin, Old Age in the Roman World: A Cultural and Social History (Baltimore / London, 2003),
220-1</mixed-citation>
            </p>
            <p>
               <mixed-citation id="d5782e215" publication-type="other">
K. Cokayne, Experiencing Old Age in Ancient Rome (London, 2003), 171, nn. 114 and
219.</mixed-citation>
            </p>
         </fn>
         <fn id="d5782e225a1310">
            <label>6</label>
            <p>
               <mixed-citation id="d5782e232" publication-type="other">
W.J. Slater, 'Pueri, turba minuta', BICS
21 (1974), 133^0, at 134-5</mixed-citation>
            </p>
            <p>
               <mixed-citation id="d5782e241" publication-type="other">
H.S. Nielsen, 'Delicia in Roman Inscriptions and in the Urban
Inscriptions', ARID 19 (1990), 79-88, at 81-3</mixed-citation>
            </p>
            <p>
               <mixed-citation id="d5782e250" publication-type="other">
Laes (n. 1), 300-4.</mixed-citation>
            </p>
            <p>
               <mixed-citation id="d5782e257" publication-type="other">
C.D.N. Costa [ed.], Seneca: 17 Letters [Warminster, 1988], ad loc.</mixed-citation>
            </p>
            <p>
               <mixed-citation id="d5782e263" publication-type="other">
W.C. Summers [ed.], Select Letters of Seneca [London, 1960], ad loc.</mixed-citation>
            </p>
         </fn>
         <fn id="d5782e271a1310">
            <label>7</label>
            <p>
               <mixed-citation id="d5782e278" publication-type="other">
J. Henderson, Morals and Villas in Seneca's Letters: Places to Dwell (Cambridge, 2004),
19-27.</mixed-citation>
            </p>
         </fn>
         <fn id="d5782e288a1310">
            <label>9</label>
            <p>
               <mixed-citation id="d5782e295" publication-type="other">
C. Richardson-Hay, First Lessons. Book 1 of Seneca's Epistulae Morales: A Commentary
(Bern, 2006), 29, 351.</mixed-citation>
            </p>
         </fn>
         <fn id="d5782e305a1310">
            <label>10</label>
            <p>
               <mixed-citation id="d5782e312" publication-type="other">
M.T. Griffin, Seneca: A Philosopher in Politics2 (Oxford, 1992), 277 '(Felicio and
other) slaves (named) must have existed, but did the scenes described really take place?'</mixed-citation>
            </p>
         </fn>
         <fn id="d5782e322a1310">
            <label>11</label>
            <p>
               <mixed-citation id="d5782e329" publication-type="other">
M. Wilson, 'Seneca's Epistles to Lucilius: a revaluation', Ramus 16 (1987), 102-21, at
119, n. 3</mixed-citation>
            </p>
            <p>
               <mixed-citation id="d5782e338" publication-type="other">
Richardson-Hay (n. 9), 33-4 and n. 55</mixed-citation>
            </p>
         </fn>
         <fn id="d5782e345a1310">
            <label>12</label>
            <p>
               <mixed-citation id="d5782e352" publication-type="other">
Cato, Agr. 2.2-4</mixed-citation>
            </p>
            <p>
               <mixed-citation id="d5782e358" publication-type="other">
Columella 1.7.5,
8.20</mixed-citation>
            </p>
            <p>
               <mixed-citation id="d5782e367" publication-type="other">
J. Carlsen, Vilici and Roman Estate Managers until ad 284 (Rome, 1995), 85-92</mixed-citation>
            </p>
         </fn>
         <fn id="d5782e374a1310">
            <label>13</label>
            <p>
               <mixed-citation id="d5782e381" publication-type="other">
R.G Mayer, 'Roman historical
exempla in Seneca', in Sénèque et la prose latine (Fondation Hardt Entretiens 36, Geneva, 1991),
141-76 at 155-6.</mixed-citation>
            </p>
         </fn>
         <fn id="d5782e395a1310">
            <label>14</label>
            <p>
               <mixed-citation id="d5782e402" publication-type="other">
M. Griffin, 'The Elder Seneca and Spain', JRS 62
(1972), 1-19, at 7-8</mixed-citation>
            </p>
            <p>
               <mixed-citation id="d5782e411" publication-type="other">
Griffin (n. 10), 36.</mixed-citation>
            </p>
         </fn>
         <fn id="d5782e418a1310">
            <label>15</label>
            <p>
               <mixed-citation id="d5782e425" publication-type="other">
Horace, Carm. 2.13.2-3</mixed-citation>
            </p>
         </fn>
         <fn id="d5782e432a1310">
            <label>16</label>
            <p>
               <mixed-citation id="d5782e441" publication-type="other">
Griffin (n. 10), 287</mixed-citation>
            </p>
            <p>
               <mixed-citation id="d5782e447" publication-type="other">
Griffin [n. 10], 37, n. 9</mixed-citation>
            </p>
            <p>
               <mixed-citation id="d5782e454" publication-type="other">
Griffin [n. 10], 33</mixed-citation>
            </p>
            <p>
               <mixed-citation id="d5782e460" publication-type="other">
J.F. Gardner, Family and Familia in Roman Law and Life
(Oxford, 1998), 68-72</mixed-citation>
            </p>
            <p>
               <mixed-citation id="d5782e469" publication-type="other">
K.R. Bradley, Discovering the Roman Family (New York/Oxford, 1991),
163-4.</mixed-citation>
            </p>
         </fn>
         <fn id="d5782e479a1310">
            <label>17</label>
            <p>
               <mixed-citation id="d5782e486" publication-type="other">
Vitruvius (2.7.1-2, 8.8)</mixed-citation>
            </p>
            <p>
               <mixed-citation id="d5782e492" publication-type="other">
Columella 1.5.9-10</mixed-citation>
            </p>
         </fn>
         <fn id="d5782e499a1310">
            <label>19</label>
            <p>
               <mixed-citation id="d5782e506" publication-type="other">
Plin. HN 12.6-12</mixed-citation>
            </p>
            <p>
               <mixed-citation id="d5782e512" publication-type="other">
H.-J. Van Dam (ed.), P. Papinius Statius Siluae Book II(Leiden, 1984), 314
(note on Silu. 2.3.39-42)</mixed-citation>
            </p>
            <p>
               <mixed-citation id="d5782e521" publication-type="other">
G. Schönbeck, Der Locus Amoenus von Homer bis Horaz
(Diss. Heidelberg, 1962), 28-9, 49-56</mixed-citation>
            </p>
         </fn>
         <fn id="d5782e531a1310">
            <label>20</label>
            <p>
               <mixed-citation id="d5782e538" publication-type="other">
HN 16.238</mixed-citation>
            </p>
            <p>
               <mixed-citation id="d5782e544" publication-type="other">
V. Hehn, Kulturpflanzen und Haustiere9 (Berlin, 1911), 296.</mixed-citation>
            </p>
            <p>
               <mixed-citation id="d5782e550" publication-type="other">
http://www.rbgkew.org.uk/plants/trees/oldlions.html</mixed-citation>
            </p>
         </fn>
         <fn id="d5782e558a1310">
            <label>21</label>
            <p>
               <mixed-citation id="d5782e565" publication-type="other">
S. Nameth and J. Chatfield, Anthracnose leaf blight of shade trees', Ohio State University
Extension Fact Sheet: Plant Pathology (http://ohioline.osu.edu/hyg-fact/3000/3048.html)</mixed-citation>
            </p>
            <p>
               <mixed-citation id="d5782e574" publication-type="other">
P.D.
Manion, Tree Disease Concepts (New Jersey, 1981), 140-1.</mixed-citation>
            </p>
         </fn>
         <fn id="d5782e584a1310">
            <label>22</label>
            <p>
               <mixed-citation id="d5782e591" publication-type="other">
G. Moorman, 'Canker stain of sycamore and London plane', Penn State University, Co-
operative Extension, Plant Disease Facts (2006) (http://www.ppath.cas.psu.edu/extension/plant_
disease/cankerst.html)</mixed-citation>
            </p>
         </fn>
         <fn id="d5782e604a1310">
            <label>23</label>
            <p>
               <mixed-citation id="d5782e611" publication-type="other">
Plin. HN 17.247</mixed-citation>
            </p>
         </fn>
         <fn id="d5782e618a1310">
            <label>24</label>
            <p>
               <mixed-citation id="d5782e625" publication-type="other">
Apuleius, Met. 6.22</mixed-citation>
            </p>
         </fn>
         <fn id="d5782e632a1310">
            <label>25</label>
            <p>
               <mixed-citation id="d5782e639" publication-type="other">
Ep. 58.35</mixed-citation>
            </p>
            <p>
               <mixed-citation id="d5782e645" publication-type="other">
De ira 2.28.4</mixed-citation>
            </p>
            <p>
               <mixed-citation id="d5782e651" publication-type="other">
QNat. 6.10.1-2</mixed-citation>
            </p>
            <p>
               <mixed-citation id="d5782e658" publication-type="other">
Cic. Sen. 72 with Powell</mixed-citation>
            </p>
            <p>
               <mixed-citation id="d5782e664" publication-type="other">
Parkin (n. 5), 341, n.
55.</mixed-citation>
            </p>
            <p>
               <mixed-citation id="d5782e673" publication-type="other">
Tac. Hist. 1.27.2</mixed-citation>
            </p>
            <p>
               <mixed-citation id="d5782e679" publication-type="other">
Sen.
Ep. 10.16</mixed-citation>
            </p>
         </fn>
         <fn id="d5782e689a1310">
            <label>26</label>
            <p>
               <mixed-citation id="d5782e696" publication-type="other">
L.C. Watson, A Commentary on Horace's Epodes (Oxford, 2003), on Epod. 8.7</mixed-citation>
            </p>
         </fn>
         <fn id="d5782e704a1310">
            <label>27</label>
            <p>
               <mixed-citation id="d5782e711" publication-type="other">
R. G. M. Nisbet, 'The oak and the axe: symbolism in Seneca, Hercules Oetaeus 1618ff.',
in S.J. Harrison (ed.), Collected Papers on Latin Literature (Oxford, 1995), 202-12</mixed-citation>
            </p>
         </fn>
         <fn id="d5782e721a1310">
            <label>28</label>
            <p>
               <mixed-citation id="d5782e728" publication-type="other">
Nisbet (n. 27), 207.</mixed-citation>
            </p>
         </fn>
         <fn id="d5782e735a1310">
            <label>29</label>
            <p>
               <mixed-citation id="d5782e742" publication-type="other">
P. Hardie, 'Statius' Ovidian poetics and the tree of Atedius Melior', in R. Nauta, H.-J. Van
Dam and J. Smolenaars (edd.), Flavian Poetry (Leiden, 2006), 207-21.</mixed-citation>
            </p>
         </fn>
         <fn id="d5782e752a1310">
            <label>30</label>
            <p>
               <mixed-citation id="d5782e759" publication-type="other">
Nisbet (n. 27)</mixed-citation>
            </p>
         </fn>
         <fn id="d5782e766a1310">
            <label>31</label>
            <p>
               <mixed-citation id="d5782e773" publication-type="other">
Seneca the Elder, Contr. 1.1.19 senex squalidus
barba capilloque</mixed-citation>
            </p>
            <p>
               <mixed-citation id="d5782e782" publication-type="other">
Sen. HF 765 squalidus ... senex.</mixed-citation>
            </p>
         </fn>
         <fn id="d5782e789a1310">
            <label>32</label>
            <p>
               <mixed-citation id="d5782e796" publication-type="other">
Aen. 6.298-9, 304 portitor has horrendas aquas etflumina seruat I terribili
squalore Charon ... iam senior.</mixed-citation>
            </p>
         </fn>
         <fn id="d5782e807a1310">
            <label>33</label>
            <p>
               <mixed-citation id="d5782e814" publication-type="other">
Plin. HN 13.120,17.33</mixed-citation>
            </p>
            <p>
               <mixed-citation id="d5782e820" publication-type="other">
Sen. Ep. 86.19.</mixed-citation>
            </p>
         </fn>
         <fn id="d5782e827a1310">
            <label>34</label>
            <p>
               <mixed-citation id="d5782e834" publication-type="other">
Plin. HN 16.95 non enim omnes (arbores) florent, et sunt tristes quaedam quaeque non
sentiant gaudia annorum, 16.50</mixed-citation>
            </p>
            <p>
               <mixed-citation id="d5782e843" publication-type="other">
Hor. Od. 2.13.11</mixed-citation>
            </p>
            <p>
               <mixed-citation id="d5782e849" publication-type="other">
J. André, 'Arbor felix, arbor infelix', in M.
Renard and R. Schilling (edd.), Hommages ... Bayet (Brussels, 1964), 35-46.</mixed-citation>
            </p>
         </fn>
         <fn id="d5782e859a1310">
            <label>35</label>
            <p>
               <mixed-citation id="d5782e866" publication-type="other">
Epp 107.3, 108.24, 29.</mixed-citation>
            </p>
         </fn>
         <fn id="d5782e873a1310">
            <label>36</label>
            <p>
               <mixed-citation id="d5782e880" publication-type="other">
J.F. Gaertner, Ovid, Epistulae ex Ponto, Book 1 (Oxford, 2005), on Ov. Ex P. 1.3.23-4.</mixed-citation>
            </p>
         </fn>
         <fn id="d5782e887a1310">
            <label>37</label>
            <p>
               <mixed-citation id="d5782e894" publication-type="other">
Plin. HN 16.196, 17.176.</mixed-citation>
            </p>
         </fn>
         <fn id="d5782e901a1310">
            <label>38</label>
            <p>
               <mixed-citation id="d5782e908" publication-type="other">
Hor. Ep. 1.1.31 nodosa ... cheragra</mixed-citation>
            </p>
            <p>
               <mixed-citation id="d5782e914" publication-type="other">
Prud. Perist. 10.495 nodosa ...podagra.</mixed-citation>
            </p>
         </fn>
         <fn id="d5782e922a1310">
            <label>39</label>
            <p>
               <mixed-citation id="d5782e929" publication-type="other">
Epp. 53.6, 78.9</mixed-citation>
            </p>
            <p>
               <mixed-citation id="d5782e935" publication-type="other">
Griffin (n. 10), 19.</mixed-citation>
            </p>
         </fn>
         <fn id="d5782e942a1310">
            <label>41</label>
            <p>
               <mixed-citation id="d5782e949" publication-type="other">
L. and P. Watson, Martial: Select Epigrams (Cambridge, 2003), 320.</mixed-citation>
            </p>
         </fn>
         <fn id="d5782e956a1310">
            <label>42</label>
            <p>
               <mixed-citation id="d5782e963" publication-type="other">
Epp. 83.6, 87.1-5,
108.15-16, 123.1-3.</mixed-citation>
            </p>
            <p>
               <mixed-citation id="d5782e972" publication-type="other">
Ep. 108.21 ad fin.</mixed-citation>
            </p>
            <p>
               <mixed-citation id="d5782e978" publication-type="other">
Tac. Ann. 15.45.3, 63.3.</mixed-citation>
            </p>
         </fn>
         <fn id="d5782e985a1310">
            <label>43</label>
            <p>
               <mixed-citation id="d5782e992" publication-type="other">
Plin. HN 24.21, 30.110</mixed-citation>
            </p>
            <p>
               <mixed-citation id="d5782e998" publication-type="other">
Marcell. Med. 35.2.</mixed-citation>
            </p>
         </fn>
         <fn id="d5782e1005a1310">
            <label>44</label>
            <p>
               <mixed-citation id="d5782e1012" publication-type="other">
R. Jackson,
Doctors and Diseases in the Roman Empire (London, 1988), 176-7.</mixed-citation>
            </p>
            <p>
               <mixed-citation id="d5782e1021" publication-type="other">
Pliny (Ep. 8.18.9)</mixed-citation>
            </p>
         </fn>
         <fn id="d5782e1028a1310">
            <label>45</label>
            <p>
               <mixed-citation id="d5782e1035" publication-type="other">
Plin. HN 15.121</mixed-citation>
            </p>
            <p>
               <mixed-citation id="d5782e1041" publication-type="other">
Sen. De ira 3.15.4 uides illam
arborem breuem retorridam infelicem?</mixed-citation>
            </p>
            <p>
               <mixed-citation id="d5782e1050" publication-type="other">
Ep. 86.18 nee magna pars eius quemadmodum in oliuetis
ueteribus arida et retorrida erit.</mixed-citation>
            </p>
         </fn>
         <fn id="d5782e1061a1310">
            <label>46</label>
            <p>
               <mixed-citation id="d5782e1068" publication-type="other">
Gell. NA 15.30.1 qui ab alio genere uitae detriti iam et retorridi ad litterarum disciplinas serius
adeunt</mixed-citation>
            </p>
            <p>
               <mixed-citation id="d5782e1077" publication-type="other">
Phaedr. 4.2.16-17 post aliquot uenit saeculis retorridus (mus) / qui saepe laqueos et
muscipula effugerat.</mixed-citation>
            </p>
         </fn>
         <fn id="d5782e1087a1310">
            <label>47</label>
            <p>
               <mixed-citation id="d5782e1094" publication-type="other">
E. Eyben, 'Antiquity's view of puberty', Latomus 31
(1972), 677-97, at 679-82.</mixed-citation>
            </p>
         </fn>
         <fn id="d5782e1104a1310">
            <label>48</label>
            <p>
               <mixed-citation id="d5782e1111" publication-type="other">
Lucr. 2.1168 uetulae uitis</mixed-citation>
            </p>
            <p>
               <mixed-citation id="d5782e1117" publication-type="other">
Serv. ad Verg. Ed. 3.11 and G 4.144.</mixed-citation>
            </p>
         </fn>
         <fn id="d5782e1124a1310">
            <label>49</label>
            <p>
               <mixed-citation id="d5782e1131" publication-type="other">
Cic. Fin. 5.39 earum etiam rerum quas terra gignit educatio quaedam et perfectio est non
dissimilis animantium; itaque et uiuere uitem et mori dicimus, arboremque et nouellam et uetulam et
uigere et sene s cere.</mixed-citation>
            </p>
         </fn>
         <fn id="d5782e1144a1310">
            <label>50</label>
            <p>
               <mixed-citation id="d5782e1151" publication-type="other">
Catullus 27.1</mixed-citation>
            </p>
         </fn>
         <fn id="d5782e1158a1310">
            <label>51</label>
            <p>
               <mixed-citation id="d5782e1165" publication-type="other">
Apuleius' Philesitherus ('he who loves [amatory] hunting'), Met. 9.16</mixed-citation>
            </p>
            <p>
               <mixed-citation id="d5782e1171" publication-type="other">
Philebus,
Met. 8.25</mixed-citation>
            </p>
            <p>
               <mixed-citation id="d5782e1180" publication-type="other">
Varro's Res Rusticae, Stolo, ('Shoot, Sucker') and Scrofa
('Pig')</mixed-citation>
            </p>
         </fn>
         <fn id="d5782e1191a1310">
            <label>52</label>
            <p>
               <mixed-citation id="d5782e1198" publication-type="other">
Mart. 3.34</mixed-citation>
            </p>
            <p>
               <mixed-citation id="d5782e1204" publication-type="other">
Watson and Watson (n. 41), 324</mixed-citation>
            </p>
            <p>
               <mixed-citation id="d5782e1210" publication-type="other">
H. Solin, Die griechischen Personennamen
in Rom: Ein Namenbuch (Berlin/NewYork, 1982), 1.165-6</mixed-citation>
            </p>
            <p>
               <mixed-citation id="d5782e1220" publication-type="other">
H. Solin, Die stadtrömischen Sklavennamen [Stuttgart 1996],
1.235</mixed-citation>
            </p>
            <p>
               <mixed-citation id="d5782e1229" publication-type="other">
Solin [1996], 93</mixed-citation>
            </p>
            <p>
               <mixed-citation id="d5782e1235" publication-type="other">
M. Charlesworth, 'Flaviana', JRS 27 [1937], 54-62 at
61-2</mixed-citation>
            </p>
         </fn>
         <fn id="d5782e1245a1310">
            <label>53</label>
            <p>
               <mixed-citation id="d5782e1252" publication-type="other">
Catullus 56.5</mixed-citation>
            </p>
            <p>
               <mixed-citation id="d5782e1258" publication-type="other">
Costa [n. 6] ad loc.</mixed-citation>
            </p>
         </fn>
         <fn id="d5782e1265a1310">
            <label>54</label>
            <p>
               <mixed-citation id="d5782e1272" publication-type="other">
Summers (n. 6), ad loc</mixed-citation>
            </p>
            <p>
               <mixed-citation id="d5782e1278" publication-type="other">
R.M. Gummere, Seneca Epistles 1-65 (Loeb,
London/Cambridge, MA, 2002), ad loc.</mixed-citation>
            </p>
         </fn>
         <fn id="d5782e1288a1310">
            <label>55</label>
            <p>
               <mixed-citation id="d5782e1295" publication-type="other">
Plaut. Men. 1116</mixed-citation>
            </p>
            <p>
               <mixed-citation id="d5782e1301" publication-type="other">
Juv.
10.199-200</mixed-citation>
            </p>
         </fn>
         <fn id="d5782e1311a1310">
            <label>57</label>
            <p>
               <mixed-citation id="d5782e1320" publication-type="other">
Dig. 21.1.11</mixed-citation>
            </p>
            <p>
               <mixed-citation id="d5782e1326" publication-type="other">
Gell. NA 4.2.12</mixed-citation>
            </p>
         </fn>
         <fn id="d5782e1333a1310">
            <label>58</label>
            <p>
               <mixed-citation id="d5782e1340" publication-type="other">
Parkin (n. 5), 86-9</mixed-citation>
            </p>
            <p>
               <mixed-citation id="d5782e1346" publication-type="other">
Cokayne (n. 5), 16</mixed-citation>
            </p>
         </fn>
         <fn id="d5782e1354a1310">
            <label>59</label>
            <p>
               <mixed-citation id="d5782e1361" publication-type="other">
Mart. 3.32.2, 10.90.2</mixed-citation>
            </p>
            <p>
               <mixed-citation id="d5782e1367" publication-type="other">
Hor. Epod. 8.12 with Watson (n. 26) ad loc.</mixed-citation>
            </p>
         </fn>
         <fn id="d5782e1374a1310">
            <label>60</label>
            <p>
               <mixed-citation id="d5782e1381" publication-type="other">
Sen. Contr. 10.5.17.</mixed-citation>
            </p>
            <p>
               <mixed-citation id="d5782e1387" publication-type="other">
Parkin (n. 5), 64.</mixed-citation>
            </p>
         </fn>
         <fn id="d5782e1394a1310">
            <label>61</label>
            <p>
               <mixed-citation id="d5782e1401" publication-type="other">
Parkin (n. 5), 83-4.</mixed-citation>
            </p>
         </fn>
         <fn id="d5782e1408a1310">
            <label>62</label>
            <p>
               <mixed-citation id="d5782e1415" publication-type="other">
Juv. 10.199.</mixed-citation>
            </p>
            <p>
               <mixed-citation id="d5782e1421" publication-type="other">
Parkin (n. 5), index
s.v. 'second childhood'</mixed-citation>
            </p>
         </fn>
         <fn id="d5782e1431a1310">
            <label>66</label>
            <p>
               <mixed-citation id="d5782e1438" publication-type="other">
Griffin (n. 10), 418-19</mixed-citation>
            </p>
            <p>
               <mixed-citation id="d5782e1444" publication-type="other">
Wilson (n. 11)</mixed-citation>
            </p>
         </fn>
         <fn id="d5782e1451a1310">
            <label>67</label>
            <p>
               <mixed-citation id="d5782e1458" publication-type="other">
Griffin (n. 10), 277, 417</mixed-citation>
            </p>
            <p>
               <mixed-citation id="d5782e1464" publication-type="other">
Richardson-Hay (n. 9), 37-40.</mixed-citation>
            </p>
         </fn>
         <fn id="d5782e1472a1310">
            <label>68</label>
            <p>
               <mixed-citation id="d5782e1479" publication-type="other">
W.V. Harris, Restraining Rage: The Ideology of Anger Control in
Classical Antiquity (Cambridge, M A/London, 2001), 104-18.</mixed-citation>
            </p>
            <p>
               <mixed-citation id="d5782e1488" publication-type="other">
Seneca's Epistles, see esp. 51.8,
71.37 and 85.12</mixed-citation>
            </p>
         </fn>
         <fn id="d5782e1498a1310">
            <label>69</label>
            <p>
               <mixed-citation id="d5782e1505" publication-type="other">
Seneca, Thyestes 488-9 and 543-4</mixed-citation>
            </p>
         </fn>
         <fn id="d5782e1512a1310">
            <label>70</label>
            <p>
               <mixed-citation id="d5782e1519" publication-type="other">
Wiedemann (n. 1), 128-9</mixed-citation>
            </p>
            <p>
               <mixed-citation id="d5782e1525" publication-type="other">
Parker (n. 1), 242,
n. 56</mixed-citation>
            </p>
            <p>
               <mixed-citation id="d5782e1534" publication-type="other">
A.J.L. Van Hoof, From Autothanasia to Suicide (London/New York, 1990), 34</mixed-citation>
            </p>
            <p>
               <mixed-citation id="d5782e1541" publication-type="other">
Bradley (n. 1), 130</mixed-citation>
            </p>
            <p>
               <mixed-citation id="d5782e1547" publication-type="other">
Setaioli (n. 1), 149.</mixed-citation>
            </p>
         </fn>
         <fn id="d5782e1554a1310">
            <label>71</label>
            <p>
               <mixed-citation id="d5782e1561" publication-type="other">
Henderson (n. 7), 26</mixed-citation>
            </p>
         </fn>
         <fn id="d5782e1568a1310">
            <label>72</label>
            <p>
               <mixed-citation id="d5782e1575" publication-type="other">
53.1 Quid non potest mihi persuaded, cui persuasum est ut nauigareml</mixed-citation>
            </p>
         </fn>
         <fn id="d5782e1582a1310">
            <label>73</label>
            <p>
               <mixed-citation id="d5782e1589" publication-type="other">
Ep. 56.15.</mixed-citation>
            </p>
            <p>
               <mixed-citation id="d5782e1595" publication-type="other">
Costa (n. 6), 174 ad loc.</mixed-citation>
            </p>
            <p>
               <mixed-citation id="d5782e1601" publication-type="other">
Sen. Thy.
470</mixed-citation>
            </p>
         </fn>
         <fn id="d5782e1612a1310">
            <label>74</label>
            <p>
               <mixed-citation id="d5782e1619" publication-type="other">
C. Richardson-Hay, 'Mera Homicidia: a philosopher draws blood - Seneca and the gladia-
torial games', Prudentia 36 (2004), 87-146, at 119</mixed-citation>
            </p>
         </fn>
         <fn id="d5782e1629a1310">
            <label>76</label>
            <p>
               <mixed-citation id="d5782e1636" publication-type="other">
Richardson-Hay (n. 9), 38, n. 67.</mixed-citation>
            </p>
         </fn>
      </fn-group>
   </back>
</article>
