<article xmlns:xlink="http://www.w3.org/1999/xlink"
         xmlns:mml="http://www.w3.org/1998/Math/MathML"
         dtd-version="1.0"
         article-type="research-article">
   <front>
      <journal-meta>
         <journal-id journal-id-type="jstor">clasquar</journal-id>
         <journal-id journal-id-type="jstor">j100124</journal-id>
         <journal-title-group>
            <journal-title>The Classical Quarterly</journal-title>
         </journal-title-group>
         <publisher>
            <publisher-name>Cambridge University Press</publisher-name>
         </publisher>
         <custom-meta-group>
            <custom-meta>
               <meta-name>journal-series-title</meta-name>
               <meta-value>New Series</meta-value>
            </custom-meta>
         </custom-meta-group>
         <issn pub-type="ppub">00098388</issn>
         <issn pub-type="epub">14716844</issn>
      </journal-meta>
      <article-meta>
         <article-id pub-id-type="jstor">20616704</article-id>
         <article-id pub-id-type="pub-doi">10.1017/S0009838809990164</article-id>
         <title-group>
            <article-title>Ennius' 'Cunctator' and the History of a Gerund in the Roman Historiographical Tradition</article-title>
         </title-group>
         <contrib-group>
            <contrib>
               <string-name>
                  <given-names>Jackie</given-names>
                  <surname>Elliott</surname>
               </string-name>
            </contrib>
         </contrib-group>
         <pub-date>
            <day>1</day>
            <month>12</month>
            <year>2009</year>
         </pub-date>
         <volume>59</volume>
         <issue>2</issue>
         <issue-id>i20616686</issue-id>
         <fpage>532</fpage>
         <lpage>542</lpage>
         <permissions>
            <copyright-statement>Copyright 2009 The Classical Association</copyright-statement>
         </permissions>
         <self-uri xlink:href="http://www.jstor.org/stable/20616704"/>
         <custom-meta-group>
            <custom-meta>
               <meta-name>lang</meta-name>
               <meta-value>eng</meta-value>
            </custom-meta>
         </custom-meta-group>
      </article-meta>
   </front>
   <back>
      <fn-group>
         <title>[Footnotes]</title>
         <fn id="d3174e113a1310">
            <label>1</label>
            <p>
               <mixed-citation id="d3174e120" publication-type="other">
Livy 22</mixed-citation>
            </p>
         </fn>
         <fn id="d3174e127a1310">
            <label>2</label>
            <p>
               <mixed-citation id="d3174e134" publication-type="other">
O. Skutsch, The Annals of Q. Ennius (Oxford, 1985).</mixed-citation>
            </p>
         </fn>
         <fn id="d3174e141a1310">
            <label>3</label>
            <p>
               <mixed-citation id="d3174e148" publication-type="other">
C.S. Kraus, '"No second Troy": topoi and refoundation in Livy Book 5', TAPhA 124
(1994), 267-89, esp. 273-82.</mixed-citation>
            </p>
         </fn>
         <fn id="d3174e158a1310">
            <label>4</label>
            <p>
               <mixed-citation id="d3174e165" publication-type="other">
H. Hagen, 'Ennius und Livius', Neue Jahrbücher für Philologie
und Paedagogik 109 (1873), 271-3</mixed-citation>
            </p>
            <p>
               <mixed-citation id="d3174e174" publication-type="other">
M.H. Morgan, 'Hidden verses in Livy', HSPh 9 (1898), 61-6</mixed-citation>
            </p>
            <p>
               <mixed-citation id="d3174e180" publication-type="other">
W. Lundström, 'Nya Enniusfragment', Eranos 15 (1915), 1-24</mixed-citation>
            </p>
            <p>
               <mixed-citation id="d3174e187" publication-type="other">
W. Aly, Livius und Ennius
(Leipzig, 1936).</mixed-citation>
            </p>
            <p>
               <mixed-citation id="d3174e196" publication-type="other">
Livy, in
'Die Entwicklung des livianischen Stiles', Archiv für lateinische Lexicographie und Grammatik 10
(1898), 17-33.</mixed-citation>
            </p>
            <p>
               <mixed-citation id="d3174e208" publication-type="other">
K. Gries, 'Constancy in Livy's
latinity' (Diss., Columbia, 1949).</mixed-citation>
            </p>
            <p>
               <mixed-citation id="d3174e217" publication-type="other">
Ennius und
Vergilius: Kriegsbilder aus Roms grosser Zeit, (Leipzig, 1915), 54, n. 1 and 157</mixed-citation>
            </p>
            <p>
               <mixed-citation id="d3174e226" publication-type="other">
Aeneis, Buch
VI, (Stuttgart, Leipzig, 1927), 371.</mixed-citation>
            </p>
            <p>
               <mixed-citation id="d3174e235" publication-type="other">
E. Skard, Ennius und Sallustius; eine sprachliche Untersuchung
(Oslo, 1933).</mixed-citation>
            </p>
         </fn>
         <fn id="d3174e246a1310">
            <label>5</label>
            <p>
               <mixed-citation id="d3174e253" publication-type="other">
A. Rossi,
'Parallel lives: Hannibal and Scipio in Livy's third decade', TAPhA 134 (2004), 359-81.</mixed-citation>
            </p>
         </fn>
         <fn id="d3174e263a1310">
            <label>6</label>
            <p>
               <mixed-citation id="d3174e270" publication-type="other">
Cic. Off. 1.84</mixed-citation>
            </p>
            <p>
               <mixed-citation id="d3174e276" publication-type="other">
Sen. 10</mixed-citation>
            </p>
            <p>
               <mixed-citation id="d3174e282" publication-type="other">
Att. 2.19.2</mixed-citation>
            </p>
            <p>
               <mixed-citation id="d3174e289" publication-type="other">
Livy
10.29.8, 22.39.15, 44.22.10</mixed-citation>
            </p>
            <p>
               <mixed-citation id="d3174e298" publication-type="other">
Sen. Ben. 4.27.2</mixed-citation>
            </p>
            <p>
               <mixed-citation id="d3174e304" publication-type="other">
Pliny, NH 22.10</mixed-citation>
            </p>
            <p>
               <mixed-citation id="d3174e310" publication-type="other">
Jer. Ep. 77.2</mixed-citation>
            </p>
            <p>
               <mixed-citation id="d3174e316" publication-type="other">
adv. Ruf 3.29</mixed-citation>
            </p>
            <p>
               <mixed-citation id="d3174e322" publication-type="other">
Virg.
Aen. 6.845-6</mixed-citation>
            </p>
            <p>
               <mixed-citation id="d3174e332" publication-type="other">
Macr. Sat. 6.1.23</mixed-citation>
            </p>
            <p>
               <mixed-citation id="d3174e338" publication-type="other">
Ov. Fast. 2.240</mixed-citation>
            </p>
            <p>
               <mixed-citation id="d3174e344" publication-type="other">
Val. Max. 7.3.7.</mixed-citation>
            </p>
            <p>
               <mixed-citation id="d3174e350" publication-type="other">
Aen.
6.845-6</mixed-citation>
            </p>
            <p>
               <mixed-citation id="d3174e359" publication-type="other">
E. Norden, Aeneis Buch VI (Stuttgart, 1927), 334</mixed-citation>
            </p>
            <p>
               <mixed-citation id="d3174e365" publication-type="other">
id., Ennius und Vergilius (Leipzig, 1915), 119, n. 1, 157, n. 1</mixed-citation>
            </p>
            <p>
               <mixed-citation id="d3174e372" publication-type="other">
G.R. Stanton,
'Cunctando restituit rem: the tradition about Fabius', Antichthon 5 (1971), 52-6</mixed-citation>
            </p>
            <p>
               <mixed-citation id="d3174e381" publication-type="other">
J. Pinsent, 'Livy
6.3.1 (caput rei Romanae): some Ennian echoes in Livy', LCM2 (1977), 15-16</mixed-citation>
            </p>
         </fn>
         <fn id="d3174e391a1310">
            <label>7</label>
            <p>
               <mixed-citation id="d3174e398" publication-type="other">
Stanton (n. 6), 53</mixed-citation>
            </p>
            <p>
               <mixed-citation id="d3174e404" publication-type="other">
Morgan (n. 4), 62</mixed-citation>
            </p>
            <p>
               <mixed-citation id="d3174e410" publication-type="other">
W.B. Anderson, Livy: Book
IX3 (Cambridge, 1928), 162.</mixed-citation>
            </p>
         </fn>
         <fn id="d3174e420a1310">
            <label>8</label>
            <p>
               <mixed-citation id="d3174e427" publication-type="other">
Stanton (n. 6), 53</mixed-citation>
            </p>
            <p>
               <mixed-citation id="d3174e433" publication-type="other">
Rust. 1.2.2</mixed-citation>
            </p>
            <p>
               <mixed-citation id="d3174e439" publication-type="other">
Livy 8.13.16</mixed-citation>
            </p>
            <p>
               <mixed-citation id="d3174e446" publication-type="other">
Ann. 363</mixed-citation>
            </p>
            <p>
               <mixed-citation id="d3174e452" publication-type="other">
Ann.
494-5</mixed-citation>
            </p>
            <p>
               <mixed-citation id="d3174e461" publication-type="other">
Pinsent (n. 6), 16</mixed-citation>
            </p>
         </fn>
         <fn id="d3174e468a1310">
            <label>9</label>
            <p>
               <mixed-citation id="d3174e475" publication-type="other">
Skutsch (n. 2), 531</mixed-citation>
            </p>
            <p>
               <mixed-citation id="d3174e481" publication-type="other">
Stanton (n. 6), 49-52</mixed-citation>
            </p>
         </fn>
         <fn id="d3174e488a1310">
            <label>10</label>
            <p>
               <mixed-citation id="d3174e495" publication-type="other">
J.B. Greenough and T. Peck, Livy Books XXI and XXII(London, Boston, Ginn, 1894)</mixed-citation>
            </p>
         </fn>
         <fn id="d3174e503a1310">
            <label>11</label>
            <p>
               <mixed-citation id="d3174e510" publication-type="other">
BC 5.1-6, 61.1-6</mixed-citation>
            </p>
            <p>
               <mixed-citation id="d3174e516" publication-type="other">
BJ 7.4-6</mixed-citation>
            </p>
            <p>
               <mixed-citation id="d3174e522" publication-type="other">
Tac. Hist. 1.37</mixed-citation>
            </p>
         </fn>
         <fn id="d3174e529a1310">
            <label>12</label>
            <p>
               <mixed-citation id="d3174e536" publication-type="other">
Ann. 43</mixed-citation>
            </p>
            <p>
               <mixed-citation id="d3174e542" publication-type="other">
Ann. 286</mixed-citation>
            </p>
            <p>
               <mixed-citation id="d3174e548" publication-type="other">
R.G. Austin, Aeneidos Liber Secundus (Oxford, 1964) ad Aen. 2.280</mixed-citation>
            </p>
            <p>
               <mixed-citation id="d3174e555" publication-type="other">
TLL s.v. 'compello', II B</mixed-citation>
            </p>
            <p>
               <mixed-citation id="d3174e561" publication-type="other">
TLL ibid. I</mixed-citation>
            </p>
            <p>
               <mixed-citation id="d3174e567" publication-type="other">
TLL ibid. II A</mixed-citation>
            </p>
         </fn>
         <fn id="d3174e574a1310">
            <label>13</label>
            <p>
               <mixed-citation id="d3174e581" publication-type="other">
Minucius' in cunctatione ac segnitie at 22.27.4.</mixed-citation>
            </p>
         </fn>
         <fn id="d3174e588a1310">
            <label>16</label>
            <p>
               <mixed-citation id="d3174e595" publication-type="other">
Sallust, BC
10.1</mixed-citation>
            </p>
         </fn>
         <fn id="d3174e605a1310">
            <label>17</label>
            <p>
               <mixed-citation id="d3174e612" publication-type="other">
F. Santoro L'Hoir, 'Heroic epithets and recurrent themes in Ab urbe condita', TAPhA
120 (1990), 230-2</mixed-citation>
            </p>
            <p>
               <mixed-citation id="d3174e621" publication-type="other">
Pinsent (n. 6), 15.</mixed-citation>
            </p>
         </fn>
         <fn id="d3174e628a1310">
            <label>18</label>
            <p>
               <mixed-citation id="d3174e635" publication-type="other">
Santoro L'Hoir (n. 17), 231</mixed-citation>
            </p>
         </fn>
         <fn id="d3174e643a1310">
            <label>19</label>
            <p>
               <mixed-citation id="d3174e650" publication-type="other">
T.J. Luce, 'Design and structure in Livy: 5.32-55', TAPhA 102 (1971), 265-302, esp. 269-71</mixed-citation>
            </p>
            <p>
               <mixed-citation id="d3174e656" publication-type="other">
Kraus (n. 3), esp. 279-82.</mixed-citation>
            </p>
         </fn>
         <fn id="d3174e663a1310">
            <label>20</label>
            <p>
               <mixed-citation id="d3174e670" publication-type="other">
D.S. Levene, Religion in Livy (Leiden, 1993), 42-3.</mixed-citation>
            </p>
            <p>
               <mixed-citation id="d3174e676" publication-type="other">
ibid. 7</mixed-citation>
            </p>
         </fn>
         <fn id="d3174e683a1310">
            <label>21</label>
            <p>
               <mixed-citation id="d3174e690" publication-type="other">
P. G. Walsh,
Livy: his Historical Aims and Methods [Cambridge, 1961], 85</mixed-citation>
            </p>
            <p>
               <mixed-citation id="d3174e699" publication-type="other">
Santoro L'Hoir [n. 17], 231</mixed-citation>
            </p>
            <p>
               <mixed-citation id="d3174e705" publication-type="other">
Pinsent (n. 6), 15</mixed-citation>
            </p>
            <p>
               <mixed-citation id="d3174e712" publication-type="other">
Kraus (ed.), Livy, Ab Urbe Condita, Book VI
(Cambridge, 1994) ad loc.</mixed-citation>
            </p>
         </fn>
         <fn id="d3174e722a1310">
            <label>22</label>
            <p>
               <mixed-citation id="d3174e729" publication-type="other">
Luce (n. 19), 273.</mixed-citation>
            </p>
         </fn>
         <fn id="d3174e736a1310">
            <label>23</label>
            <p>
               <mixed-citation id="d3174e743" publication-type="other">
Pinsent [n. 6], 15-16</mixed-citation>
            </p>
         </fn>
         <fn id="d3174e750a1310">
            <label>25</label>
            <p>
               <mixed-citation id="d3174e757" publication-type="other">
R.M. Ogilvie, A Commentary on Livy, Books 1-5 (Oxford, 1965), 671</mixed-citation>
            </p>
            <p>
               <mixed-citation id="d3174e763" publication-type="other">
B. Mineo, 'Camille, dux fatalis' in G. Lachenaud et D. Longrée (edd.), Grecs et
Romains aux prises avec l'histoire: représentations, récits et idéologie, Vol. 1 (Rennes, 2003),
159-75.</mixed-citation>
            </p>
         </fn>
         <fn id="d3174e777a1310">
            <label>26</label>
            <p>
               <mixed-citation id="d3174e784" publication-type="other">
Kraus, 'Jugurthine Disorder', in ead. (ed.), The Limits of Historiography (Leiden, Boston,
Köln, 1999), 226.</mixed-citation>
            </p>
            <p>
               <mixed-citation id="d3174e793" publication-type="other">
BJ 7.4-6</mixed-citation>
            </p>
         </fn>
         <fn id="d3174e800a1310">
            <label>21</label>
            <p>
               <mixed-citation id="d3174e807" publication-type="other">
Cf. D.S. Levene, 'Sallust's Jugurtha: an "historical fragment" ', JRS 82 (1992), 59-60.</mixed-citation>
            </p>
         </fn>
         <fn id="d3174e814a1310">
            <label>28</label>
            <p>
               <mixed-citation id="d3174e821" publication-type="other">
GM. Paul, A Historical Commentary on Sallust's Bellum Jugurthinum (Trowbridge,
1984), 31 (ad 7.5)</mixed-citation>
            </p>
            <p>
               <mixed-citation id="d3174e830" publication-type="other">
Livy's of Hannibal at 21.4.3-8</mixed-citation>
            </p>
         </fn>
         <fn id="d3174e837a1310">
            <label>29</label>
            <p>
               <mixed-citation id="d3174e844" publication-type="other">
Kraus (n. 26), 224,
239-41</mixed-citation>
            </p>
         </fn>
         <fn id="d3174e854a1310">
            <label>30</label>
            <p>
               <mixed-citation id="d3174e861" publication-type="other">
Paul (n. 28), 31</mixed-citation>
            </p>
            <p>
               <mixed-citation id="d3174e867" publication-type="other">
Thuc. 2.40.3</mixed-citation>
            </p>
         </fn>
         <fn id="d3174e874a1310">
            <label>31</label>
            <p>
               <mixed-citation id="d3174e881" publication-type="other">
BJ 38.1</mixed-citation>
            </p>
         </fn>
         <fn id="d3174e889a1310">
            <label>32</label>
            <p>
               <mixed-citation id="d3174e896" publication-type="other">
AUC 22.12.8-10</mixed-citation>
            </p>
         </fn>
         <fn id="d3174e903a1310">
            <label>33</label>
            <p>
               <mixed-citation id="d3174e910" publication-type="other">
BJ 38.1</mixed-citation>
            </p>
            <p>
               <mixed-citation id="d3174e916" publication-type="other">
E. Koestermann, C. Sallustius Crispus, Bellum Iugurthinum (Heidelberg, 1971)</mixed-citation>
            </p>
            <p>
               <mixed-citation id="d3174e922" publication-type="other">
Livy 22.12.10</mixed-citation>
            </p>
         </fn>
         <fn id="d3174e929a1310">
            <label>34</label>
            <p>
               <mixed-citation id="d3174e936" publication-type="other">
Levene (n. 27), 61</mixed-citation>
            </p>
            <p>
               <mixed-citation id="d3174e942" publication-type="other">
BJ 48.1, 52.1 and 61.3</mixed-citation>
            </p>
            <p>
               <mixed-citation id="d3174e948" publication-type="other">
ibid. 59-62</mixed-citation>
            </p>
         </fn>
         <fn id="d3174e955a1310">
            <label>35</label>
            <p>
               <mixed-citation id="d3174e962" publication-type="other">
P. McGushin, Sallust, The Histories, Vol. 1 (Oxford, 1992), ad loc.</mixed-citation>
            </p>
            <p>
               <mixed-citation id="d3174e968" publication-type="other">
Hist. 1.67.17, p.
143</mixed-citation>
            </p>
            <p>
               <mixed-citation id="d3174e977" publication-type="other">
BC 20.9</mixed-citation>
            </p>
            <p>
               <mixed-citation id="d3174e984" publication-type="other">
BC 52.29</mixed-citation>
            </p>
            <p>
               <mixed-citation id="d3174e990" publication-type="other">
Livy 22.</mixed-citation>
            </p>
         </fn>
         <fn id="d3174e997a1310">
            <label>36</label>
            <p>
               <mixed-citation id="d3174e1004" publication-type="other">
McGushin (n. 35), 14, 132.</mixed-citation>
            </p>
         </fn>
         <fn id="d3174e1011a1310">
            <label>37</label>
            <p>
               <mixed-citation id="d3174e1018" publication-type="other">
Syme, 'Obituaries in Tacitus', AJPh 79 (1958), 23</mixed-citation>
            </p>
            <p>
               <mixed-citation id="d3174e1024" publication-type="other">
E. Koestermann, Cornelius
Tacitus, Annalen, Band IV, Buch 14-16</mixed-citation>
            </p>
         </fn>
      </fn-group>
   </back>
</article>
