<article xmlns:xlink="http://www.w3.org/1999/xlink"
         xmlns:mml="http://www.w3.org/1998/Math/MathML"
         dtd-version="1.0"
         article-type="research-article">
   <front>
      <journal-meta>
         <journal-id journal-id-type="jstor">clasquar</journal-id>
         <journal-id journal-id-type="jstor">j100124</journal-id>
         <journal-title-group>
            <journal-title>The Classical Quarterly</journal-title>
         </journal-title-group>
         <publisher>
            <publisher-name>Cambridge University Press</publisher-name>
         </publisher>
         <custom-meta-group>
            <custom-meta>
               <meta-name>journal-series-title</meta-name>
               <meta-value>New Series</meta-value>
            </custom-meta>
         </custom-meta-group>
         <issn pub-type="ppub">00098388</issn>
         <issn pub-type="epub">14716844</issn>
      </journal-meta>
      <article-meta>
         <article-id pub-id-type="jstor">20616718</article-id>
         <article-id pub-id-type="pub-doi">10.1017/S0009838809990309</article-id>
         <article-categories>
            <subj-group>
               <subject>Shorter Notes</subject>
            </subj-group>
         </article-categories>
         <title-group>
            <article-title>When Did Livy Write Books 1, 3, 28 and 59?</article-title>
         </title-group>
         <contrib-group>
            <contrib>
               <string-name>
                  <given-names>Walter</given-names>
                  <surname>Scheidel</surname>
               </string-name>
            </contrib>
         </contrib-group>
         <pub-date>
            <day>1</day>
            <month>12</month>
            <year>2009</year>
         </pub-date>
         <volume>59</volume>
         <issue>2</issue>
         <issue-id>i20616686</issue-id>
         <fpage>653</fpage>
         <lpage>658</lpage>
         <permissions>
            <copyright-statement>Copyright 2009 The Classical Association</copyright-statement>
         </permissions>
         <self-uri xlink:href="http://www.jstor.org/stable/20616718"/>
         <custom-meta-group>
            <custom-meta>
               <meta-name>lang</meta-name>
               <meta-value>eng</meta-value>
            </custom-meta>
         </custom-meta-group>
      </article-meta>
   </front>
   <back>
      <fn-group>
         <title>[Footnotes]</title>
         <fn id="d3120e122a1310">
            <label>1</label>
            <p>
               <mixed-citation id="d3120e129" publication-type="other">
E. Burck, Das Geschichtswerk des Titus Livius (Heidelberg, 1992), 5</mixed-citation>
            </p>
         </fn>
         <fn id="d3120e136a1310">
            <label>2</label>
            <p>
               <mixed-citation id="d3120e143" publication-type="other">
J. Bayet, Tite Live, Livre I (Paris, 1940), XVI-XXII</mixed-citation>
            </p>
            <p>
               <mixed-citation id="d3120e149" publication-type="other">
R. Syme, 'Livy and Augustus', HSPh 64 (1959), 27-87</mixed-citation>
            </p>
            <p>
               <mixed-citation id="d3120e155" publication-type="other">
R. Syme, Roman Papers I, ed.
E. Badian [Oxford, 1979], 400-54</mixed-citation>
            </p>
            <p>
               <mixed-citation id="d3120e165" publication-type="other">
T.J. Luce, 'The dating of Livy's first decade', TAPhA 96
(1965), 209^40.</mixed-citation>
            </p>
            <p>
               <mixed-citation id="d3120e174" publication-type="other">
A.J. Woodman, Rhetoric in Classical Histo-
riography (London and Sydney, 1988), 128-34</mixed-citation>
            </p>
         </fn>
         <fn id="d3120e184a1310">
            <label>3</label>
            <p>
               <mixed-citation id="d3120e191" publication-type="other">
P.G. Walsh, Livy: His Historical Aims and Methods (Cambridge, 1961), 6-7</mixed-citation>
            </p>
            <p>
               <mixed-citation id="d3120e197" publication-type="other">
T.J. Luce, Livy: The Composition of His History
(Princeton, 1977)</mixed-citation>
            </p>
            <p>
               <mixed-citation id="d3120e206" publication-type="other">
J.E. Phillips, 'Current research in Livy's first decade:
1959-1979', ANRW II.30.2 (Berlin and New York, 1982), 998-1057, at 1043-4.</mixed-citation>
            </p>
         </fn>
         <fn id="d3120e216a1310">
            <label>4</label>
            <p>
               <mixed-citation id="d3120e223" publication-type="other">
Walsh (n. 3), 8</mixed-citation>
            </p>
            <p>
               <mixed-citation id="d3120e229" publication-type="other">
Burck (n. 1), 1-2</mixed-citation>
            </p>
            <p>
               <mixed-citation id="d3120e235" publication-type="other">
M.D. Reeve, 'The transmission of Florus'
Epitoma de Tito Livio and the Periochae', CQ 38 (1988), 477-91, esp. 484</mixed-citation>
            </p>
            <p>
               <mixed-citation id="d3120e245" publication-type="other">
Syme [n. 2], 40-2</mixed-citation>
            </p>
         </fn>
         <fn id="d3120e253a1310">
            <label>5</label>
            <p>
               <mixed-citation id="d3120e260" publication-type="other">
Burck (n. 1), 6.</mixed-citation>
            </p>
            <p>
               <mixed-citation id="d3120e266" publication-type="other">
R. von Haehling's attempt (Zeitbezüge des Livius in der
ersten Dekade seines Geschichtswerks [Wiesbaden, 1989])</mixed-citation>
            </p>
         </fn>
         <fn id="d3120e276a1310">
            <label>6</label>
            <p>
               <mixed-citation id="d3120e283" publication-type="other">
Per. 11</mixed-citation>
            </p>
            <p>
               <mixed-citation id="d3120e289" publication-type="other">
Per. 13</mixed-citation>
            </p>
            <p>
               <mixed-citation id="d3120e295" publication-type="other">
Per. 14</mixed-citation>
            </p>
            <p>
               <mixed-citation id="d3120e302" publication-type="other">
Per. 18</mixed-citation>
            </p>
            <p>
               <mixed-citation id="d3120e308" publication-type="other">
Per. 19</mixed-citation>
            </p>
            <p>
               <mixed-citation id="d3120e314" publication-type="other">
Per. 20; 22.36; 29.37; 35.9;
38.36</mixed-citation>
            </p>
            <p>
               <mixed-citation id="d3120e323" publication-type="other">
Per. 41; 42.10</mixed-citation>
            </p>
            <p>
               <mixed-citation id="d3120e329" publication-type="other">
Per. 45</mixed-citation>
            </p>
            <p>
               <mixed-citation id="d3120e335" publication-type="other">
Per. 46</mixed-citation>
            </p>
            <p>
               <mixed-citation id="d3120e342" publication-type="other">
Per. 47</mixed-citation>
            </p>
            <p>
               <mixed-citation id="d3120e348" publication-type="other">
Per. 48</mixed-citation>
            </p>
            <p>
               <mixed-citation id="d3120e354" publication-type="other">
Per. 49</mixed-citation>
            </p>
            <p>
               <mixed-citation id="d3120e360" publication-type="other">
Per. 56</mixed-citation>
            </p>
            <p>
               <mixed-citation id="d3120e366" publication-type="other">
Per. 59</mixed-citation>
            </p>
            <p>
               <mixed-citation id="d3120e372" publication-type="other">
Per. 60</mixed-citation>
            </p>
            <p>
               <mixed-citation id="d3120e379" publication-type="other">
Per. 63</mixed-citation>
            </p>
            <p>
               <mixed-citation id="d3120e385" publication-type="other">
Per.
98.</mixed-citation>
            </p>
         </fn>
         <fn id="d3120e395a1310">
            <label>9</label>
            <p>
               <mixed-citation id="d3120e402" publication-type="other">
P.A. Brunt,
Italian Manpower 225 B.C.-A.D. 14 (rev. ed. Oxford, 1987), 27</mixed-citation>
            </p>
         </fn>
         <fn id="d3120e412a1310">
            <label>10</label>
            <p>
               <mixed-citation id="d3120e419" publication-type="other">
EC Bourne, 'The
Roman Republican census and census statistics', CW 45 (1952), 129-35</mixed-citation>
            </p>
         </fn>
         <fn id="d3120e429a1310">
            <label>11</label>
            <p>
               <mixed-citation id="d3120e436" publication-type="other">
Brunt's ([n.9], 22)</mixed-citation>
            </p>
         </fn>
         <fn id="d3120e443a1310">
            <label>12</label>
            <p>
               <mixed-citation id="d3120e450" publication-type="other">
Brunt (n.9), 15-25, 113-20</mixed-citation>
            </p>
            <p>
               <mixed-citation id="d3120e456" publication-type="other">
E. Lo Cascio, 'The size of the Roman population: Beloch and the meaning of the Augustan
census figures', JRS 84 (1994), 23-40.</mixed-citation>
            </p>
         </fn>
         <fn id="d3120e467a1310">
            <label>13</label>
            <p>
               <mixed-citation id="d3120e474" publication-type="other">
S. Hin, 'Counting Romans', in L. de Ligt and S. Northwood (edd.), People, Land and
Politics: Demographic Developments and the Transformation of Roman Italy, 300 bc - ad 14
(Leiden, 2008), 187-238.</mixed-citation>
            </p>
         </fn>
         <fn id="d3120e487a1310">
            <label>14</label>
            <p>
               <mixed-citation id="d3120e494" publication-type="other">
de Ligt and Northwood (n. 13), 17-70</mixed-citation>
            </p>
         </fn>
      </fn-group>
   </back>
</article>
