<article xmlns:xsi="http://www.w3.org/2001/XMLSchema-instance"
         xmlns:xlink="http://www.w3.org/1999/xlink"
         xmlns:mml="http://www.w3.org/1998/Math/MathML"
         dtd-version="1.0"
         article-type="research-article">
   <front>
      <journal-meta>
         <journal-id journal-id-type="jstor">clasquar</journal-id>
         <journal-id journal-id-type="jstor">j100124</journal-id>
         <journal-title-group>
            <journal-title>The Classical Quarterly</journal-title>
         </journal-title-group>
         <publisher>
            <publisher-name>Cambridge University Press</publisher-name>
         </publisher>
         <custom-meta-group>
            <custom-meta>
               <meta-name>journal-series-title</meta-name>
               <meta-value>New Series</meta-value>
            </custom-meta>
         </custom-meta-group>
         <issn pub-type="ppub">00098388</issn>
         <issn pub-type="epub">14716844</issn>
      </journal-meta>
      <article-meta>
         <article-id pub-id-type="jstor">27564152</article-id>
         <article-id pub-id-type="pub-doi">10.1017/S0009838808000347</article-id>
         <article-categories>
            <subj-group>
               <subject>Shorter Notes</subject>
            </subj-group>
         </article-categories>
         <title-group>
            <article-title>Iam Exclamativum</article-title>
         </title-group>
         <contrib-group>
            <contrib>
               <string-name>
                  <given-names>Martin</given-names>
                  <surname>Korenjak</surname>
               </string-name>
            </contrib>
         </contrib-group>
         <pub-date>
            <day>1</day>
            <month>5</month>
            <year>2008</year>
         </pub-date>
         <volume>58</volume>
         <issue>1</issue>
         <issue-id>i27564117</issue-id>
         <fpage>344</fpage>
         <lpage>347</lpage>
         <permissions>
            <copyright-statement>Copyright 2008 The Classical Association</copyright-statement>
         </permissions>
         <self-uri xlink:href="http://www.jstor.org/stable/27564152"/>
         <custom-meta-group>
            <custom-meta>
               <meta-name>lang</meta-name>
               <meta-value>eng</meta-value>
            </custom-meta>
         </custom-meta-group>
      </article-meta>
   </front>
   <back>
      <fn-group>
         <title>[Footnotes]</title>
         <fn id="d12064e122a1310">
            <label>1</label>
            <p>
               <mixed-citation id="d12064e129" publication-type="other">
TLL VII 1, 117.36–56 c</mixed-citation>
            </p>
         </fn>
         <fn id="d12064e136a1310">
            <label>2</label>
            <p>
               <mixed-citation id="d12064e143" publication-type="other">
Quint. 9.2.26</mixed-citation>
            </p>
            <p>
               <mixed-citation id="d12064e149" publication-type="other">
Cic Mil.
41</mixed-citation>
            </p>
            <p>
               <mixed-citation id="d12064e158" publication-type="other">
Terent. p. 159.22</mixed-citation>
            </p>
            <p>
               <mixed-citation id="d12064e165" publication-type="other">
Schlee on Andr. 766).</mixed-citation>
            </p>
         </fn>
         <fn id="d12064e172a1310">
            <label>5</label>
            <p>
               <mixed-citation id="d12064e179" publication-type="other">
II, p. 1163</mixed-citation>
            </p>
         </fn>
         <fn id="d12064e186a1310">
            <label>6</label>
            <p>
               <mixed-citation id="d12064e193" publication-type="other">
On 'nicht selten', however, see above, n. 3.</mixed-citation>
            </p>
         </fn>
         <fn id="d12064e201a1310">
            <label>7</label>
            <p>
               <mixed-citation id="d12064e208" publication-type="other">
Bailey (n. 5)</mixed-citation>
            </p>
         </fn>
         <fn id="d12064e215a1310">
            <label>9</label>
            <p>
               <mixed-citation id="d12064e222" publication-type="other">
L. Jan and K. Mayhoff's 1906</mixed-citation>
            </p>
            <p>
               <mixed-citation id="d12064e228" publication-type="other">
Sammlung Tusculum (1973–2004)</mixed-citation>
            </p>
            <p>
               <mixed-citation id="d12064e234" publication-type="other">
book 3
by H. Zehnacker, 1998</mixed-citation>
            </p>
         </fn>
         <fn id="d12064e244a1310">
            <label>10</label>
            <p>
               <mixed-citation id="d12064e251" publication-type="other">
R. König and G. Winkler (n. 9).</mixed-citation>
            </p>
            <p>
               <mixed-citation id="d12064e257" publication-type="other">
J. Sillig (1852)</mixed-citation>
            </p>
         </fn>
         <fn id="d12064e264a1310">
            <label>12</label>
            <p>
               <mixed-citation id="d12064e271" publication-type="other">
M. Winterbottom, Problems in Quintilian, BICS Suppl. 25 (London 1970), 190.</mixed-citation>
            </p>
         </fn>
      </fn-group>
   </back>
</article>
