<article xmlns:xsi="http://www.w3.org/2001/XMLSchema-instance"
         xmlns:xlink="http://www.w3.org/1999/xlink"
         xmlns:mml="http://www.w3.org/1998/Math/MathML"
         dtd-version="1.0"
         article-type="research-article">
   <front>
      <journal-meta>
         <journal-id journal-id-type="jstor">clasquar</journal-id>
         <journal-id journal-id-type="jstor">j100124</journal-id>
         <journal-title-group>
            <journal-title>The Classical Quarterly</journal-title>
         </journal-title-group>
         <publisher>
            <publisher-name>Cambridge University Press</publisher-name>
         </publisher>
         <custom-meta-group>
            <custom-meta>
               <meta-name>journal-series-title</meta-name>
               <meta-value>New Series</meta-value>
            </custom-meta>
         </custom-meta-group>
         <issn pub-type="ppub">00098388</issn>
         <issn pub-type="epub">14716844</issn>
      </journal-meta>
      <article-meta>
         <article-id pub-id-type="jstor">27564102</article-id>
         <article-id pub-id-type="pub-doi">10.1017/S0009838807000638</article-id>
         <title-group>
            <article-title>A New Text of the "Appendix Probi"</article-title>
         </title-group>
         <contrib-group>
            <contrib>
               <string-name>
                  <given-names>J. G. F.</given-names>
                  <surname>Powell</surname>
               </string-name>
            </contrib>
         </contrib-group>
         <pub-date>
            <day>1</day>
            <month>12</month>
            <year>2007</year>
         </pub-date>
         <volume>57</volume>
         <issue>2</issue>
         <issue-id>i27564079</issue-id>
         <fpage>687</fpage>
         <lpage>700</lpage>
         <permissions>
            <copyright-statement>Copyright 2007 The Classical Association</copyright-statement>
         </permissions>
         <self-uri xlink:href="http://www.jstor.org/stable/27564102"/>
         <custom-meta-group>
            <custom-meta>
               <meta-name>lang</meta-name>
               <meta-value>eng</meta-value>
            </custom-meta>
         </custom-meta-group>
      </article-meta>
   </front>
   <back>
      <fn-group>
         <title>[Footnotes]</title>
         <fn id="d4821e113a1310">
            <label>1</label>
            <p>
               <mixed-citation id="d4821e120" publication-type="other">
P. Flobert, 'La date de l' Appendix Probi' in Anon, (ed.) Filologia e forme
letterarie: studi offerti a Francesco delta Corte (Urbino, 1987), 4.299–320</mixed-citation>
            </p>
            <p>
               <mixed-citation id="d4821e129" publication-type="other">
F. J. Barnett, 'The Second Appendix to Probus', CQ 56
(2006), 257–78</mixed-citation>
            </p>
            <p>
               <mixed-citation id="d4821e138" publication-type="other">
F. Stok, Appendix Probi IV, Univ. degli
Studi di Salerno, Quaderni del Dipartimento di Scienze dell' Anticnitá 18 (Naples, 1997).</mixed-citation>
            </p>
            <p>
               <mixed-citation id="d4821e148" publication-type="other">
K. Barwick, Hermes 54 (1919), 409–22, at 421</mixed-citation>
            </p>
            <p>
               <mixed-citation id="d4821e154" publication-type="other">
Instituta artium 119.16</mixed-citation>
            </p>
         </fn>
         <fn id="d4821e161a1310">
            <label>2</label>
            <p>
               <mixed-citation id="d4821e168" publication-type="other">
Analecta Grammatica (Vienna, 1837), 437–51.</mixed-citation>
            </p>
         </fn>
         <fn id="d4821e175a1310">
            <label>3</label>
            <p>
               <mixed-citation id="d4821e182" publication-type="other">
W. Foerster and E. Koschwitz, Alifranzösisches Übungsbuch, zum gebrauch bei Vor-
lesungen und Seminarübungen (Heilbronn, 1884; rev. edn. Leipzig, 1911), 225–32 [column
numbers]</mixed-citation>
            </p>
            <p>
               <mixed-citation id="d4821e194" publication-type="other">
G. Rohlfs, Sermo vulgaris Latinus (Tübingen, 1969), 16–17</mixed-citation>
            </p>
            <p>
               <mixed-citation id="d4821e200" publication-type="other">
V. Väänänen, Iniroduciion
au latin vulgaire (Paris, 1981), 200–3, 216–18.</mixed-citation>
            </p>
         </fn>
         <fn id="d4821e210a1310">
            <label>4</label>
            <p>
               <mixed-citation id="d4821e217" publication-type="other">
W. A. Baehrens, Sprachlicher Kommentar zur Vulgärlateinischen Appendix Probi(Halle, 1922;
repr. Groningen, 1967).</mixed-citation>
            </p>
         </fn>
         <fn id="d4821e228a1310">
            <label>5</label>
            <p>
               <mixed-citation id="d4821e235" publication-type="other">
Foerster-Koschwitz (n. 3)</mixed-citation>
            </p>
            <p>
               <mixed-citation id="d4821e241" publication-type="other">
W. Foerster, 'Die
Appendix Probi', WS 14 [1892], 278–322</mixed-citation>
            </p>
         </fn>
         <fn id="d4821e251a1310">
            <label>7</label>
            <p>
               <mixed-citation id="d4821e258" publication-type="other">
Foerster-Koschwitz (n. 3), 229–30, on item 148.</mixed-citation>
            </p>
         </fn>
         <fn id="d4821e265a1310">
            <label>8</label>
            <p>
               <mixed-citation id="d4821e272" publication-type="other">
Foerster (n. 5, 1892)</mixed-citation>
            </p>
         </fn>
         <fn id="d4821e279a1310">
            <label>9</label>
            <p>
               <mixed-citation id="d4821e286" publication-type="other">
R. A. Kaster, Guardians of Language: The Grammarian and Society in Late
Antiquity (Berkeley–Los Angeles–London, 1988), 182 and n. 37.</mixed-citation>
            </p>
         </fn>
         <fn id="d4821e296a1310">
            <label>10</label>
            <p>
               <mixed-citation id="d4821e303" publication-type="other">
Bollettino della accademia italiana di Stenografia 4 (1928), 407.</mixed-citation>
            </p>
         </fn>
         <fn id="d4821e310a1310">
            <label>11</label>
            <p>
               <mixed-citation id="d4821e317" publication-type="other">
Foerster [n. 8]</mixed-citation>
            </p>
            <p>
               <mixed-citation id="d4821e323" publication-type="other">
Pompeius 286.7–9 and 14–16</mixed-citation>
            </p>
            <p>
               <mixed-citation id="d4821e329" publication-type="other">
Kaster (n. 9), 157</mixed-citation>
            </p>
         </fn>
         <fn id="d4821e337a1310">
            <label>13</label>
            <p>
               <mixed-citation id="d4821e344" publication-type="other">
'L' Appendix Probi et la philologie latine', Le Moyen Age 69 (1963), 37–54.</mixed-citation>
            </p>
         </fn>
         <fn id="d4821e351a1310">
            <label>14</label>
            <p>
               <mixed-citation id="d4821e358" publication-type="other">
Baehrens (n. 2), 1.</mixed-citation>
            </p>
         </fn>
         <fn id="d4821e365a1310">
            <label>15</label>
            <p>
               <mixed-citation id="d4821e372" publication-type="other">
L. R. Palmer, The Latin Language (London, 1954; 3rd edn. 1961), 154–62.</mixed-citation>
            </p>
         </fn>
         <fn id="d4821e379a1310">
            <label>16</label>
            <p>
               <mixed-citation id="d4821e386" publication-type="other">
J. Collart, ' "Ne dites pas . .. mais dites ..." (Quelques remarques sur la grammaire des
fautes chez les Latins)', REL 50 (1972), 232–46.</mixed-citation>
            </p>
            <p>
               <mixed-citation id="d4821e395" publication-type="other">
A. C. Dionisotti,
'On Bede, grammars, and Greek', Revue Bënëdictine 92 (1982), 111–41.</mixed-citation>
            </p>
         </fn>
         <fn id="d4821e405a1310">
            <label>17</label>
            <p>
               <mixed-citation id="d4821e412" publication-type="other">
W. Elcock, The Romance Languages (London, 1960), 29–34.</mixed-citation>
            </p>
         </fn>
         <fn id="d4821e419a1310">
            <label>18</label>
            <p>
               <mixed-citation id="d4821e426" publication-type="other">
Morphology, e.g. 57 tersus non tertus</mixed-citation>
            </p>
            <p>
               <mixed-citation id="d4821e432" publication-type="other">
lexicon, e.g. 83 auris non oricla.</mixed-citation>
            </p>
         </fn>
         <fn id="d4821e440a1310">
            <label>20</label>
            <p>
               <mixed-citation id="d4821e447" publication-type="other">
Priscian, Part. XII Vers. Aen. I 24–5 = GLK 3 (= vol. 2 of the Priscian edition) 465,
14–27</mixed-citation>
            </p>
         </fn>
         <fn id="d4821e457a1310">
            <label>21</label>
            <p>
               <mixed-citation id="d4821e464" publication-type="other">
Cornutus ap. Cassiodor. GLK
7.150.18)</mixed-citation>
            </p>
         </fn>
         <fn id="d4821e474a1310">
            <label>23</label>
            <p>
               <mixed-citation id="d4821e481" publication-type="other">
E. M. Steinby, Lexicon Topographicum Urbis Romae
(Rome, 1993), 1.235.</mixed-citation>
            </p>
            <p>
               <mixed-citation id="d4821e490" publication-type="other">
CIL 6.8983–4, mentions apaedagogus a caput [sic] Africae</mixed-citation>
            </p>
            <p>
               <mixed-citation id="d4821e496" publication-type="other">
G. Paris, Bibl. de l' École des Hautes Études (1887), 301–9</mixed-citation>
            </p>
            <p>
               <mixed-citation id="d4821e503" publication-type="other">
C. Jarecki (Eos 30 [1927], 1–25)</mixed-citation>
            </p>
            <p>
               <mixed-citation id="d4821e509" publication-type="other">
Flobert (n. 1)</mixed-citation>
            </p>
            <p>
               <mixed-citation id="d4821e515" publication-type="other">
Robson's (n. 13)</mixed-citation>
            </p>
         </fn>
         <fn id="d4821e522a1310">
            <label>24</label>
            <p>
               <mixed-citation id="d4821e529" publication-type="other">
Robson (n. 13)</mixed-citation>
            </p>
         </fn>
         <fn id="d4821e536a1310">
            <label>28</label>
            <p>
               <mixed-citation id="d4821e543" publication-type="other">
Cited n. 13.</mixed-citation>
            </p>
         </fn>
         <fn id="d4821e550a1310">
            <label>29</label>
            <p>
               <mixed-citation id="d4821e557" publication-type="other">
P. Gatti (ed.), Synonyma Ciceronis: la raccolta accusat, lacescit (Trento, 1994) in CR 46
(1996), 296–7.</mixed-citation>
            </p>
         </fn>
      </fn-group>
   </back>
</article>
