<article xmlns:xsi="http://www.w3.org/2001/XMLSchema-instance"
         xmlns:xlink="http://www.w3.org/1999/xlink"
         xmlns:mml="http://www.w3.org/1998/Math/MathML"
         dtd-version="1.0"
         article-type="research-article">
   <front>
      <journal-meta>
         <journal-id journal-id-type="jstor">clasquar</journal-id>
         <journal-id journal-id-type="jstor">j100124</journal-id>
         <journal-title-group>
            <journal-title>The Classical Quarterly</journal-title>
         </journal-title-group>
         <publisher>
            <publisher-name>Cambridge University Press</publisher-name>
         </publisher>
         <custom-meta-group>
            <custom-meta>
               <meta-name>journal-series-title</meta-name>
               <meta-value>New Series</meta-value>
            </custom-meta>
         </custom-meta-group>
         <issn pub-type="ppub">00098388</issn>
         <issn pub-type="epub">14716844</issn>
      </journal-meta>
      <article-meta>
         <article-id pub-id-type="jstor">27564134</article-id>
         <article-id pub-id-type="pub-doi">10.1017/S0009838808000165</article-id>
         <title-group>
            <article-title>Augustus, Julia and the Development of Exile "Ad Insulam"</article-title>
         </title-group>
         <contrib-group>
            <contrib>
               <string-name>
                  <given-names>Sarah T.</given-names>
                  <surname>Cohen</surname>
               </string-name>
            </contrib>
         </contrib-group>
         <pub-date>
            <day>1</day>
            <month>5</month>
            <year>2008</year>
         </pub-date>
         <volume>58</volume>
         <issue>1</issue>
         <issue-id>i27564117</issue-id>
         <fpage>206</fpage>
         <lpage>217</lpage>
         <permissions>
            <copyright-statement>Copyright 2008 The Classical Association</copyright-statement>
         </permissions>
         <self-uri xlink:href="http://www.jstor.org/stable/27564134"/>
         <custom-meta-group>
            <custom-meta>
               <meta-name>lang</meta-name>
               <meta-value>eng</meta-value>
            </custom-meta>
         </custom-meta-group>
      </article-meta>
   </front>
   <back>
      <fn-group>
         <title>[Footnotes]</title>
         <fn id="d11886e113a1310">
            <label>1</label>
            <p>
               <mixed-citation id="d11886e120" publication-type="other">
Suet. Aug. 65</mixed-citation>
            </p>
            <p>
               <mixed-citation id="d11886e126" publication-type="other">
Vell. 2.100.2–5</mixed-citation>
            </p>
            <p>
               <mixed-citation id="d11886e132" publication-type="other">
Dio Cassius 55.10.12–16</mixed-citation>
            </p>
            <p>
               <mixed-citation id="d11886e139" publication-type="other">
Sen.
Ben. 6.32.1–2</mixed-citation>
            </p>
            <p>
               <mixed-citation id="d11886e148" publication-type="other">
Julia, Julia
Augusti: The Emperor's Daughter (London, 2006), at 138–46.</mixed-citation>
            </p>
            <p>
               <mixed-citation id="d11886e157" publication-type="other">
R. Bauman, The Crimen maiestatis in the Roman Republic and Augustan
Principate (Johannesburg, 1967), 198–206</mixed-citation>
            </p>
            <p>
               <mixed-citation id="d11886e166" publication-type="other">
R. Syme, 'The crisis of 2 BC', Bayerische Akademie der
Wissenschaften 7 (1974), 3–34 = Roman Papers, vol. 3 (Oxford, 1984), 912–36</mixed-citation>
            </p>
            <p>
               <mixed-citation id="d11886e175" publication-type="other">
P. Sattler, 'Julia und Tiberius: Beiträge
zur römischen Innenpolitic zwischen der Jahren 12 v. und 2 n. Chr', in W Schmitthenner (ed.),
Augustus (Darmstadt, 1969), 486–530</mixed-citation>
            </p>
            <p>
               <mixed-citation id="d11886e187" publication-type="other">
R. Bauman, Women and Politics
in Ancient Rome (London, 1992), 105–19</mixed-citation>
            </p>
         </fn>
         <fn id="d11886e197a1310">
            <label>2</label>
            <p>
               <mixed-citation id="d11886e204" publication-type="other">
G. Amiotti, 'Primi casi di
relegazione e di deportazione insulare nel mondo romano', in M. Sordi (ed.), Coercizione e
mobilita umana nel mondo antico (Milan, 1995), 245–58</mixed-citation>
            </p>
            <p>
               <mixed-citation id="d11886e216" publication-type="other">
M. Braginton, 'Exile under the
Roman emperors', CJ 39 (1943–4), 391–402, at 393</mixed-citation>
            </p>
            <p>
               <mixed-citation id="d11886e225" publication-type="other">
S. Bingham, 'Life on an island: a brief
study of places of exile in the first century ad', Studies in Latin Literature and Roman History 11
(2003), 376–99, at 397–9.</mixed-citation>
            </p>
            <p>
               <mixed-citation id="d11886e238" publication-type="other">
Pliny HN 7.36</mixed-citation>
            </p>
            <p>
               <mixed-citation id="d11886e244" publication-type="other">
Braginton and Bingham, as well as P. Garnsey, Social Status
and Legal Privilege in the Roman Empire (Oxford, 1970), 111–22.</mixed-citation>
            </p>
         </fn>
         <fn id="d11886e254a1310">
            <label>3</label>
            <p>
               <mixed-citation id="d11886e261" publication-type="other">
Amiotti (n. 2)</mixed-citation>
            </p>
            <p>
               <mixed-citation id="d11886e267" publication-type="other">
Bingham (n. 2)</mixed-citation>
            </p>
         </fn>
         <fn id="d11886e274a1310">
            <label>4</label>
            <p>
               <mixed-citation id="d11886e281" publication-type="other">
G. Kelly, Exilium: A History and Prosopography of Exile in the Roman Republic (Diss.,
Bryn Mawr, 1999)</mixed-citation>
            </p>
            <p>
               <mixed-citation id="d11886e290" publication-type="other">
E. Grasmück, Exilium: Untersuchungen zur Verbannung in der Antike (Paderborn 1978), 62–127</mixed-citation>
            </p>
         </fn>
         <fn id="d11886e298a1310">
            <label>5</label>
            <p>
               <mixed-citation id="d11886e305" publication-type="other">
X. Lafon, 'Les îles de la mer Tyrrhénienne: entre palais et prisons sous les Julio-Claudiens',
in C. Betrand-Dagenbach, A. Chauvot, M. Matter, J.-M. Salamito (edd.), Career: Prison et
privation de liberté dans l'antiquité classique (Paris, 1999), 149–61, at 151</mixed-citation>
            </p>
         </fn>
         <fn id="d11886e318a1310">
            <label>6</label>
            <p>
               <mixed-citation id="d11886e325" publication-type="other">
Dig. 48.10.33: si quis falsis
constitutionibus nullo auctore habito utitur, lege Cornelia aqua et igni ei interdicitur.</mixed-citation>
            </p>
         </fn>
         <fn id="d11886e335a1310">
            <label>7</label>
            <p>
               <mixed-citation id="d11886e342" publication-type="other">
Grasmück (n. 4), 102–9.</mixed-citation>
            </p>
            <p>
               <mixed-citation id="d11886e348" publication-type="other">
Kelly, (n. 4), 30–1</mixed-citation>
            </p>
            <p>
               <mixed-citation id="d11886e354" publication-type="other">
lex Tullia de ambitu of 63</mixed-citation>
            </p>
         </fn>
         <fn id="d11886e361a1310">
            <label>8</label>
            <p>
               <mixed-citation id="d11886e368" publication-type="other">
B. Frier, The Rise of the Roman Jurists: Studies in Cicero's Pro Caecina (Princeton, 1995), 98</mixed-citation>
            </p>
            <p>
               <mixed-citation id="d11886e374" publication-type="other">
Caec. 95–102</mixed-citation>
            </p>
            <p>
               <mixed-citation id="d11886e380" publication-type="other">
J.L. Strachan Davidson, Problems in the
Roman Criminal Law (Oxford, 1912), 2.28</mixed-citation>
            </p>
         </fn>
         <fn id="d11886e390a1310">
            <label>9</label>
            <p>
               <mixed-citation id="d11886e397" publication-type="other">
Cic. Phil. 1.21–3</mixed-citation>
            </p>
            <p>
               <mixed-citation id="d11886e403" publication-type="other">
Suet. Jul. 42</mixed-citation>
            </p>
            <p>
               <mixed-citation id="d11886e409" publication-type="other">
Dig.
48.19.35</mixed-citation>
            </p>
         </fn>
         <fn id="d11886e419a1310">
            <label>10</label>
            <p>
               <mixed-citation id="d11886e426" publication-type="other">
Livy 7.4, Cic. Off. 3.31.112, Val. Max. 5.4.3 and 6.9.1</mixed-citation>
            </p>
            <p>
               <mixed-citation id="d11886e432" publication-type="other">
Sen. Ben. 3.3.7.</mixed-citation>
            </p>
         </fn>
         <fn id="d11886e440a1310">
            <label>11</label>
            <p>
               <mixed-citation id="d11886e447" publication-type="other">
F. Coarelli, Italia centrale (Rome, 1985), 436-8</mixed-citation>
            </p>
         </fn>
         <fn id="d11886e454a1310">
            <label>12</label>
            <p>
               <mixed-citation id="d11886e461" publication-type="other">
Lafon (n. 5), 151</mixed-citation>
            </p>
         </fn>
         <fn id="d11886e468a1310">
            <label>13</label>
            <p>
               <mixed-citation id="d11886e475" publication-type="other">
L. Jacono, 'Un porto duomillenario', Atti del III Congresso Nazionale di
Studi Romani, vol. 1 (Rome, 1934), 318–24, at 320.</mixed-citation>
            </p>
            <p>
               <mixed-citation id="d11886e484" publication-type="other">
Lafon (n. 5)</mixed-citation>
            </p>
            <p>
               <mixed-citation id="d11886e490" publication-type="other">
Bingham (n. 2), 383–5</mixed-citation>
            </p>
            <p>
               <mixed-citation id="d11886e497" publication-type="other">
Fantham (n. 1), 89–90.</mixed-citation>
            </p>
         </fn>
         <fn id="d11886e504a1310">
            <label>14</label>
            <p>
               <mixed-citation id="d11886e511" publication-type="other">
(n. 2), 383</mixed-citation>
            </p>
            <p>
               <mixed-citation id="d11886e517" publication-type="other">
X. Lafon, Villa Maritima: Recherches sur les villas littorales
de l'Italie romaine (Rome, 2001), 229–332.</mixed-citation>
            </p>
         </fn>
         <fn id="d11886e527a1310">
            <label>15</label>
            <p>
               <mixed-citation id="d11886e534" publication-type="other">
Syme (n. 1), 926</mixed-citation>
            </p>
         </fn>
         <fn id="d11886e541a1310">
            <label>16</label>
            <p>
               <mixed-citation id="d11886e548" publication-type="other">
R. Bauman, Crime and Punishment in Ancient Rome (London, 1996), 54.</mixed-citation>
            </p>
         </fn>
         <fn id="d11886e556a1310">
            <label>17</label>
            <p>
               <mixed-citation id="d11886e563" publication-type="other">
R.J.A. Talbert, The Senate of Imperial Rome (Princeton, 1984), 460–4</mixed-citation>
            </p>
            <p>
               <mixed-citation id="d11886e569" publication-type="other">
Bauman (n. 16), 52–3</mixed-citation>
            </p>
            <p>
               <mixed-citation id="d11886e575" publication-type="other">
Garnsey (n.
2), 17–64</mixed-citation>
            </p>
            <p>
               <mixed-citation id="d11886e585" publication-type="other">
Princeps (42).</mixed-citation>
            </p>
            <p>
               <mixed-citation id="d11886e591" publication-type="other">
J.S. Richardson, 'The Senate, the courts and the S. C. de
Cn. Pisone patre', CQ 47 (1997), 510–18, at 517</mixed-citation>
            </p>
         </fn>
         <fn id="d11886e601a1310">
            <label>18</label>
            <p>
               <mixed-citation id="d11886e608" publication-type="other">
J. Crook, Consilium
Principis:Iimperial Councils and Counselors from Augustus to Diocletian (New York, 1975), 106.</mixed-citation>
            </p>
         </fn>
         <fn id="d11886e618a1310">
            <label>19</label>
            <p>
               <mixed-citation id="d11886e625" publication-type="other">
Bingham (n. 2), 394–5.</mixed-citation>
            </p>
            <p>
               <mixed-citation id="d11886e631" publication-type="other">
Tac. Ann. 3.24.3</mixed-citation>
            </p>
         </fn>
         <fn id="d11886e638a1310">
            <label>20</label>
            <p>
               <mixed-citation id="d11886e645" publication-type="other">
Bauman (n. 16), 53–7.</mixed-citation>
            </p>
         </fn>
         <fn id="d11886e652a1310">
            <label>21</label>
            <p>
               <mixed-citation id="d11886e659" publication-type="other">
Y. Thomas, 'Remarques sur la jurisdiction
domestique à Rome', in J. Andreau and H. Bruhns (edd.), Parenté et stratégies familiales dans
l'antiquité romaine (Rome, 1990), 449–74, at 472.</mixed-citation>
            </p>
         </fn>
         <fn id="d11886e672a1310">
            <label>22</label>
            <p>
               <mixed-citation id="d11886e679" publication-type="other">
Dio Cassius (55.10.15)</mixed-citation>
            </p>
            <p>
               <mixed-citation id="d11886e685" publication-type="other">
Bauman (n. 16), 54</mixed-citation>
            </p>
         </fn>
         <fn id="d11886e693a1310">
            <label>23</label>
            <p>
               <mixed-citation id="d11886e700" publication-type="other">
Bauman (n. 16), 50</mixed-citation>
            </p>
            <p>
               <mixed-citation id="d11886e706" publication-type="other">
A.H.M. Jones, 'Imperial and senatorial jurisdiction in the early
principate', Historia 3 (1954–5), 464–88, at 481.</mixed-citation>
            </p>
         </fn>
         <fn id="d11886e716a1310">
            <label>24</label>
            <p>
               <mixed-citation id="d11886e723" publication-type="other">
K. Galinsky, 'Augustus' legislation on morals and marriage', Philologos 125 (1981),
126–144</mixed-citation>
            </p>
            <p>
               <mixed-citation id="d11886e732" publication-type="other">
J. Gardner, Women in Roman Law and Society (Bloomington, 1986), 121–34</mixed-citation>
            </p>
            <p>
               <mixed-citation id="d11886e738" publication-type="other">
C. Edwards, The Politics of Immorality in Ancient Rome (Cambridge, 1993)</mixed-citation>
            </p>
            <p>
               <mixed-citation id="d11886e745" publication-type="other">
R. Bauman, 'Some
notes on the structure and survival of the Quaestio de adulteriis', Antichthon 2 (1968), 68–93.</mixed-citation>
            </p>
         </fn>
         <fn id="d11886e755a1310">
            <label>25</label>
            <p>
               <mixed-citation id="d11886e762" publication-type="other">
U. Brasiello, La repressione penale nel diritto romano (Naples, 1937)</mixed-citation>
            </p>
            <p>
               <mixed-citation id="d11886e768" publication-type="other">
W. Kunkel, 'Quaestio I', RE 24.1 (1963), 720–86, at 770</mixed-citation>
            </p>
            <p>
               <mixed-citation id="d11886e774" publication-type="other">
Bauman (n. 24), 80, n. 95</mixed-citation>
            </p>
            <p>
               <mixed-citation id="d11886e781" publication-type="other">
O. Robinson,
The Criminal Law in Ancient Rome (London, 1995), 66.</mixed-citation>
            </p>
            <p>
               <mixed-citation id="d11886e790" publication-type="other">
Lafon (n. 5), 151</mixed-citation>
            </p>
         </fn>
         <fn id="d11886e797a1310">
            <label>26</label>
            <p>
               <mixed-citation id="d11886e804" publication-type="other">
Thomas
(n. 21), 466–8.</mixed-citation>
            </p>
            <p>
               <mixed-citation id="d11886e813" publication-type="other">
notes (471)</mixed-citation>
            </p>
         </fn>
         <fn id="d11886e820a1310">
            <label>28</label>
            <p>
               <mixed-citation id="d11886e827" publication-type="other">
Dig.48.5.23.3: sed qui occidere potest adulterum, multo magis
contumelia poterit iure adficare.</mixed-citation>
            </p>
            <p>
               <mixed-citation id="d11886e836" publication-type="other">
Dig. 48.5.26</mixed-citation>
            </p>
         </fn>
         <fn id="d11886e843a1310">
            <label>29</label>
            <p>
               <mixed-citation id="d11886e850" publication-type="other">
Bingham (n. 4), 379–80.</mixed-citation>
            </p>
         </fn>
         <fn id="d11886e858a1310">
            <label>30</label>
            <p>
               <mixed-citation id="d11886e865" publication-type="other">
Brasiello (n. 25), 292–4</mixed-citation>
            </p>
            <p>
               <mixed-citation id="d11886e871" publication-type="other">
Dig. 48.22.14.2.</mixed-citation>
            </p>
            <p>
               <mixed-citation id="d11886e877" publication-type="other">
T. Mommsen, Römisches Strafrecht (Leipzig,
1899), 23</mixed-citation>
            </p>
         </fn>
         <fn id="d11886e887a1310">
            <label>31</label>
            <p>
               <mixed-citation id="d11886e894" publication-type="other">
Lafon (n. 5), 161</mixed-citation>
            </p>
         </fn>
         <fn id="d11886e901a1310">
            <label>32</label>
            <p>
               <mixed-citation id="d11886e908" publication-type="other">
Braginton (n. 2), 393.</mixed-citation>
            </p>
         </fn>
         <fn id="d11886e915a1310">
            <label>33</label>
            <p>
               <mixed-citation id="d11886e922" publication-type="other">
Bingham (n. 2), 400.</mixed-citation>
            </p>
         </fn>
         <fn id="d11886e929a1310">
            <label>34</label>
            <p>
               <mixed-citation id="d11886e936" publication-type="other">
Tac. Ann. 2.85</mixed-citation>
            </p>
            <p>
               <mixed-citation id="d11886e942" publication-type="other">
Garnsey (n. 2), 112, n. 5</mixed-citation>
            </p>
         </fn>
         <fn id="d11886e949a1310">
            <label>35</label>
            <p>
               <mixed-citation id="d11886e956" publication-type="other">
Tac. Ann. 6.3.3.</mixed-citation>
            </p>
            <p>
               <mixed-citation id="d11886e962" publication-type="other">
Modestinus fr. 2</mixed-citation>
            </p>
            <p>
               <mixed-citation id="d11886e968" publication-type="other">
Bingham (n. 2), 392–4.</mixed-citation>
            </p>
         </fn>
         <fn id="d11886e976a1310">
            <label>36</label>
            <p>
               <mixed-citation id="d11886e983" publication-type="other">
Bingham (n. 2), 397–9.</mixed-citation>
            </p>
         </fn>
         <fn id="d11886e990a1310">
            <label>37</label>
            <p>
               <mixed-citation id="d11886e997" publication-type="other">
Dig. 48.8.3.5, 48.19.38.</mixed-citation>
            </p>
            <p>
               <mixed-citation id="d11886e1003" publication-type="other">
Dig. 48.19.28.13–15</mixed-citation>
            </p>
            <p>
               <mixed-citation id="d11886e1009" publication-type="other">
Jones (n. 23), 121.</mixed-citation>
            </p>
         </fn>
         <fn id="d11886e1016a1310">
            <label>38</label>
            <p>
               <mixed-citation id="d11886e1023" publication-type="other">
J. Crook, 'Political history, 30 B.C. to A.D. 14', CAH2 10 (Cambridge, 1996), 70–112, at 70.</mixed-citation>
            </p>
         </fn>
      </fn-group>
   </back>
</article>
