<article xmlns:xsi="http://www.w3.org/2001/XMLSchema-instance"
         xmlns:xlink="http://www.w3.org/1999/xlink"
         xmlns:mml="http://www.w3.org/1998/Math/MathML"
         dtd-version="1.0"
         article-type="research-article">
   <front>
      <journal-meta>
         <journal-id journal-id-type="jstor">clasquar</journal-id>
         <journal-id journal-id-type="jstor">j100124</journal-id>
         <journal-title-group>
            <journal-title>The Classical Quarterly</journal-title>
         </journal-title-group>
         <publisher>
            <publisher-name>Cambridge University Press</publisher-name>
         </publisher>
         <custom-meta-group>
            <custom-meta>
               <meta-name>journal-series-title</meta-name>
               <meta-value>New Series</meta-value>
            </custom-meta>
         </custom-meta-group>
         <issn pub-type="ppub">00098388</issn>
         <issn pub-type="epub">14716844</issn>
      </journal-meta>
      <article-meta>
         <article-id pub-id-type="jstor">27564089</article-id>
         <article-id pub-id-type="pub-doi">10.1017/S000983880700050X</article-id>
         <title-group>
            <article-title>Talking about Myself: A Pragmatic Approach to the Use of Aspect Forms in Lysias 12.4-19</article-title>
         </title-group>
         <contrib-group>
            <contrib>
               <string-name>
                  <given-names>Han</given-names>
                  <surname>Lamers</surname>
               </string-name>
            </contrib>
            <contrib>
               <string-name>
                  <given-names>Adriaan</given-names>
                  <surname>Rademaker</surname>
               </string-name>
            </contrib>
         </contrib-group>
         <pub-date>
            <day>1</day>
            <month>12</month>
            <year>2007</year>
         </pub-date>
         <volume>57</volume>
         <issue>2</issue>
         <issue-id>i27564079</issue-id>
         <fpage>458</fpage>
         <lpage>476</lpage>
         <permissions>
            <copyright-statement>Copyright 2007 The Classical Association</copyright-statement>
         </permissions>
         <self-uri xlink:href="http://www.jstor.org/stable/27564089"/>
         <custom-meta-group>
            <custom-meta>
               <meta-name>lang</meta-name>
               <meta-value>eng</meta-value>
            </custom-meta>
         </custom-meta-group>
      </article-meta>
   </front>
   <back>
      <fn-group>
         <title>[Footnotes]</title>
         <fn id="d4794e125a1310">
            <label>1</label>
            <p>
               <mixed-citation id="d4794e132" publication-type="other">
C. M. J. Sicking
and P. Stork, 'The synthetic perfect in classical Greek', in id., Two Studies in the Semantics of the
Verb in Classical Greek (Leiden, 1996), 119–298.</mixed-citation>
            </p>
         </fn>
         <fn id="d4794e145a1310">
            <label>2</label>
            <p>
               <mixed-citation id="d4794e152" publication-type="other">
G. Curtius, Erläuterungen zu meiner griechischen Schulgrammatik (Prague, 1863), at 171–4.</mixed-citation>
            </p>
            <p>
               <mixed-citation id="d4794e158" publication-type="other">
B. M. Fanning, Verbal Aspect in New Testament
Greek (Oxford, 1990), 8-85.</mixed-citation>
            </p>
         </fn>
         <fn id="d4794e168a1310">
            <label>3</label>
            <p>
               <mixed-citation id="d4794e175" publication-type="other">
F. Blass, 'Demosthenische Studien III: Aorist und Imperfekt', RhM 44 (1889), 406–30</mixed-citation>
            </p>
            <p>
               <mixed-citation id="d4794e181" publication-type="other">
C. W. E. Miller, The imperfect and the aorist in Greek', AJPh 16 (1895), 141–85</mixed-citation>
            </p>
            <p>
               <mixed-citation id="d4794e187" publication-type="other">
G. Herbig,
Aktionsart und Zeitstufe: Beiträge zur Funktionslehre des indogermanischen Verbums', IF 6
(1896), 157–269.</mixed-citation>
            </p>
         </fn>
         <fn id="d4794e200a1310">
            <label>4</label>
            <p>
               <mixed-citation id="d4794e207" publication-type="other">
F. Hultsch, 'Die erzählenden Zeitformen bei Polybios: Ein Beitrag zur Syntax der
gemeingriechischen Sprache', Abhandlungen der philologisch-historischen Classe der königlich
Sächsischen Gesellschaft der Wissenschaften, 13 (Dresden, 1893), 1–210, 347–467.</mixed-citation>
            </p>
         </fn>
         <fn id="d4794e221a1310">
            <label>5</label>
            <p>
               <mixed-citation id="d4794e228" publication-type="other">
C. Mutzbauer, Die Grundlagen der griechischen Tempuslehre und der homerische
Tempusgebrauch (Strassburg, 1893)</mixed-citation>
            </p>
            <p>
               <mixed-citation id="d4794e237" publication-type="other">
E. Purdie, 'The perfective "Aktionsart" in Polybius', IF 9
(1898), 63–153</mixed-citation>
            </p>
            <p>
               <mixed-citation id="d4794e246" publication-type="other">
J. M. Stahl, Kritisch-historische Syntax des griechischen Verbums der klassischen
Zeit (Heidelberg, 1907).</mixed-citation>
            </p>
         </fn>
         <fn id="d4794e256a1310">
            <label>6</label>
            <p>
               <mixed-citation id="d4794e263" publication-type="other">
H. Jacobsohn, 'Aspektfragen', 7F51 (1933), 292–318</mixed-citation>
            </p>
            <p>
               <mixed-citation id="d4794e269" publication-type="other">
B. Comrie, Aspect: An Introduction
to the Study of Verbal Aspect and Related Problems (Cambridge, 1976)</mixed-citation>
            </p>
            <p>
               <mixed-citation id="d4794e278" publication-type="other">
J. Lyons, Semantics
(Cambridge, 1977).</mixed-citation>
            </p>
         </fn>
         <fn id="d4794e288a1310">
            <label>8</label>
            <p>
               <mixed-citation id="d4794e295" publication-type="other">
Fanning (n. 2), 85.</mixed-citation>
            </p>
            <p>
               <mixed-citation id="d4794e301" publication-type="other">
W. Porzig, 'Zur Aktionsart indogermanischer Präsensbildungen', IF 45 (1927), 152–67</mixed-citation>
            </p>
            <p>
               <mixed-citation id="d4794e307" publication-type="other">
E. Hermann, 'Objektive und subjektive Aktionsart', 7745 (1927), 207–28.</mixed-citation>
            </p>
            <p>
               <mixed-citation id="d4794e314" publication-type="other">
D. Dowty, Studies in the Logic of Verb Aspect and Time
Reference in English (Austin, 1972)</mixed-citation>
            </p>
            <p>
               <mixed-citation id="d4794e323" publication-type="other">
C. Bache, 'Aspect and Aktionsart: towards a semantic
distinction', Journal of Linguistics 18 (1982), 57–72</mixed-citation>
            </p>
            <p>
               <mixed-citation id="d4794e332" publication-type="other">
C. Bache, Verbal Aspect: A General Theory
and its Application to Present Day English (Odense, 1985).</mixed-citation>
            </p>
         </fn>
         <fn id="d4794e342a1310">
            <label>9</label>
            <p>
               <mixed-citation id="d4794e349" publication-type="other">
C. J. Ruijgh, Autour de te épique: études sur la syntaxe grecque (Amsterdam, 1971)</mixed-citation>
            </p>
            <p>
               <mixed-citation id="d4794e355" publication-type="other">
C. J. Ruijgh, 'L'emploi "inceptif" du thème du présent du verbe grec', Mnemosyne 38 (1985),
1–61</mixed-citation>
            </p>
            <p>
               <mixed-citation id="d4794e364" publication-type="other">
H. Henrich, Kontext und Aspekt in der altgriechischen Prosa Herodots (Göttingen, 1976)</mixed-citation>
            </p>
            <p>
               <mixed-citation id="d4794e371" publication-type="other">
A. Rijksbaron, The Syntax and Semantics of the Verb in Classical Greek: An Introduction3
(Amsterdam, 2002).</mixed-citation>
            </p>
            <p>
               <mixed-citation id="d4794e380" publication-type="other">
W. F. Bakker, The Greek Imperative: An
Investigation into the Aspectual Differences between the Present and Aorist Imperatives in Greek
Prayer from Homer up to the Present Day (Amsterdam, 1966).</mixed-citation>
            </p>
         </fn>
         <fn id="d4794e393a1310">
            <label>10</label>
            <p>
               <mixed-citation id="d4794e400" publication-type="other">
H. Seiler, L'aspect et le temps dans le verb néo-grec (Paris, 1952), 113.</mixed-citation>
            </p>
         </fn>
         <fn id="d4794e407a1310">
            <label>11</label>
            <p>
               <mixed-citation id="d4794e414" publication-type="other">
H. Weinrich, Tempus: Besprochene und erzählte Welt (Stuttgart, 1964)</mixed-citation>
            </p>
            <p>
               <mixed-citation id="d4794e420" publication-type="other">
H. Weinrich,
'Tense and time', Archivum Linguisticum, n.s., 1 (1970), 31–41</mixed-citation>
            </p>
            <p>
               <mixed-citation id="d4794e429" publication-type="other">
P. J. Hopper, Aspect and
foregrounding in discourse', in T. Given (ed.), Syntax and Semantics, xii. Discourse and Syntax
(New York, 1979), 213–41</mixed-citation>
            </p>
            <p>
               <mixed-citation id="d4794e442" publication-type="other">
P. J. Hopper, Aspect between discourse and grammar: an intro-
ductory essay for the volume', in id. (ed.), Tense-Aspect: Between Discourse and Grammar
(Amsterdam-Philadelphia, 1982)</mixed-citation>
            </p>
            <p>
               <mixed-citation id="d4794e454" publication-type="other">
S. Wallace, 'Figure and ground: the interrelationships of
linguistic categories', in P. J. Hopper (ed.), Tense-Aspect: Between Discourse and Grammar
(Amsterdam-Philadelphia, 1982), 201–23.</mixed-citation>
            </p>
            <p>
               <mixed-citation id="d4794e466" publication-type="other">
N. B. Thelin (ed.), Verbal Aspect in Discourse:
Contributions to the Semantics of Time and Temporal Perspective in Slavic and Non-Slavic
Languages (Amsterdam, 1990), 3–88.</mixed-citation>
            </p>
         </fn>
         <fn id="d4794e480a1310">
            <label>12</label>
            <p>
               <mixed-citation id="d4794e487" publication-type="other">
Wallace (n. 11), 208.</mixed-citation>
            </p>
         </fn>
         <fn id="d4794e494a1310">
            <label>13</label>
            <p>
               <mixed-citation id="d4794e501" publication-type="other">
Fanning (n. 2), 75.</mixed-citation>
            </p>
         </fn>
         <fn id="d4794e508a1310">
            <label>14</label>
            <p>
               <mixed-citation id="d4794e515" publication-type="other">
C. M. J. Sicking, 'The distribution of aorist and present tense stem forms in Greek,
especially in the imperative', Glotta 69 (1991), 14–43,154–70 at 156</mixed-citation>
            </p>
            <p>
               <mixed-citation id="d4794e524" publication-type="other">
ibid 157</mixed-citation>
            </p>
         </fn>
         <fn id="d4794e531a1310">
            <label>15</label>
            <p>
               <mixed-citation id="d4794e538" publication-type="other">
C. M. J. Sicking, Aspect choice: time reference or discourse function?', in C. M. J. Sicking
and P. Stork, Two Studies in the Semantics of the Verb in Classical Greek (Leiden, 1996), 1–118, at
103–4.</mixed-citation>
            </p>
         </fn>
         <fn id="d4794e551a1310">
            <label>16</label>
            <p>
               <mixed-citation id="d4794e558" publication-type="other">
Sicking (n. 15), at 6–7.</mixed-citation>
            </p>
         </fn>
         <fn id="d4794e565a1310">
            <label>17</label>
            <p>
               <mixed-citation id="d4794e572" publication-type="other">
Sicking (n. 14), at 29</mixed-citation>
            </p>
            <p>
               <mixed-citation id="d4794e578" publication-type="other">
S. C. Dik, Functional Grammar (Amsterdam, 1979), at 149.</mixed-citation>
            </p>
         </fn>
         <fn id="d4794e586a1310">
            <label>19</label>
            <p>
               <mixed-citation id="d4794e593" publication-type="other">
Sicking (n. 14), at 27–33.</mixed-citation>
            </p>
            <p>
               <mixed-citation id="d4794e599" publication-type="other">
Thelin (n. 11), at 62–3 and 65–7.</mixed-citation>
            </p>
         </fn>
         <fn id="d4794e606a1310">
            <label>20</label>
            <p>
               <mixed-citation id="d4794e613" publication-type="other">
Sicking (n. 14), at 24.</mixed-citation>
            </p>
         </fn>
         <fn id="d4794e620a1310">
            <label>21</label>
            <p>
               <mixed-citation id="d4794e627" publication-type="other">
Sicking (n. 15), at 91</mixed-citation>
            </p>
         </fn>
         <fn id="d4794e634a1310">
            <label>22</label>
            <p>
               <mixed-citation id="d4794e641" publication-type="other">
C. M. J. Sicking and P. Stork, 'The grammar of the so-called historical present in ancient
Greek', in: E. J. Bakker (ed.), Grammar as Interpretation: Greek Literature in its Linguistic
Context (Leiden, 1997), 131–68 at 167.</mixed-citation>
            </p>
         </fn>
         <fn id="d4794e654a1310">
            <label>23</label>
            <p>
               <mixed-citation id="d4794e661" publication-type="other">
Thelin (n. 11).</mixed-citation>
            </p>
         </fn>
         <fn id="d4794e668a1310">
            <label>24</label>
            <p>
               <mixed-citation id="d4794e675" publication-type="other">
Il. 7.303-5</mixed-citation>
            </p>
         </fn>
         <fn id="d4794e683a1310">
            <label>25</label>
            <p>
               <mixed-citation id="d4794e690" publication-type="other">
Rijksbaron (n. 9)</mixed-citation>
            </p>
         </fn>
         <fn id="d4794e697a1310">
            <label>26</label>
            <p>
               <mixed-citation id="d4794e704" publication-type="other">
Rijksbaron [n. 9], at 17</mixed-citation>
            </p>
         </fn>
         <fn id="d4794e711a1310">
            <label>27</label>
            <p>
               <mixed-citation id="d4794e718" publication-type="other">
Sicking (n. 15)</mixed-citation>
            </p>
         </fn>
         <fn id="d4794e725a1310">
            <label>29</label>
            <p>
               <mixed-citation id="d4794e732" publication-type="other">
Sicking (n. 15)</mixed-citation>
            </p>
            <p>
               <mixed-citation id="d4794e738" publication-type="other">
Hdt. 3.50-3.</mixed-citation>
            </p>
         </fn>
         <fn id="d4794e745a1310">
            <label>30</label>
            <p>
               <mixed-citation id="d4794e752" publication-type="other">
Sicking and Stork (n. 22)</mixed-citation>
            </p>
            <p>
               <mixed-citation id="d4794e758" publication-type="other">
n. 166</mixed-citation>
            </p>
            <p>
               <mixed-citation id="d4794e764" publication-type="other">
Hdt. 5.77.2</mixed-citation>
            </p>
         </fn>
         <fn id="d4794e771a1310">
            <label>31</label>
            <p>
               <mixed-citation id="d4794e778" publication-type="other">
Sicking and Stork (n. 22), at 166</mixed-citation>
            </p>
         </fn>
         <fn id="d4794e786a1310">
            <label>32</label>
            <p>
               <mixed-citation id="d4794e793" publication-type="other">
n. 20</mixed-citation>
            </p>
            <p>
               <mixed-citation id="d4794e799" publication-type="other">
Sicking (n. 15), at
79–81.</mixed-citation>
            </p>
         </fn>
         <fn id="d4794e809a1310">
            <label>34</label>
            <p>
               <mixed-citation id="d4794e816" publication-type="other">
Lys. 1.13</mixed-citation>
            </p>
         </fn>
         <fn id="d4794e823a1310">
            <label>35</label>
            <p>
               <mixed-citation id="d4794e830" publication-type="other">
Sicking and Stork (n. 22), at 134–6.</mixed-citation>
            </p>
         </fn>
         <fn id="d4794e837a1310">
            <label>36</label>
            <p>
               <mixed-citation id="d4794e844" publication-type="other">
Sicking and Stork (n. 22), at 131–3.</mixed-citation>
            </p>
         </fn>
         <fn id="d4794e851a1310">
            <label>37</label>
            <p>
               <mixed-citation id="d4794e858" publication-type="other">
Sicking and Stork (n. 22), at 165.</mixed-citation>
            </p>
         </fn>
         <fn id="d4794e865a1310">
            <label>38</label>
            <p>
               <mixed-citation id="d4794e872" publication-type="other">
Aristophanes' Acharnerrf, Glotta 71 (1993), 159–66</mixed-citation>
            </p>
         </fn>
         <fn id="d4794e880a1310">
            <label>39</label>
            <p>
               <mixed-citation id="d4794e887" publication-type="other">
Sicking (n. 15), at 106.</mixed-citation>
            </p>
         </fn>
         <fn id="d4794e894a1310">
            <label>40</label>
            <p>
               <mixed-citation id="d4794e901" publication-type="other">
A Bibliography of Ancient Greek
Linguistics, maintained by Michel Buijs, at www.let.uu.nl/hist/goac/bgl.</mixed-citation>
            </p>
         </fn>
      </fn-group>
   </back>
</article>
