<article xmlns:xsi="http://www.w3.org/2001/XMLSchema-instance"
         xmlns:xlink="http://www.w3.org/1999/xlink"
         xmlns:mml="http://www.w3.org/1998/Math/MathML"
         dtd-version="1.0"
         article-type="research-article">
   <front>
      <journal-meta>
         <journal-id journal-id-type="jstor">clasquar</journal-id>
         <journal-id journal-id-type="jstor">j100124</journal-id>
         <journal-title-group>
            <journal-title>The Classical Quarterly</journal-title>
         </journal-title-group>
         <publisher>
            <publisher-name>Cambridge University Press</publisher-name>
         </publisher>
         <custom-meta-group>
            <custom-meta>
               <meta-name>journal-series-title</meta-name>
               <meta-value>New Series</meta-value>
            </custom-meta>
         </custom-meta-group>
         <issn pub-type="ppub">00098388</issn>
         <issn pub-type="epub">14716844</issn>
      </journal-meta>
      <article-meta>
         <article-id pub-id-type="jstor">27564138</article-id>
         <article-id pub-id-type="pub-doi">10.1017/S0009838808000207</article-id>
         <title-group>
            <article-title>Some Observations on the Text of Hyginus' Catalogue of Argonauts ("Fab". 14)</article-title>
         </title-group>
         <contrib-group>
            <contrib>
               <string-name>
                  <given-names>Stephen M.</given-names>
                  <surname>Trzaskoma</surname>
               </string-name>
            </contrib>
         </contrib-group>
         <pub-date>
            <day>1</day>
            <month>5</month>
            <year>2008</year>
         </pub-date>
         <volume>58</volume>
         <issue>1</issue>
         <issue-id>i27564117</issue-id>
         <fpage>256</fpage>
         <lpage>263</lpage>
         <permissions>
            <copyright-statement>Copyright 2008 The Classical Association</copyright-statement>
         </permissions>
         <self-uri xlink:href="http://www.jstor.org/stable/27564138"/>
         <custom-meta-group>
            <custom-meta>
               <meta-name>lang</meta-name>
               <meta-value>eng</meta-value>
            </custom-meta>
         </custom-meta-group>
      </article-meta>
   </front>
   <back>
      <fn-group>
         <title>[Footnotes]</title>
         <fn id="d12046e113a1310">
            <label>*</label>
            <p>
               <mixed-citation id="d12046e120" publication-type="other">
R.S. Smith and S.M. Trzaskoma (edd), Apollodorus' Library and Hyginus' Fabulae:
Two Handbooks of Greek Mythology (Indianapolis and Cambridge, MA, 2007).</mixed-citation>
            </p>
         </fn>
         <fn id="d12046e130a1310">
            <label>1</label>
            <p>
               <mixed-citation id="d12046e137" publication-type="other">
P.K. Marshall (ed.), Hyginus. Fabulae (Munich and Leipzig, 2002).</mixed-citation>
            </p>
         </fn>
         <fn id="d12046e144a1310">
            <label>2</label>
            <p>
               <mixed-citation id="d12046e151" publication-type="other">
Ov. Met. 12.459–535 (particularly 507–26).</mixed-citation>
            </p>
         </fn>
         <fn id="d12046e158a1310">
            <label>3</label>
            <p>
               <mixed-citation id="d12046e165" publication-type="other">
H.J. Rose (ed.), Hygini Fabulae (Leiden, 1963), 15: qua cum fabula conferri posse dixi Balderi
historiam et alias bene multas.</mixed-citation>
            </p>
         </fn>
         <fn id="d12046e176a1310">
            <label>4</label>
            <p>
               <mixed-citation id="d12046e183" publication-type="other">
Muncker's opinion: horride dicitur adigere in cuneum.</mixed-citation>
            </p>
         </fn>
         <fn id="d12046e190a1310">
            <label>6</label>
            <p>
               <mixed-citation id="d12046e197" publication-type="other">
C. Robert, 'Der Argonautenkatalog in Hygins Fabelbuch', Nachrichten der Akademie der
Wissenschaften in Göttingen, Philologisch-Historische Klasse (1919), 469–500.</mixed-citation>
            </p>
         </fn>
         <fn id="d12046e207a1310">
            <label>8</label>
            <p>
               <mixed-citation id="d12046e214" publication-type="other">
Columella, Arb. 26.4 cuneo adacto (also at Rust. 5.11)</mixed-citation>
            </p>
            <p>
               <mixed-citation id="d12046e220" publication-type="other">
Rust. 5.10 cuneu&amp;amp;ltm&amp;amp;gt...adigito, Plin.</mixed-citation>
            </p>
            <p>
               <mixed-citation id="d12046e226" publication-type="other">
HN 10.40 cuneumve adactum, and 17.110 and 17.253 cuneo adacto, 25.14 cuneus...adactus, Sen.</mixed-citation>
            </p>
            <p>
               <mixed-citation id="d12046e233" publication-type="other">
De Ira 1.6.1 adactis cunéis, Valerius Flaccus Argonautica 3.164 cuneisque...adactis, Val. Max. 9.12
cunéis adactis.</mixed-citation>
            </p>
         </fn>
         <fn id="d12046e243a1310">
            <label>10</label>
            <p>
               <mixed-citation id="d12046e250" publication-type="other">
G. Giangrande, 'Zum Argonautenkatalog des Hyginus', Wiener Studien N.E 8 (1974), 77–9</mixed-citation>
            </p>
            <p>
               <mixed-citation id="d12046e256" publication-type="other">
Rose (n. 3), 17</mixed-citation>
            </p>
         </fn>
         <fn id="d12046e263a1310">
            <label>11</label>
            <p>
               <mixed-citation id="d12046e270" publication-type="other">
Cicero, Letters
to Friends, [Cambridge, MA, 2001]</mixed-citation>
            </p>
         </fn>
         <fn id="d12046e280a1310">
            <label>13</label>
            <p>
               <mixed-citation id="d12046e287" publication-type="other">
Robert (n. 6), 476.</mixed-citation>
            </p>
         </fn>
         <fn id="d12046e295a1310">
            <label>14</label>
            <p>
               <mixed-citation id="d12046e302" publication-type="other">
G. Giangrande, 'Three textual problems in Hyginus', Museum Philologum Londiniense, 1
(1975), 121–5.</mixed-citation>
            </p>
         </fn>
         <fn id="d12046e312a1310">
            <label>17</label>
            <p>
               <mixed-citation id="d12046e319" publication-type="other">
Fab. 70.1, 73.1 and 250.2.</mixed-citation>
            </p>
         </fn>
         <fn id="d12046e326a1310">
            <label>18</label>
            <p>
               <mixed-citation id="d12046e333" publication-type="other">
14.1.5 Asterion Pyremi filius, matre
Antigona Pheretis filia, ex urbe Pellene, as well as 14.2.10 (Polyphemus)</mixed-citation>
            </p>
            <p>
               <mixed-citation id="d12046e342" publication-type="other">
14.2.11 (Iphiclus)</mixed-citation>
            </p>
            <p>
               <mixed-citation id="d12046e348" publication-type="other">
14.2.13 (Admetus)</mixed-citation>
            </p>
            <p>
               <mixed-citation id="d12046e355" publication-type="other">
14.16.81 (Ancaeus)</mixed-citation>
            </p>
            <p>
               <mixed-citation id="d12046e361" publication-type="other">
14.17.87 (Iphiclus alter).</mixed-citation>
            </p>
         </fn>
      </fn-group>
   </back>
</article>
