<article xmlns:xsi="http://www.w3.org/2001/XMLSchema-instance"
         xmlns:xlink="http://www.w3.org/1999/xlink"
         xmlns:mml="http://www.w3.org/1998/Math/MathML"
         dtd-version="1.0"
         article-type="research-article">
   <front>
      <journal-meta>
         <journal-id journal-id-type="jstor">clasquar</journal-id>
         <journal-id journal-id-type="jstor">j100124</journal-id>
         <journal-title-group>
            <journal-title>The Classical Quarterly</journal-title>
         </journal-title-group>
         <publisher>
            <publisher-name>Cambridge University Press</publisher-name>
         </publisher>
         <custom-meta-group>
            <custom-meta>
               <meta-name>journal-series-title</meta-name>
               <meta-value>New Series</meta-value>
            </custom-meta>
         </custom-meta-group>
         <issn pub-type="ppub">00098388</issn>
         <issn pub-type="epub">14716844</issn>
      </journal-meta>
      <article-meta>
         <article-id pub-id-type="jstor">27564131</article-id>
         <article-id pub-id-type="pub-doi">10.1017/S000983880800013X</article-id>
         <title-group>
            <article-title>The King of Pain: Aeneas, Achates and 'Achos' in "Aeneid" 1</article-title>
         </title-group>
         <contrib-group>
            <contrib>
               <string-name>
                  <given-names>Sergio</given-names>
                  <surname>Casali</surname>
               </string-name>
            </contrib>
         </contrib-group>
         <pub-date>
            <day>1</day>
            <month>5</month>
            <year>2008</year>
         </pub-date>
         <volume>58</volume>
         <issue>1</issue>
         <issue-id>i27564117</issue-id>
         <fpage>181</fpage>
         <lpage>189</lpage>
         <permissions>
            <copyright-statement>Copyright 2008 The Classical Association</copyright-statement>
         </permissions>
         <self-uri xlink:href="http://www.jstor.org/stable/27564131"/>
         <custom-meta-group>
            <custom-meta>
               <meta-name>lang</meta-name>
               <meta-value>eng</meta-value>
            </custom-meta>
         </custom-meta-group>
      </article-meta>
   </front>
   <back>
      <fn-group>
         <title>[Footnotes]</title>
         <fn id="d11983e113a1310">
            <label>1</label>
            <p>
               <mixed-citation id="d11983e120" publication-type="other">
F. Speranza, Enc. Virg. 1 (1984), 8</mixed-citation>
            </p>
            <p>
               <mixed-citation id="d11983e126" publication-type="other">
Libyan shore (1.174)</mixed-citation>
            </p>
            <p>
               <mixed-citation id="d11983e132" publication-type="other">
Aeneas in the deer hunt (1.188)</mixed-citation>
            </p>
            <p>
               <mixed-citation id="d11983e139" publication-type="other">
Juno (1.312, 459, 513,
579, 581)</mixed-citation>
            </p>
            <p>
               <mixed-citation id="d11983e148" publication-type="other">
Aeneas sends him to bring Ascanius and the gifts for Dido (1.644, 656, 696)</mixed-citation>
            </p>
            <p>
               <mixed-citation id="d11983e154" publication-type="other">
Italy (3.523)</mixed-citation>
            </p>
            <p>
               <mixed-citation id="d11983e160" publication-type="other">
Sibyl (6.34,
158)</mixed-citation>
            </p>
            <p>
               <mixed-citation id="d11983e169" publication-type="other">
Venus' weapons in the sky (8.466, 521, 586)</mixed-citation>
            </p>
            <p>
               <mixed-citation id="d11983e175" publication-type="other">
Aeneas himself
(10.332, 344)</mixed-citation>
            </p>
            <p>
               <mixed-citation id="d11983e185" publication-type="other">
Epulo (12.459).</mixed-citation>
            </p>
            <p>
               <mixed-citation id="d11983e191" publication-type="other">
M.B. Révész, 'Fidus Achates', AUB(Class) 1
(1972), 53–8</mixed-citation>
            </p>
            <p>
               <mixed-citation id="d11983e200" publication-type="other">
D.L. Drew, The Allegory of the Aeneid (Oxford, 1927), 85–7)</mixed-citation>
            </p>
            <p>
               <mixed-citation id="d11983e206" publication-type="other">
L.E. Eubanks, 'The role of
Achates: Comes fidus Achates', Virgilius 28 (1982), 59–61</mixed-citation>
            </p>
            <p>
               <mixed-citation id="d11983e215" publication-type="other">
M. Lossau,'Achates, Symbolfigur der
Aeneis', Hermes 115 (1987), 89–99 (Achates is the Iliad to Palinurus' Odyssey)</mixed-citation>
            </p>
            <p>
               <mixed-citation id="d11983e224" publication-type="other">
I. Opelt, 'Fidus
Achates', GB 14 (1987), 187–98</mixed-citation>
            </p>
            <p>
               <mixed-citation id="d11983e234" publication-type="other">
T. Weber, Fidus Achates. Der Gefährte des Aeneas in Virgils
Aeneis, Studien zur klassischen Philologie 37 (Frankfurt am Main, 1988) (review of scholarship
at 11–19)</mixed-citation>
            </p>
            <p>
               <mixed-citation id="d11983e246" publication-type="other">
C. Santini,'Il comitato di Enea', in C. Santini and L. Zurli (edd.), Ars narrandi. Scritti
di narrativa antica in memoria di Luigi Pepe (Naples, 1996), 209–24 (see 210–12 for a brief sketch
of the theme of the hero and his faithful comrade in Western epic</mixed-citation>
            </p>
            <p>
               <mixed-citation id="d11983e258" publication-type="other">
M. Owen Lee, Fathers
and Sons in Vergil's Aeneid (Albany, NY, 1979), 107–9).</mixed-citation>
            </p>
         </fn>
         <fn id="d11983e268a1310">
            <label>2</label>
            <p>
               <mixed-citation id="d11983e275" publication-type="other">
Eust. Il. 2.701 (1.508.6–7 van der Valk)</mixed-citation>
            </p>
            <p>
               <mixed-citation id="d11983e281" publication-type="other">
O. Rossbach, RE s.v. Achates, 212</mixed-citation>
            </p>
            <p>
               <mixed-citation id="d11983e287" publication-type="other">
Speranza [n. 1], 9</mixed-citation>
            </p>
            <p>
               <mixed-citation id="d11983e294" publication-type="other">
Ovid Fast. 3.603 and 607</mixed-citation>
            </p>
            <p>
               <mixed-citation id="d11983e300" publication-type="other">
Anna ('Anna
est!' exclamat Achates)</mixed-citation>
            </p>
            <p>
               <mixed-citation id="d11983e309" publication-type="other">
Weber (n. 1), 124, n. 2</mixed-citation>
            </p>
         </fn>
         <fn id="d11983e316a1310">
            <label>3</label>
            <p>
               <mixed-citation id="d11983e323" publication-type="other">
R. Maltby, A Lexicon of Ancient Latin Etymologies (Leeds, 1991), 5.</mixed-citation>
            </p>
         </fn>
         <fn id="d11983e330a1310">
            <label>4</label>
            <p>
               <mixed-citation id="d11983e337" publication-type="other">
'Perhaps', J.J. O'Hara, True Names: Vergil and the Alexandrian Tradition of Etymological
Wordplay (Ann Arbor, 1996), 119</mixed-citation>
            </p>
            <p>
               <mixed-citation id="d11983e346" publication-type="other">
O.S. Due, 'Zur
Etymologisierung in der Aeneis', in Classica et Mediaevalia Francisco Blatto Septuagenario
Dedicata (Gyldenhal, 1973), 270–9, at 271–3.</mixed-citation>
            </p>
            <p>
               <mixed-citation id="d11983e358" publication-type="other">
Opelt (n. 1), 188</mixed-citation>
            </p>
            <p>
               <mixed-citation id="d11983e365" publication-type="other">
Weber (n. 1), 23–5</mixed-citation>
            </p>
            <p>
               <mixed-citation id="d11983e371" publication-type="other">
Santini (n. 1), 217–18.</mixed-citation>
            </p>
         </fn>
         <fn id="d11983e379a1310">
            <label>5</label>
            <p>
               <mixed-citation id="d11983e386" publication-type="other">
M. Paschalis, Vergil's Aeneid: Semantic Relations and Proper Names (Oxford, 1997), 49</mixed-citation>
            </p>
         </fn>
         <fn id="d11983e393a1310">
            <label>6</label>
            <p>
               <mixed-citation id="d11983e400" publication-type="other">
S.J. Harrison on Aen. 10.332</mixed-citation>
            </p>
            <p>
               <mixed-citation id="d11983e406" publication-type="other">
Aeneid, cf. e.g. Caicus (1.183)</mixed-citation>
            </p>
            <p>
               <mixed-citation id="d11983e412" publication-type="other">
Hypanis (2.340)</mixed-citation>
            </p>
            <p>
               <mixed-citation id="d11983e419" publication-type="other">
Almo (7.532, with Fordyce and Horsfall
ad loc.), Galaesus (7.535)</mixed-citation>
            </p>
            <p>
               <mixed-citation id="d11983e428" publication-type="other">
Ufens (7.745)</mixed-citation>
            </p>
            <p>
               <mixed-citation id="d11983e434" publication-type="other">
Umbro (7.752)</mixed-citation>
            </p>
            <p>
               <mixed-citation id="d11983e440" publication-type="other">
Thymbris (10.124)</mixed-citation>
            </p>
         </fn>
         <fn id="d11983e447a1310">
            <label>7</label>
            <p>
               <mixed-citation id="d11983e456" publication-type="other">
Fulg. Virg. cont. p. 92.15–16 Helm</mixed-citation>
            </p>
            <p>
               <mixed-citation id="d11983e462" publication-type="other">
J.W. Jones and E.F. Jones (edd.), The Commentary on
the First Six Books of the Aeneid of Vergil Commonly Attributed to Bernardus Silvestris (Lincoln
and London, 1977), 31.17–22.</mixed-citation>
            </p>
         </fn>
         <fn id="d11983e475a1310">
            <label>8</label>
            <p>
               <mixed-citation id="d11983e482" publication-type="other">
Due (n. 4), 271</mixed-citation>
            </p>
         </fn>
         <fn id="d11983e489a1310">
            <label>9</label>
            <p>
               <mixed-citation id="d11983e496" publication-type="other">
O'Hara (n. 4), 124</mixed-citation>
            </p>
            <p>
               <mixed-citation id="d11983e502" publication-type="other">
Speranza (n. 1), 9</mixed-citation>
            </p>
            <p>
               <mixed-citation id="d11983e508" publication-type="other">
Opelt (n. 1), 187</mixed-citation>
            </p>
            <p>
               <mixed-citation id="d11983e515" publication-type="other">
Santini (n. 1), 218</mixed-citation>
            </p>
            <p>
               <mixed-citation id="d11983e521" publication-type="other">
Paschalis (n.
5)</mixed-citation>
            </p>
            <p>
               <mixed-citation id="d11983e530" publication-type="other">
"scopulus"'; p. 49</mixed-citation>
            </p>
            <p>
               <mixed-citation id="d11983e536" publication-type="other">
Paschalis, 140 and n. 109</mixed-citation>
            </p>
         </fn>
         <fn id="d11983e543a1310">
            <label>10</label>
            <p>
               <mixed-citation id="d11983e550" publication-type="other">
LCM 2 (1977), 139</mixed-citation>
            </p>
         </fn>
         <fn id="d11983e558a1310">
            <label>11</label>
            <p>
               <mixed-citation id="d11983e565" publication-type="other">
O'Hara (n. 4), 124.</mixed-citation>
            </p>
         </fn>
         <fn id="d11983e572a1310">
            <label>12</label>
            <p>
               <mixed-citation id="d11983e579" publication-type="other">
AuA 40 (1994), 109–24, at 109 n. 1</mixed-citation>
            </p>
            <p>
               <mixed-citation id="d11983e585" publication-type="other">
Richard Thomas mi fa notare
Serv. ad Aen. 1.312</mixed-citation>
            </p>
         </fn>
         <fn id="d11983e595a1310">
            <label>13</label>
            <p>
               <mixed-citation id="d11983e602" publication-type="other">
L.P. Rank,
Etymologiseering en verwante verschijnselen bij Homerus (Assen, 1951), 37</mixed-citation>
            </p>
            <p>
               <mixed-citation id="d11983e611" publication-type="other">
O'Hara (n. 4),
242.</mixed-citation>
            </p>
         </fn>
         <fn id="d11983e621a1310">
            <label>14</label>
            <p>
               <mixed-citation id="d11983e628" publication-type="other">
Weber [n. 1], 48–59</mixed-citation>
            </p>
            <p>
               <mixed-citation id="d11983e634" publication-type="other">
Weber [n. 1], 78</mixed-citation>
            </p>
         </fn>
         <fn id="d11983e641a1310">
            <label>15</label>
            <p>
               <mixed-citation id="d11983e648" publication-type="other">
K. Reckford, 'Recognising Venus (I): Aeneas meets his mother', Arion 3 (1995–6), 1–42, esp.
16–22.</mixed-citation>
            </p>
         </fn>
         <fn id="d11983e658a1310">
            <label>16</label>
            <p>
               <mixed-citation id="d11983e665" publication-type="other">
Od. 8.363–5</mixed-citation>
            </p>
         </fn>
         <fn id="d11983e673a1310">
            <label>17</label>
            <p>
               <mixed-citation id="d11983e680" publication-type="other">
Reckford (n. 15), passim.</mixed-citation>
            </p>
         </fn>
         <fn id="d11983e687a1310">
            <label>18</label>
            <p>
               <mixed-citation id="d11983e694" publication-type="other">
Aen. 1.513</mixed-citation>
            </p>
         </fn>
         <fn id="d11983e701a1310">
            <label>19</label>
            <p>
               <mixed-citation id="d11983e708" publication-type="other">
Lee (n. 1), 107.</mixed-citation>
            </p>
            <p>
               <mixed-citation id="d11983e714" publication-type="other">
Weber (n. 1), 153–5.</mixed-citation>
            </p>
         </fn>
         <fn id="d11983e721a1310">
            <label>20</label>
            <p>
               <mixed-citation id="d11983e728" publication-type="other">
Paschalis (n. 5), 387: 'The presence of "Achates" encapsulates Aeneas' α̈χo[unk]'.</mixed-citation>
            </p>
         </fn>
         <fn id="d11983e735a1310">
            <label>21</label>
            <p>
               <mixed-citation id="d11983e742" publication-type="other">
M. Scarsi, Enc. Virg. s.v. Epulone</mixed-citation>
            </p>
            <p>
               <mixed-citation id="d11983e748" publication-type="other">
Turnus (solum densa in caligine Turnum /
uestigat lustrans, solum in certamina poscit, 12.466–7)</mixed-citation>
            </p>
         </fn>
         <fn id="d11983e758a1310">
            <label>22</label>
            <p>
               <mixed-citation id="d11983e765" publication-type="other">
G. Nagy, The Best of the Achaeans:
Concepts of the Hero in Archaic Greek Poetry (Baltimore, 1979), 69–83</mixed-citation>
            </p>
            <p>
               <mixed-citation id="d11983e774" publication-type="other">
R. Janko (Cambridge,
1992) on Il. 16.21–2</mixed-citation>
            </p>
            <p>
               <mixed-citation id="d11983e783" publication-type="other">
Glotta 71 (1993), 17–27.</mixed-citation>
            </p>
            <p>
               <mixed-citation id="d11983e790" publication-type="other">
O'Hara (n.4), 27 with n. 113, and 37 with n. 196</mixed-citation>
            </p>
            <p>
               <mixed-citation id="d11983e796" publication-type="other">
Maltby (n. 3), 5,
s.v. Achilles.</mixed-citation>
            </p>
         </fn>
         <fn id="d11983e807a1310">
            <label>23</label>
            <p>
               <mixed-citation id="d11983e814" publication-type="other">
'Odysseus' (Od. 19.407–9).</mixed-citation>
            </p>
            <p>
               <mixed-citation id="d11983e820" publication-type="other">
O'Hara
(n. 4), 9 and n. 16</mixed-citation>
            </p>
            <p>
               <mixed-citation id="d11983e829" publication-type="other">
S. West on Od. 1.62</mixed-citation>
            </p>
            <p>
               <mixed-citation id="d11983e836" publication-type="other">
J. Russo on Od. 19.407</mixed-citation>
            </p>
            <p>
               <mixed-citation id="d11983e842" publication-type="other">
W.B. Stanford, 'The
Homeric etymology of the name Odysseus', CP 47 (1952), 209–13</mixed-citation>
            </p>
            <p>
               <mixed-citation id="d11983e851" publication-type="other">
J.S. Clay, The Wrath of
Athena: Gods and Men in the Odyssey (Princeton, 1983), 54–68</mixed-citation>
            </p>
            <p>
               <mixed-citation id="d11983e860" publication-type="other">
Aeneid (3.613– and 691)</mixed-citation>
            </p>
            <p>
               <mixed-citation id="d11983e866" publication-type="other">
'Achaemenides', comes infelicis Vlixi (3.691)</mixed-citation>
            </p>
         </fn>
         <fn id="d11983e873a1310">
            <label>24</label>
            <p>
               <mixed-citation id="d11983e880" publication-type="other">
O'Hara (n. 4), 86–8.</mixed-citation>
            </p>
         </fn>
         <fn id="d11983e887a1310">
            <label>25</label>
            <p>
               <mixed-citation id="d11983e894" publication-type="other">
Paschalis (n. 5), 67–8</mixed-citation>
            </p>
         </fn>
         <fn id="d11983e901a1310">
            <label>26</label>
            <p>
               <mixed-citation id="d11983e910" publication-type="other">
L.R. Palmer, The Interpretation of Mycenaean Greek Texts (Oxford,
1963), 79</mixed-citation>
            </p>
            <p>
               <mixed-citation id="d11983e919" publication-type="other">
Nagy (n. 22)</mixed-citation>
            </p>
         </fn>
         <fn id="d11983e926a1310">
            <label>27</label>
            <p>
               <mixed-citation id="d11983e933" publication-type="other">
Paschalis (n. 5), 134</mixed-citation>
            </p>
         </fn>
      </fn-group>
   </back>
</article>
