<article xmlns:xsi="http://www.w3.org/2001/XMLSchema-instance"
         xmlns:xlink="http://www.w3.org/1999/xlink"
         xmlns:mml="http://www.w3.org/1998/Math/MathML"
         dtd-version="1.0"
         article-type="research-article">
   <front>
      <journal-meta>
         <journal-id journal-id-type="jstor">clasquar</journal-id>
         <journal-id journal-id-type="jstor">j100124</journal-id>
         <journal-title-group>
            <journal-title>The Classical Quarterly</journal-title>
         </journal-title-group>
         <publisher>
            <publisher-name>Cambridge University Press</publisher-name>
         </publisher>
         <custom-meta-group>
            <custom-meta>
               <meta-name>journal-series-title</meta-name>
               <meta-value>New Series</meta-value>
            </custom-meta>
         </custom-meta-group>
         <issn pub-type="ppub">00098388</issn>
         <issn pub-type="epub">14716844</issn>
      </journal-meta>
      <article-meta>
         <article-id pub-id-type="jstor">27564121</article-id>
         <article-id pub-id-type="pub-doi">10.1017/S0009838808000037</article-id>
         <title-group>
            <article-title>Six Notes on the Text of Euripides' "Hippolytus" (271, 626, 680-1, 1045, 1123, 1153)</article-title>
         </title-group>
         <contrib-group>
            <contrib>
               <string-name>
                  <given-names>Glenn W.</given-names>
                  <surname>Most</surname>
               </string-name>
            </contrib>
         </contrib-group>
         <pub-date>
            <day>1</day>
            <month>5</month>
            <year>2008</year>
         </pub-date>
         <volume>58</volume>
         <issue>1</issue>
         <issue-id>i27564117</issue-id>
         <fpage>35</fpage>
         <lpage>55</lpage>
         <permissions>
            <copyright-statement>Copyright 2008 The Classical Association</copyright-statement>
         </permissions>
         <self-uri xlink:href="http://www.jstor.org/stable/27564121"/>
         <custom-meta-group>
            <custom-meta>
               <meta-name>lang</meta-name>
               <meta-value>eng</meta-value>
            </custom-meta>
         </custom-meta-group>
      </article-meta>
   </front>
   <back>
      <fn-group>
         <title>[Footnotes]</title>
         <fn id="d12100e113a1310">
            <label>1</label>
            <p>
               <mixed-citation id="d12100e120" publication-type="other">
D.J. Mastronarde, rev. of Diggle, CIP 83 (1988), 151–60, at 154.</mixed-citation>
            </p>
         </fn>
         <fn id="d12100e127a1310">
            <label>2</label>
            <p>
               <mixed-citation id="d12100e134" publication-type="other">
U. von Wilamowitz-Moellendorff (ed.), Euripides Hippolytos griechisch und deutsch (Berlin,
1891), ad loc.</mixed-citation>
            </p>
         </fn>
         <fn id="d12100e144a1310">
            <label>3</label>
            <p>
               <mixed-citation id="d12100e153" publication-type="other">
J.W. Fitton, rev. of Barrett, Pegasus 8 (1967), 17–43</mixed-citation>
            </p>
            <p>
               <mixed-citation id="d12100e159" publication-type="other">
W. Stockert, 'Bemerkungen zum Text des euripideischen</mixed-citation>
            </p>
            <p>
               <mixed-citation id="d12100e166" publication-type="other">
Hippolytos', Prometheus 20 (1994), 211–33</mixed-citation>
            </p>
         </fn>
         <fn id="d12100e173a1310">
            <label>4</label>
            <p>
               <mixed-citation id="d12100e180" publication-type="other">
H. Lloyd-Jones, rev. of Barrett, JHS 85 (1965),
164–71</mixed-citation>
            </p>
         </fn>
         <fn id="d12100e191a1310">
            <label>5</label>
            <p>
               <mixed-citation id="d12100e198" publication-type="other">
D. Kovacs, Euripidea Altera (Leiden-New York-Köln, 1996), 29–30.</mixed-citation>
            </p>
         </fn>
         <fn id="d12100e205a1310">
            <label>6</label>
            <p>
               <mixed-citation id="d12100e212" publication-type="other">
M. Giusta, Il testo dell'Ippolito di Euripide: congetture e croci (Firenze,
1998), 61.</mixed-citation>
            </p>
         </fn>
         <fn id="d12100e222a1310">
            <label>7</label>
            <p>
               <mixed-citation id="d12100e229" publication-type="other">
C.W. Willink, 'Some problems of text and interpretation in the Hippolytus', ClQ n.s. 18
(1968), 11–43, at 38–9.</mixed-citation>
            </p>
         </fn>
         <fn id="d12100e239a1310">
            <label>8</label>
            <p>
               <mixed-citation id="d12100e246" publication-type="other">
H. Weil, 'Kritische Bemerkungen zu Euripides' Hippolytos', RhM 22 (1867), 345–61, at 346.</mixed-citation>
            </p>
         </fn>
         <fn id="d12100e253a1310">
            <label>9</label>
            <p>
               <mixed-citation id="d12100e260" publication-type="other">
N. Wecklein (ed.), Euripidis Hippolytus (Lepzig, 1910), 71</mixed-citation>
            </p>
            <p>
               <mixed-citation id="d12100e266" publication-type="other">
T. Barthold,
Kritisch-exegetische Untersuchungen zu des Euripides Medea und Hippolytus, Wissenschaftliche
Beigabe zum Osterprogramm des Wilhelm-Gymnasiums in Hamburg 1887 (Hamburg, 1887), 33.</mixed-citation>
            </p>
         </fn>
         <fn id="d12100e279a1310">
            <label>10</label>
            <p>
               <mixed-citation id="d12100e286" publication-type="other">
But on Hipp. 33</mixed-citation>
            </p>
            <p>
               <mixed-citation id="d12100e292" publication-type="other">
H.M. Jackson, 'Euripides, "Hippolytus" 29–33',
Hermes 124 (1996), 150–9.</mixed-citation>
            </p>
         </fn>
         <fn id="d12100e303a1310">
            <label>12</label>
            <p>
               <mixed-citation id="d12100e310" publication-type="other">
Giusta (n. 6), 96.</mixed-citation>
            </p>
         </fn>
         <fn id="d12100e317a1310">
            <label>13</label>
            <p>
               <mixed-citation id="d12100e324" publication-type="other">
J. Diggle, 'Electra', ICS 2 [1977], 110–24, at 118 n. 14 [ = id., Euripidea.
Collected Essays (Oxford, 1994), 161 n. 14]</mixed-citation>
            </p>
            <p>
               <mixed-citation id="d12100e333" publication-type="other">
id., Studies on the Text of Euripides [Oxford,
1981], 1–2</mixed-citation>
            </p>
            <p>
               <mixed-citation id="d12100e342" publication-type="other">
J. Jackson, Marginalia Scaenica [Oxford, 1955], 198–9, 220–2)</mixed-citation>
            </p>
         </fn>
         <fn id="d12100e349a1310">
            <label>14</label>
            <p>
               <mixed-citation id="d12100e356" publication-type="other">
L. Dindorf (ed.), EγPIπIΔOγ ΔPAMATA. Euripidis Fabulae, vol. 1 (Leipzig, 1825),
1.485.</mixed-citation>
            </p>
         </fn>
         <fn id="d12100e366a1310">
            <label>15</label>
            <p>
               <mixed-citation id="d12100e373" publication-type="other">
Lloyd-Jones (n. 4), at 168.</mixed-citation>
            </p>
         </fn>
         <fn id="d12100e380a1310">
            <label>16</label>
            <p>
               <mixed-citation id="d12100e387" publication-type="other">
Duncan,
196 ad 622</mixed-citation>
            </p>
            <p>
               <mixed-citation id="d12100e396" publication-type="other">
P.T. Stevens, Colloquial Expressions in Euripides
[Wiesbaden, 1976]</mixed-citation>
            </p>
            <p>
               <mixed-citation id="d12100e405" publication-type="other">
C. Collard, 'Colloquial language in tragedy: a supplement to the
work of P.T. Stevens', CIQ 55 [2005], 350–86)</mixed-citation>
            </p>
            <p>
               <mixed-citation id="d12100e415" publication-type="other">
Dindorf (n. 14)</mixed-citation>
            </p>
            <p>
               <mixed-citation id="d12100e421" publication-type="other">
Pierson's
conjecture Rhe. 626.</mixed-citation>
            </p>
         </fn>
         <fn id="d12100e431a1310">
            <label>17</label>
            <p>
               <mixed-citation id="d12100e438" publication-type="other">
S. Musgrave (ed.), EγPIπIΔOγ TA σΩZOMENA. Euripidis quae extant omnia, vol. 1
(Oxford, 1778), 496 ad 631.</mixed-citation>
            </p>
         </fn>
         <fn id="d12100e449a1310">
            <label>18</label>
            <p>
               <mixed-citation id="d12100e456" publication-type="other">
Duncan, 196–7 ad 622</mixed-citation>
            </p>
            <p>
               <mixed-citation id="d12100e462" publication-type="other">
A. Matthiae (ed.), Euripidis Tragoediae et
fragmenta, vol. 7 (Leipzig, 1823), 54 ad 621.</mixed-citation>
            </p>
         </fn>
         <fn id="d12100e472a1310">
            <label>19</label>
            <p>
               <mixed-citation id="d12100e479" publication-type="other">
Matthiae (n. 18), 54 ad 621.</mixed-citation>
            </p>
         </fn>
         <fn id="d12100e486a1310">
            <label>20</label>
            <p>
               <mixed-citation id="d12100e493" publication-type="other">
Wecklein (n. 9), 75.</mixed-citation>
            </p>
         </fn>
         <fn id="d12100e500a1310">
            <label>21</label>
            <p>
               <mixed-citation id="d12100e507" publication-type="other">
Wecklein (n. 9), 87.</mixed-citation>
            </p>
         </fn>
         <fn id="d12100e514a1310">
            <label>22</label>
            <p>
               <mixed-citation id="d12100e521" publication-type="other">
Matthiae (n. 18), 54 ad 621.</mixed-citation>
            </p>
         </fn>
         <fn id="d12100e528a1310">
            <label>23</label>
            <p>
               <mixed-citation id="d12100e535" publication-type="other">
Matthiae (n. 18), 54 ad 621.</mixed-citation>
            </p>
         </fn>
         <fn id="d12100e543a1310">
            <label>24</label>
            <p>
               <mixed-citation id="d12100e550" publication-type="other">
F.A. Paley (ed.), Euripides, with an English Commentary, vol. I (London, 18722), 203.</mixed-citation>
            </p>
         </fn>
         <fn id="d12100e557a1310">
            <label>26</label>
            <p>
               <mixed-citation id="d12100e564" publication-type="other">
W. Barner, 'Die Monodie', in W. Jens (ed.), Die Bauformen der griechischen Tragödie,
(Munich, 1971), 277–320, at 303–4.</mixed-citation>
            </p>
         </fn>
         <fn id="d12100e574a1310">
            <label>27</label>
            <p>
               <mixed-citation id="d12100e581" publication-type="other">
Rhe. 915</mixed-citation>
            </p>
            <p>
               <mixed-citation id="d12100e587" publication-type="other">
W. Ritchie, The Authenticity
of the Rhesus of Euripides (Cambridge, 1964), 339–40.</mixed-citation>
            </p>
         </fn>
         <fn id="d12100e597a1310">
            <label>28</label>
            <p>
               <mixed-citation id="d12100e604" publication-type="other">
Giusta (n. 6), 99–100</mixed-citation>
            </p>
            <p>
               <mixed-citation id="d12100e610" publication-type="other">
C.W. Willink, 'Further critical notes on Euripides' Hippolytus',
CIQ 49 (1999), 408–27</mixed-citation>
            </p>
            <p>
               <mixed-citation id="d12100e619" publication-type="other">
Alc. 1006</mixed-citation>
            </p>
         </fn>
         <fn id="d12100e626a1310">
            <label>29</label>
            <p>
               <mixed-citation id="d12100e633" publication-type="other">
W.D. Smith, 'Staging in the central scene of the Hippolytus', TAPhA 91 (1960), 162–77, at
169–70.</mixed-citation>
            </p>
         </fn>
         <fn id="d12100e643a1310">
            <label>30</label>
            <p>
               <mixed-citation id="d12100e650" publication-type="other">
S. østerud, 'Who sings the monody 669–79 in Euripides' Hippolytus?' GRBS 11 (1970),
307–20.</mixed-citation>
            </p>
         </fn>
         <fn id="d12100e661a1310">
            <label>31</label>
            <p>
               <mixed-citation id="d12100e668" publication-type="other">
Kovacs 189 n. 31</mixed-citation>
            </p>
            <p>
               <mixed-citation id="d12100e674" publication-type="other">
Kovacs (n. 5), 30–1.</mixed-citation>
            </p>
         </fn>
         <fn id="d12100e681a1310">
            <label>33</label>
            <p>
               <mixed-citation id="d12100e688" publication-type="other">
Barner (n. 26), 282–5.</mixed-citation>
            </p>
         </fn>
         <fn id="d12100e695a1310">
            <label>35</label>
            <p>
               <mixed-citation id="d12100e702" publication-type="other">
P.T. Stevens (ed.), Euripides Andromache (Oxford, 1971), 110 ad 117–46.</mixed-citation>
            </p>
         </fn>
         <fn id="d12100e709a1310">
            <label>36</label>
            <p>
               <mixed-citation id="d12100e716" publication-type="other">
Smith (n. 29), 169–71.</mixed-citation>
            </p>
         </fn>
         <fn id="d12100e723a1310">
            <label>37</label>
            <p>
               <mixed-citation id="d12100e730" publication-type="other">
østerud (n. 30).</mixed-citation>
            </p>
            <p>
               <mixed-citation id="d12100e736" publication-type="other">
L.P.E. Parker, 'Where is Phaedra?', Greece &amp;amp; Rome 48 (2001)
45–52</mixed-citation>
            </p>
         </fn>
         <fn id="d12100e746a1310">
            <label>38</label>
            <p>
               <mixed-citation id="d12100e753" publication-type="other">
G. Ley and M. Ewans, 'The orchestra as acting area in Greek tragedy', Ramus 14 (1985),
75–84, at 76–7.</mixed-citation>
            </p>
         </fn>
         <fn id="d12100e764a1310">
            <label>39</label>
            <p>
               <mixed-citation id="d12100e771" publication-type="other">
M. Telò, 'Per una
grammatica dei gesti nella tragedia greca (I): cadere a terra, alzarsi, coprirsi, scoprirsi il volto', md
48 (2002), 9–75.</mixed-citation>
            </p>
         </fn>
         <fn id="d12100e784a1310">
            <label>40</label>
            <p>
               <mixed-citation id="d12100e791" publication-type="other">
D. Grene, trans., Hippolytus, in D. Grene and R. Lattimore (edd.), The Complete Greek
Tragedies, vol. 3 (Chicago, 1942), 157–221, at 188.</mixed-citation>
            </p>
         </fn>
         <fn id="d12100e801a1310">
            <label>41</label>
            <p>
               <mixed-citation id="d12100e808" publication-type="other">
Smith (n. 29), 166.</mixed-citation>
            </p>
         </fn>
         <fn id="d12100e815a1310">
            <label>42</label>
            <p>
               <mixed-citation id="d12100e822" publication-type="other">
østerud (n. 30), 319.</mixed-citation>
            </p>
         </fn>
         <fn id="d12100e829a1310">
            <label>43</label>
            <p>
               <mixed-citation id="d12100e836" publication-type="other">
Smith (n. 29), 170</mixed-citation>
            </p>
            <p>
               <mixed-citation id="d12100e842" publication-type="other">
østerud (n. 30), 314</mixed-citation>
            </p>
         </fn>
         <fn id="d12100e849a1310">
            <label>44</label>
            <p>
               <mixed-citation id="d12100e856" publication-type="other">
Duncan, 211 ad 678f.</mixed-citation>
            </p>
            <p>
               <mixed-citation id="d12100e862" publication-type="other">
Classical Journal vol. 6, p. 81: 'Hos duo versus
perite admodum Nutrici tribuit Reiskius: ut manifesto patet ex initio orationis Phaedrae ad
Nutricem conversae'.</mixed-citation>
            </p>
         </fn>
         <fn id="d12100e876a1310">
            <label>45</label>
            <p>
               <mixed-citation id="d12100e883" publication-type="other">
Duncan, 211 ad 678: 'Ista, προιο[unk]σης τ[unk]ς τροφο[unk] kaτηφ[unk]ς, ut recte
Schol. admonet; nihilque adeo est, cur Nutrici cum viro doctissimo tribueremus'.</mixed-citation>
            </p>
         </fn>
         <fn id="d12100e893a1310">
            <label>46</label>
            <p>
               <mixed-citation id="d12100e900" publication-type="other">
Matthiae (n. 18), 59 ad 675: 'Sed praestat scholiastem sequi'.</mixed-citation>
            </p>
         </fn>
         <fn id="d12100e907a1310">
            <label>47</label>
            <p>
               <mixed-citation id="d12100e914" publication-type="other">
Wecklein (n. 9), 76</mixed-citation>
            </p>
            <p>
               <mixed-citation id="d12100e920" publication-type="other">
Willink (n. 28), 417.</mixed-citation>
            </p>
         </fn>
         <fn id="d12100e927a1310">
            <label>48</label>
            <p>
               <mixed-citation id="d12100e934" publication-type="other">
J. Glucker, 'Euripides, Hippolytus 88," CR 16 (1966), 17</mixed-citation>
            </p>
            <p>
               <mixed-citation id="d12100e940" publication-type="other">
Halleran. (2)</mixed-citation>
            </p>
            <p>
               <mixed-citation id="d12100e946" publication-type="other">
M. West, 'Euripides, Hippolytus 88',
CR 15 (1965), 156</mixed-citation>
            </p>
            <p>
               <mixed-citation id="d12100e956" publication-type="other">
'Euripides, Hippolytus 88 again', CR 16 (1966), 274–5</mixed-citation>
            </p>
            <p>
               <mixed-citation id="d12100e962" publication-type="other">
'Tragica IV',
BICS 27 (1980), 9–22</mixed-citation>
            </p>
            <p>
               <mixed-citation id="d12100e971" publication-type="other">
D. Kovacs, 'Euripides Hippolytus 100 and the
meaning of the prologue', CP 75 (1980), 130–7, at 136 n. 20.</mixed-citation>
            </p>
            <p>
               <mixed-citation id="d12100e980" publication-type="other">
D.N. Levin, 'Euripides, Hippolytus 88–89: another possibility', CB 47 [1971],
44–5).</mixed-citation>
            </p>
         </fn>
         <fn id="d12100e990a1310">
            <label>50</label>
            <p>
               <mixed-citation id="d12100e997" publication-type="other">
Musgrave (n. 17), 497 ad 689: 'Phaedram [unk][unk]σποιναψ antea vocaverat Chorus v. 130. ne quis
existimet hoc nutrici tantum convenire'.</mixed-citation>
            </p>
         </fn>
         <fn id="d12100e1007a1310">
            <label>51</label>
            <p>
               <mixed-citation id="d12100e1014" publication-type="other">
D. J. Mastronarde, Contact and Discontinuity: Some Conventions of Speech and Action on the
Greek Tragic Stage (Berkeley-Los Angeles-London, 1979), 95 n. 56.</mixed-citation>
            </p>
         </fn>
         <fn id="d12100e1025a1310">
            <label>52</label>
            <p>
               <mixed-citation id="d12100e1032" publication-type="other">
J. Diggle (ed.), Euripidis Fabulae Tomus II (Oxford, 19862), ad loc.</mixed-citation>
            </p>
         </fn>
         <fn id="d12100e1039a1310">
            <label>53</label>
            <p>
               <mixed-citation id="d12100e1046" publication-type="other">
D. Kovacs (ed.), Euripides IV. Trojan Women, Iphigenia among the Taurians, Ion (Loeb
Classical Library 10) (Cambridge, MA-London, 1999), ad loc.</mixed-citation>
            </p>
         </fn>
         <fn id="d12100e1056a1310">
            <label>54</label>
            <p>
               <mixed-citation id="d12100e1063" publication-type="other">
M. J. Cropp (ed.), Euripides Iphigenia in Tauris (Westminster, 2000), ad loc.</mixed-citation>
            </p>
         </fn>
         <fn id="d12100e1070a1310">
            <label>55</label>
            <p>
               <mixed-citation id="d12100e1077" publication-type="other">
P. Kyriakou, A Commentary on Euripides' Iphigenia in Tauris (Berlin-New York, 2006), 265
ad 798–99.</mixed-citation>
            </p>
         </fn>
         <fn id="d12100e1087a1310">
            <label>56</label>
            <p>
               <mixed-citation id="d12100e1094" publication-type="other">
M. Telò, 'Eur. I. T. 798–9: un'attribuzione problematica', RhMus 146
(2003), 103–6</mixed-citation>
            </p>
            <p>
               <mixed-citation id="d12100e1103" publication-type="other">
Mastronarde [n. 51], 95 n. 56).</mixed-citation>
            </p>
         </fn>
         <fn id="d12100e1110a1310">
            <label>57</label>
            <p>
               <mixed-citation id="d12100e1117" publication-type="other">
Matthiae (n. 18), 87 ad 1042: 'cum exclamatione dictum accipio, Quam te dignum est
quod dicis!'</mixed-citation>
            </p>
         </fn>
         <fn id="d12100e1128a1310">
            <label>58</label>
            <p>
               <mixed-citation id="d12100e1135" publication-type="other">
Stockert (n. 3), 228</mixed-citation>
            </p>
            <p>
               <mixed-citation id="d12100e1141" publication-type="other">
Weil (n. 8), 358, and ed., Sept tragédies
d'Euripide (Paris, 18792), 72</mixed-citation>
            </p>
         </fn>
         <fn id="d12100e1151a1310">
            <label>59</label>
            <p>
               <mixed-citation id="d12100e1158" publication-type="other">
N. Wecklein (ed.), Ausgewählte Tragödien des Euripides für den
Schulgebrauch erklärt, IV: Hippolytus (Leipzig, 19082), 121.</mixed-citation>
            </p>
         </fn>
         <fn id="d12100e1168a1310">
            <label>60</label>
            <p>
               <mixed-citation id="d12100e1175" publication-type="other">
Wecklein (n. 9), 81</mixed-citation>
            </p>
         </fn>
         <fn id="d12100e1182a1310">
            <label>61</label>
            <p>
               <mixed-citation id="d12100e1189" publication-type="other">
Giusta (n. 6), 149–50.</mixed-citation>
            </p>
         </fn>
         <fn id="d12100e1196a1310">
            <label>63</label>
            <p>
               <mixed-citation id="d12100e1203" publication-type="other">
Stockert (n. 3), 230</mixed-citation>
            </p>
         </fn>
         <fn id="d12100e1210a1310">
            <label>64</label>
            <p>
               <mixed-citation id="d12100e1217" publication-type="other">
Homer as MovσáΩν ảστ[unk]ρα kαί XaρίΩν (Alcaeus, AP 7.1.8).</mixed-citation>
            </p>
         </fn>
         <fn id="d12100e1225a1310">
            <label>65</label>
            <p>
               <mixed-citation id="d12100e1232" publication-type="other">
At [Arist.] de mirab. auscult. 108.840a28, 34</mixed-citation>
            </p>
         </fn>
         <fn id="d12100e1239a1310">
            <label>66</label>
            <p>
               <mixed-citation id="d12100e1246" publication-type="other">
Lloyd-Jones (n. 4), 171</mixed-citation>
            </p>
         </fn>
         <fn id="d12100e1253a1310">
            <label>67</label>
            <p>
               <mixed-citation id="d12100e1260" publication-type="other">
Fitton (n. 3), 33–34.</mixed-citation>
            </p>
         </fn>
         <fn id="d12100e1267a1310">
            <label>68</label>
            <p>
               <mixed-citation id="d12100e1274" publication-type="other">
G. Huxley, 'Euripides, Hippolytos 1120–30,' GRBS 12 (1971), 331–3.</mixed-citation>
            </p>
         </fn>
         <fn id="d12100e1281a1310">
            <label>70</label>
            <p>
               <mixed-citation id="d12100e1288" publication-type="other">
Pausanias 2.30.3</mixed-citation>
            </p>
            <p>
               <mixed-citation id="d12100e1294" publication-type="other">
Antoninus Liberalis 40.4 (pp.
66–7 Papathomopoulos).</mixed-citation>
            </p>
         </fn>
         <fn id="d12100e1304a1310">
            <label>71</label>
            <p>
               <mixed-citation id="d12100e1311" publication-type="other">
Hdt. 3.59.3</mixed-citation>
            </p>
            <p>
               <mixed-citation id="d12100e1317" publication-type="other">
S. M.
Medaglia-D. Asheri-A. Fraschetti (edd.), Erodoto. Le Storie. Vol III: Libro III (Milan, 1990), 277
ad 3.59.9–10.</mixed-citation>
            </p>
         </fn>
         <fn id="d12100e1331a1310">
            <label>72</label>
            <p>
               <mixed-citation id="d12100e1338" publication-type="other">
A. H. Sommerstein, 'Notes on Euripides' Hippolytos', BICS 35 (1988), 23–41, at 39–40.</mixed-citation>
            </p>
            <p>
               <mixed-citation id="d12100e1344" publication-type="other">
Halleran, Stockert (n. 3), 230</mixed-citation>
            </p>
            <p>
               <mixed-citation id="d12100e1350" publication-type="other">
Giusta (n. 6), 160.</mixed-citation>
            </p>
         </fn>
         <fn id="d12100e1357a1310">
            <label>73</label>
            <p>
               <mixed-citation id="d12100e1364" publication-type="other">
'Thus in the
Saronic context of the Hippolytos ' Eλλαψίας ... [unk]φαίς means specifically Aiginetan Aphaia.'
(n. 68, 332)</mixed-citation>
            </p>
         </fn>
         <fn id="d12100e1377a1310">
            <label>74</label>
            <p>
               <mixed-citation id="d12100e1384" publication-type="other">
Callim. Fr. 67.8
Pf.</mixed-citation>
            </p>
            <p>
               <mixed-citation id="d12100e1393" publication-type="other">
Musaeus
22</mixed-citation>
            </p>
         </fn>
         <fn id="d12100e1403a1310">
            <label>75</label>
            <p>
               <mixed-citation id="d12100e1410" publication-type="other">
Pind. Hymn 1, Fr. 33c.6 Sn-M.</mixed-citation>
            </p>
            <p>
               <mixed-citation id="d12100e1416" publication-type="other">
Polystratus, AP 7.297.1</mixed-citation>
            </p>
            <p>
               <mixed-citation id="d12100e1422" publication-type="other">
A Plan 4.295.2</mixed-citation>
            </p>
            <p>
               <mixed-citation id="d12100e1429" publication-type="other">
Ps.-Scymnus 233</mixed-citation>
            </p>
            <p>
               <mixed-citation id="d12100e1435" publication-type="other">
Pind. Paean 6, Fr. 52f. 125–6
Sn.-M.</mixed-citation>
            </p>
         </fn>
         <fn id="d12100e1445a1310">
            <label>76</label>
            <p>
               <mixed-citation id="d12100e1452" publication-type="other">
Schol. ad Hipp. 1123 (120.19–20 Schwartz).</mixed-citation>
            </p>
            <p>
               <mixed-citation id="d12100e1458" publication-type="other">
Eust. ad Il. p. 513.42–4.</mixed-citation>
            </p>
         </fn>
         <fn id="d12100e1465a1310">
            <label>77</label>
            <p>
               <mixed-citation id="d12100e1472" publication-type="other">
Sommerstein (n. 72), 40.</mixed-citation>
            </p>
         </fn>
         <fn id="d12100e1480a1310">
            <label>78</label>
            <p>
               <mixed-citation id="d12100e1487" publication-type="other">
Schol. ad Hipp. 1122(120.16–17 Schwartz).</mixed-citation>
            </p>
         </fn>
         <fn id="d12100e1494a1310">
            <label>80</label>
            <p>
               <mixed-citation id="d12100e1501" publication-type="other">
Sommerstein (n. 72), 40</mixed-citation>
            </p>
         </fn>
         <fn id="d12100e1508a1310">
            <label>81</label>
            <p>
               <mixed-citation id="d12100e1515" publication-type="other">
Willink (n. 7), 42</mixed-citation>
            </p>
            <p>
               <mixed-citation id="d12100e1521" publication-type="other">
(n. 28), 423–4.</mixed-citation>
            </p>
         </fn>
         <fn id="d12100e1528a1310">
            <label>83</label>
            <p>
               <mixed-citation id="d12100e1535" publication-type="other">
Giusta(n. 6), 160.</mixed-citation>
            </p>
         </fn>
         <fn id="d12100e1542a1310">
            <label>84</label>
            <p>
               <mixed-citation id="d12100e1549" publication-type="other">
G. Björk, Das
Alpha impurum und die tragische Kunstsprache. Attische Wort- und Stilstudien (Uppsala, 1950),
171, 238, 244, 368–70.</mixed-citation>
            </p>
         </fn>
         <fn id="d12100e1562a1310">
            <label>86</label>
            <p>
               <mixed-citation id="d12100e1571" publication-type="other">
A.W. Verrall (ed.), AIσXγΛOγ
AΓ AMEMNΩN. The 'Agamemnon' of Aeschylus (London, 1889), 1–li</mixed-citation>
            </p>
            <p>
               <mixed-citation id="d12100e1580" publication-type="other">
G.W. Bond,
'A chorus in Hippolytus: manuscript text versus dramatic realism', Hermathena 129 (1980) 59–63</mixed-citation>
            </p>
            <p>
               <mixed-citation id="d12100e1590" publication-type="other">
Sommerstein (n. 72), 35–39.</mixed-citation>
            </p>
         </fn>
         <fn id="d12100e1598a1310">
            <label>87</label>
            <p>
               <mixed-citation id="d12100e1605" publication-type="other">
Wecklein (n. 9)</mixed-citation>
            </p>
         </fn>
         <fn id="d12100e1612a1310">
            <label>88</label>
            <p>
               <mixed-citation id="d12100e1619" publication-type="other">
G. Erdmann, Der Botenbericht bei Euripides.
Struktur und dramatische Funktion (Diss. Kiel, 1964)</mixed-citation>
            </p>
            <p>
               <mixed-citation id="d12100e1628" publication-type="other">
I.J.F. de Jong, Narrative in Drama: The Art
of the Euripidean Messenger-Speech (Wiesbaden, 1991)</mixed-citation>
            </p>
            <p>
               <mixed-citation id="d12100e1637" publication-type="other">
J. M. Marcos Pérez, 'El relato del
mensajero en Eurίpides: Concepto y estructura', Minerva 8 (1994), 77–97.</mixed-citation>
            </p>
         </fn>
      </fn-group>
      <ref-list>
         <title>Bibliography of Frequency Cited Works</title>
         <ref id="d12100e1656a1310">
            <mixed-citation id="d12100e1660" publication-type="other">
W. S. Barrett (ed.), Euripides Hippolytos (Oxford, 19662).</mixed-citation>
         </ref>
         <ref id="d12100e1667a1310">
            <mixed-citation id="d12100e1671" publication-type="other">
J. Diggle (ed.), Euripidis Fabulae Tomus I (Oxford, 19872).</mixed-citation>
         </ref>
         <ref id="d12100e1678a1310">
            <mixed-citation id="d12100e1682" publication-type="other">
A. and J. M. Duncan (edd.), EγPIΠIΔOY AΠ ANTA. Euripidis Opera omnia, vol. 3
(Glasgow, 1821).</mixed-citation>
         </ref>
         <ref id="d12100e1692a1310">
            <mixed-citation id="d12100e1696" publication-type="other">
M. R. Halleran (ed.), Euripides Hippolytus (Warminster, 20002).</mixed-citation>
         </ref>
         <ref id="d12100e1704a1310">
            <mixed-citation id="d12100e1708" publication-type="other">
D. Kovacs (ed.), Euripides II. Children of Heracles, Hippolytus, Andromache, Hecuba (Loeb
Classical Library 484)(Cambridge, MA-London, 20052).</mixed-citation>
         </ref>
         <ref id="d12100e1718a1310">
            <mixed-citation id="d12100e1722" publication-type="other">
G. Murray (ed.), Euripidis Fabulae, Tomus I (Oxford, 1902).</mixed-citation>
         </ref>
         <ref id="d12100e1729a1310">
            <mixed-citation id="d12100e1733" publication-type="other">
W. Stockert (ed.), Euripides Hippolytus (Stuttgart and Leipzig, 1994).</mixed-citation>
         </ref>
      </ref-list>
   </back>
</article>
