<article xmlns:xsi="http://www.w3.org/2001/XMLSchema-instance"
         xmlns:xlink="http://www.w3.org/1999/xlink"
         xmlns:mml="http://www.w3.org/1998/Math/MathML"
         dtd-version="1.0"
         article-type="research-article">
   <front>
      <journal-meta>
         <journal-id journal-id-type="jstor">clasquar</journal-id>
         <journal-id journal-id-type="jstor">j100124</journal-id>
         <journal-title-group>
            <journal-title>The Classical Quarterly</journal-title>
         </journal-title-group>
         <publisher>
            <publisher-name>Cambridge University Press</publisher-name>
         </publisher>
         <custom-meta-group>
            <custom-meta>
               <meta-name>journal-series-title</meta-name>
               <meta-value>New Series</meta-value>
            </custom-meta>
         </custom-meta-group>
         <issn pub-type="ppub">00098388</issn>
         <issn pub-type="epub">14716844</issn>
      </journal-meta>
      <article-meta>
         <article-id pub-id-type="jstor">27564192</article-id>
         <article-id pub-id-type="pub-doi">10.1017/S0009838808000700</article-id>
         <article-categories>
            <subj-group>
               <subject>Shorter Notes</subject>
            </subj-group>
         </article-categories>
         <title-group>
            <article-title>A Possible Date of the Revival of Aeschylus' "The Seven against Thebes"</article-title>
         </title-group>
         <contrib-group>
            <contrib>
               <string-name>
                  <given-names>Marcel L.</given-names>
                  <surname>Lech</surname>
               </string-name>
            </contrib>
         </contrib-group>
         <pub-date>
            <day>1</day>
            <month>12</month>
            <year>2008</year>
         </pub-date>
         <volume>58</volume>
         <issue>2</issue>
         <issue-id>i27564170</issue-id>
         <fpage>661</fpage>
         <lpage>664</lpage>
         <permissions>
            <copyright-statement>Copyright 2008 The Classical Association</copyright-statement>
         </permissions>
         <self-uri xlink:href="http://www.jstor.org/stable/27564192"/>
         <custom-meta-group>
            <custom-meta>
               <meta-name>lang</meta-name>
               <meta-value>eng</meta-value>
            </custom-meta>
         </custom-meta-group>
      </article-meta>
   </front>
   <back>
      <fn-group>
         <title>[Footnotes]</title>
         <fn id="d12908e122a1310">
            <label>1</label>
            <p>
               <mixed-citation id="d12908e129" publication-type="other">
A. Sommerstein, 'Notes on Aeschylus' Seven against Thebes', Hermes 117
(1989), 432–45 at 436.</mixed-citation>
            </p>
            <p>
               <mixed-citation id="d12908e138" publication-type="other">
A.E. Haigh, The Tragic Drama of the Greeks (New York,
19683), 395–9</mixed-citation>
            </p>
            <p>
               <mixed-citation id="d12908e147" publication-type="other">
O. Taplin, 'The title of Prometheus Desmotes', JHS 95(1975), 184–6.</mixed-citation>
            </p>
         </fn>
         <fn id="d12908e154a1310">
            <label>3</label>
            <p>
               <mixed-citation id="d12908e161" publication-type="other">
Plutarch's
Moralia 715e</mixed-citation>
            </p>
            <p>
               <mixed-citation id="d12908e170" publication-type="other">
Aristophanes, Frogs at 1021</mixed-citation>
            </p>
            <p>
               <mixed-citation id="d12908e176" publication-type="other">
R. Pfeiffer, History of Classical Scholarship
(Oxford, 1968), 46–8 and 281.</mixed-citation>
            </p>
            <p>
               <mixed-citation id="d12908e186" publication-type="other">
Plato's Meno at 71c</mixed-citation>
            </p>
         </fn>
         <fn id="d12908e193a1310">
            <label>4</label>
            <p>
               <mixed-citation id="d12908e200" publication-type="other">
A. Sommerstein, Aeschylean Tragedy (Bari, 1996), 97.</mixed-citation>
            </p>
         </fn>
         <fn id="d12908e207a1310">
            <label>5</label>
            <p>
               <mixed-citation id="d12908e214" publication-type="other">
Life of Aeschylus 12</mixed-citation>
            </p>
            <p>
               <mixed-citation id="d12908e220" publication-type="other">
Philostratus'
Life of Apollonius 6.11</mixed-citation>
            </p>
            <p>
               <mixed-citation id="d12908e229" publication-type="other">
Acharnians 10</mixed-citation>
            </p>
            <p>
               <mixed-citation id="d12908e236" publication-type="other">
Frogs 868.</mixed-citation>
            </p>
            <p>
               <mixed-citation id="d12908e242" publication-type="other">
IG II2.2319–23</mixed-citation>
            </p>
            <p>
               <mixed-citation id="d12908e248" publication-type="other">
A.E. Haigh, The Attic
Theatre (Oxford, 19073), 72–3</mixed-citation>
            </p>
            <p>
               <mixed-citation id="d12908e257" publication-type="other">
Sommerstein (n. 4), 31.</mixed-citation>
            </p>
         </fn>
         <fn id="d12908e265a1310">
            <label>6</label>
            <p>
               <mixed-citation id="d12908e272" publication-type="other">
S.D. Olson, Aristophanes: Acharnians (Oxford, 2002), at 10–11.</mixed-citation>
            </p>
            <p>
               <mixed-citation id="d12908e278" publication-type="other">
Clouds 1364ff.</mixed-citation>
            </p>
         </fn>
         <fn id="d12908e285a1310">
            <label>7</label>
            <p>
               <mixed-citation id="d12908e292" publication-type="other">
P. Easterling, 'Agamemnon for the ancients' in F. Mackintosh, P. Michelakis, E. Hall and
O. Taplin (edd.), Agamemnon in Performance 458 bc to ad 2004 (Oxford, 2005), 23–36 at 30.</mixed-citation>
            </p>
            <p>
               <mixed-citation id="d12908e301" publication-type="other">
Acharnians
478</mixed-citation>
            </p>
            <p>
               <mixed-citation id="d12908e310" publication-type="other">
Peace 991</mixed-citation>
            </p>
            <p>
               <mixed-citation id="d12908e317" publication-type="other">
Birds 313, 686–7.</mixed-citation>
            </p>
            <p>
               <mixed-citation id="d12908e323" publication-type="other">
Myrmidons (fr. 212b
Mette)</mixed-citation>
            </p>
            <p>
               <mixed-citation id="d12908e332" publication-type="other">
Peace 1177</mixed-citation>
            </p>
            <p>
               <mixed-citation id="d12908e338" publication-type="other">
Birds 800</mixed-citation>
            </p>
            <p>
               <mixed-citation id="d12908e344" publication-type="other">
Frogs 932.</mixed-citation>
            </p>
         </fn>
         <fn id="d12908e351a1310">
            <label>8</label>
            <p>
               <mixed-citation id="d12908e358" publication-type="other">
Edonians (Aeschylus fr. 61)</mixed-citation>
            </p>
            <p>
               <mixed-citation id="d12908e364" publication-type="other">
A. Sommerstein, Aristophanes: Frogs
(Warminster, 1996), 257 on 1124</mixed-citation>
            </p>
            <p>
               <mixed-citation id="d12908e373" publication-type="other">
K.J. Dover, Aristophanes: Frogs
(Oxford, 1993), 332 on 1124.</mixed-citation>
            </p>
         </fn>
         <fn id="d12908e383a1310">
            <label>9</label>
            <p>
               <mixed-citation id="d12908e390" publication-type="other">
J. Henderson, Aristophanes: Lysistrata (Oxford, 1987), 92 on 188–9a.</mixed-citation>
            </p>
         </fn>
         <fn id="d12908e397a1310">
            <label>10</label>
            <p>
               <mixed-citation id="d12908e404" publication-type="other">
I. Torrance, Aeschylus: Seven Against Thebes (London, 2007), 48–51.</mixed-citation>
            </p>
         </fn>
         <fn id="d12908e411a1310">
            <label>11</label>
            <p>
               <mixed-citation id="d12908e418" publication-type="other">
Aristophanis: Lysistrata (Leiden, 19682), 31</mixed-citation>
            </p>
            <p>
               <mixed-citation id="d12908e424" publication-type="other">
Aristophanes: Lysistrata (Berlin, 1927), 134.</mixed-citation>
            </p>
         </fn>
         <fn id="d12908e432a1310">
            <label>12</label>
            <p>
               <mixed-citation id="d12908e439" publication-type="other">
Henderson (n. 9), 197 on 1124.</mixed-citation>
            </p>
         </fn>
         <fn id="d12908e446a1310">
            <label>13</label>
            <p>
               <mixed-citation id="d12908e453" publication-type="other">
M.S. Silk, Aristophanes and the Definition of Comedy (Oxford, 2000), 229: 'It is, simply,
characteristic that... Aristophanes' recreative characters have no effective past'.</mixed-citation>
            </p>
         </fn>
         <fn id="d12908e463a1310">
            <label>14</label>
            <p>
               <mixed-citation id="d12908e470" publication-type="other">
G.O. Hutchinson, Aeschylus: Septem contra Thebas (Oxford, 1985), 49.</mixed-citation>
            </p>
         </fn>
         <fn id="d12908e477a1310">
            <label>15</label>
            <p>
               <mixed-citation id="d12908e484" publication-type="other">
M. Revermann, Comic Business. Theatricality, Dramatic Technique, and Perfor-
mance Contexts of Aristophanic Comedy (Oxford, 2006), 126, 243–4.</mixed-citation>
            </p>
            <p>
               <mixed-citation id="d12908e493" publication-type="other">
Henderson (n. 9), 93 on
195–7</mixed-citation>
            </p>
         </fn>
         <fn id="d12908e503a1310">
            <label>16</label>
            <p>
               <mixed-citation id="d12908e510" publication-type="other">
Corinna (fr. 397)</mixed-citation>
            </p>
            <p>
               <mixed-citation id="d12908e516" publication-type="other">
Haigh (n. 1), 397.</mixed-citation>
            </p>
         </fn>
         <fn id="d12908e523a1310">
            <label>17</label>
            <p>
               <mixed-citation id="d12908e530" publication-type="other">
Aristophanes, Frogs 1026.</mixed-citation>
            </p>
            <p>
               <mixed-citation id="d12908e536" publication-type="other">
Dover (n. 8), 320 on 1026.</mixed-citation>
            </p>
            <p>
               <mixed-citation id="d12908e542" publication-type="other">
J.H. Hordern, The Fragments of Timotheus of
Miletus (Oxford, 2002), 15–17.</mixed-citation>
            </p>
            <p>
               <mixed-citation id="d12908e552" publication-type="other">
D. Phillips, 'Athenian political history', in Sport and Festival in the
Ancient Greek World (Swansea, 2003), 197–232 on 211–13</mixed-citation>
            </p>
         </fn>
         <fn id="d12908e563a1310">
            <label>18</label>
            <p>
               <mixed-citation id="d12908e570" publication-type="other">
Hutchinson (n. 14), 211 on 1005–78 and xlii–iii</mixed-citation>
            </p>
         </fn>
         <fn id="d12908e577a1310">
            <label>19</label>
            <p>
               <mixed-citation id="d12908e584" publication-type="other">
H. Newiger, 'Elektra in Aristophanes' "Wolken"',
Hermes 89 (1961), 422–30 at 422 ff.</mixed-citation>
            </p>
            <p>
               <mixed-citation id="d12908e593" publication-type="other">
n. 8</mixed-citation>
            </p>
            <p>
               <mixed-citation id="d12908e599" publication-type="other">
Dover [n. 8], 332</mixed-citation>
            </p>
            <p>
               <mixed-citation id="d12908e606" publication-type="other">
Aristophanes Frogs 1124</mixed-citation>
            </p>
         </fn>
      </fn-group>
   </back>
</article>
