<article xmlns:xsi="http://www.w3.org/2001/XMLSchema-instance"
         xmlns:xlink="http://www.w3.org/1999/xlink"
         xmlns:mml="http://www.w3.org/1998/Math/MathML"
         dtd-version="1.0"
         article-type="research-article">
   <front>
      <journal-meta>
         <journal-id journal-id-type="jstor">clasquar</journal-id>
         <journal-id journal-id-type="jstor">j100124</journal-id>
         <journal-title-group>
            <journal-title>The Classical Quarterly</journal-title>
         </journal-title-group>
         <publisher>
            <publisher-name>Cambridge University Press</publisher-name>
         </publisher>
         <custom-meta-group>
            <custom-meta>
               <meta-name>journal-series-title</meta-name>
               <meta-value>New Series</meta-value>
            </custom-meta>
         </custom-meta-group>
         <issn pub-type="ppub">00098388</issn>
         <issn pub-type="epub">14716844</issn>
      </journal-meta>
      <article-meta>
         <article-id pub-id-type="jstor">27564179</article-id>
         <article-id pub-id-type="pub-doi">10.1017/S0009838808000578</article-id>
         <title-group>
            <article-title>A Numbers Game: An Interpretation of Lysias 17</article-title>
         </title-group>
         <contrib-group>
            <contrib>
               <string-name>
                  <given-names>Gábor</given-names>
                  <surname>Bolonyai</surname>
               </string-name>
            </contrib>
         </contrib-group>
         <pub-date>
            <day>1</day>
            <month>12</month>
            <year>2008</year>
         </pub-date>
         <volume>58</volume>
         <issue>2</issue>
         <issue-id>i27564170</issue-id>
         <fpage>491</fpage>
         <lpage>499</lpage>
         <permissions>
            <copyright-statement>Copyright 2008 The Classical Association</copyright-statement>
         </permissions>
         <self-uri xlink:href="http://www.jstor.org/stable/27564179"/>
         <custom-meta-group>
            <custom-meta>
               <meta-name>lang</meta-name>
               <meta-value>eng</meta-value>
            </custom-meta>
         </custom-meta-group>
      </article-meta>
   </front>
   <back>
      <fn-group>
         <title>[Footnotes]</title>
         <fn id="d12757e113a1310">
            <label>1</label>
            <p>
               <mixed-citation id="d12757e120" publication-type="other">
A.R.W. Harrison, The Law of Athens. II. Procedure
(Oxford, 1968–71), 34–5.</mixed-citation>
            </p>
         </fn>
         <fn id="d12757e130a1310">
            <label>4</label>
            <p>
               <mixed-citation id="d12757e137" publication-type="other">
S. Todd, Lysias. The Oratory of Classical Greece. II (Austin, 2000), 184.</mixed-citation>
            </p>
         </fn>
         <fn id="d12757e144a1310">
            <label>7</label>
            <p>
               <mixed-citation id="d12757e151" publication-type="other">
Lysiae orationes XVI (London and New York, 1882), 295.</mixed-citation>
            </p>
            <p>
               <mixed-citation id="d12757e157" publication-type="other">
JHS 105
(1985), 54.</mixed-citation>
            </p>
         </fn>
         <fn id="d12757e167a1310">
            <label>9</label>
            <p>
               <mixed-citation id="d12757e174" publication-type="other">
Shuckburgh (n. 7), 292–3</mixed-citation>
            </p>
            <p>
               <mixed-citation id="d12757e180" publication-type="other">
F. Blass, Die attische Beredsamkeit 1. Abth. von Gorgias bis zu
Lysias. (Leipzig, 1887–982), 618</mixed-citation>
            </p>
            <p>
               <mixed-citation id="d12757e189" publication-type="other">
W.R.M. Lamb, Lysias: Orations (ed., trans.) (Cambridge, MA
and London, 1930), 388–389</mixed-citation>
            </p>
            <p>
               <mixed-citation id="d12757e199" publication-type="other">
G. Gernet (G. Gernet and M. Bizos, Lysias: discours, texte établi et
traduit. 2 volumes [Paris, 19893]), II.15–19</mixed-citation>
            </p>
            <p>
               <mixed-citation id="d12757e208" publication-type="other">
Harrison (n. 1), 217</mixed-citation>
            </p>
            <p>
               <mixed-citation id="d12757e214" publication-type="other">
P. Millett, Lending and Banking in
Ancient Athens (Cambridge, 1991), 276</mixed-citation>
            </p>
            <p>
               <mixed-citation id="d12757e223" publication-type="other">
S. Usher, Greek Oratory (Oxford, 1999), 82–3.</mixed-citation>
            </p>
         </fn>
         <fn id="d12757e231a1310">
            <label>10</label>
            <p>
               <mixed-citation id="d12757e238" publication-type="other">
Todd (n. 4), 186.</mixed-citation>
            </p>
         </fn>
         <fn id="d12757e245a1310">
            <label>11</label>
            <p>
               <mixed-citation id="d12757e252" publication-type="other">
Osborne (n. 7), 45.</mixed-citation>
            </p>
         </fn>
         <fn id="d12757e259a1310">
            <label>12</label>
            <p>
               <mixed-citation id="d12757e266" publication-type="other">
Todd (n. 4), 186.</mixed-citation>
            </p>
         </fn>
         <fn id="d12757e273a1310">
            <label>14</label>
            <p>
               <mixed-citation id="d12757e280" publication-type="other">
J.K. Davies, Wealth and Power of Wealth in Classical Athens (New York, 1981), 63.</mixed-citation>
            </p>
         </fn>
         <fn id="d12757e287a1310">
            <label>15</label>
            <p>
               <mixed-citation id="d12757e294" publication-type="other">
E.E. Cohen, Athenian Economy and Society. A Banking Perspective
(Princeton, 1992), 52–8.</mixed-citation>
            </p>
         </fn>
         <fn id="d12757e304a1310">
            <label>17</label>
            <p>
               <mixed-citation id="d12757e311" publication-type="other">
Cohen (n. 15), 118–19.</mixed-citation>
            </p>
         </fn>
         <fn id="d12757e319a1310">
            <label>18</label>
            <p>
               <mixed-citation id="d12757e326" publication-type="other">
Ar. Nub. 756 and especially 1267ff.</mixed-citation>
            </p>
            <p>
               <mixed-citation id="d12757e332" publication-type="other">
J.R. Lipsius, Das attische Recht und
Rechtsverfahren. 1–2.</mixed-citation>
            </p>
            <p>
               <mixed-citation id="d12757e341" publication-type="other">
(Leipzig, 1905–15), 719–24</mixed-citation>
            </p>
            <p>
               <mixed-citation id="d12757e348" publication-type="other">
La papirologia (Milan, 19882)</mixed-citation>
            </p>
         </fn>
         <fn id="d12757e355a1310">
            <label>24</label>
            <p>
               <mixed-citation id="d12757e362" publication-type="other">
Harrison (n. 1),
46–7 and 55–7.</mixed-citation>
            </p>
         </fn>
         <fn id="d12757e372a1310">
            <label>25</label>
            <p>
               <mixed-citation id="d12757e379" publication-type="other">
Arg. 24.5</mixed-citation>
            </p>
         </fn>
         <fn id="d12757e386a1310">
            <label>28</label>
            <p>
               <mixed-citation id="d12757e393" publication-type="other">
R. Taubenschlag, The Law of Graeco-Roman Egypt in the Light of Papyri (Warsaw, 19552),
344.</mixed-citation>
            </p>
         </fn>
         <fn id="d12757e403a1310">
            <label>29</label>
            <p>
               <mixed-citation id="d12757e410" publication-type="other">
Bibl. 135.4</mixed-citation>
            </p>
         </fn>
         <fn id="d12757e417a1310">
            <label>30</label>
            <p>
               <mixed-citation id="d12757e424" publication-type="other">
Fifty Oxyrhynchus Papyri. P. Oxy.Hels., ed. H. Zilliacus, J. Frosén, P. Hohti, J.
Kaimio, M. Kaimio. (Helsinki, 1979).</mixed-citation>
            </p>
         </fn>
         <fn id="d12757e435a1310">
            <label>31</label>
            <p>
               <mixed-citation id="d12757e442" publication-type="other">
A.C. Johnson, Roman Egypt to the Reign of Diocletian (Baltimore, 1936), 450.</mixed-citation>
            </p>
         </fn>
         <fn id="d12757e449a1310">
            <label>32</label>
            <p>
               <mixed-citation id="d12757e456" publication-type="other">
R. Bogaert, Banques et banquiers dans les cités grecques (Leiden, 1968)</mixed-citation>
            </p>
            <p>
               <mixed-citation id="d12757e462" publication-type="other">
Montevecchio (n. 18).</mixed-citation>
            </p>
         </fn>
         <fn id="d12757e469a1310">
            <label>37</label>
            <p>
               <mixed-citation id="d12757e476" publication-type="other">
Davies (n. 14), 64</mixed-citation>
            </p>
         </fn>
      </fn-group>
   </back>
</article>
