<article xmlns:xsi="http://www.w3.org/2001/XMLSchema-instance"
         xmlns:xlink="http://www.w3.org/1999/xlink"
         xmlns:mml="http://www.w3.org/1998/Math/MathML"
         dtd-version="1.0"
         article-type="research-article">
   <front>
      <journal-meta>
         <journal-id journal-id-type="jstor">clasquar</journal-id>
         <journal-id journal-id-type="jstor">j100124</journal-id>
         <journal-title-group>
            <journal-title>The Classical Quarterly</journal-title>
         </journal-title-group>
         <publisher>
            <publisher-name>Cambridge University Press</publisher-name>
         </publisher>
         <custom-meta-group>
            <custom-meta>
               <meta-name>journal-series-title</meta-name>
               <meta-value>New Series</meta-value>
            </custom-meta>
         </custom-meta-group>
         <issn pub-type="ppub">00098388</issn>
         <issn pub-type="epub">14716844</issn>
      </journal-meta>
      <article-meta>
         <article-id pub-id-type="jstor">27564158</article-id>
         <article-id pub-id-type="pub-doi">10.1017/S0009838808000402</article-id>
         <article-categories>
            <subj-group>
               <subject>Shorter Notes</subject>
            </subj-group>
         </article-categories>
         <title-group>
            <article-title>Virgil's Cucumber: "Georgics" 4.121-2</article-title>
         </title-group>
         <contrib-group>
            <contrib>
               <string-name>
                  <given-names>Rebecca</given-names>
                  <surname>Armstrong</surname>
               </string-name>
            </contrib>
         </contrib-group>
         <pub-date>
            <day>1</day>
            <month>5</month>
            <year>2008</year>
         </pub-date>
         <volume>58</volume>
         <issue>1</issue>
         <issue-id>i27564117</issue-id>
         <fpage>366</fpage>
         <lpage>368</lpage>
         <permissions>
            <copyright-statement>Copyright 2008 The Classical Association</copyright-statement>
         </permissions>
         <self-uri xlink:href="http://www.jstor.org/stable/27564158"/>
         <custom-meta-group>
            <custom-meta>
               <meta-name>lang</meta-name>
               <meta-value>eng</meta-value>
            </custom-meta>
         </custom-meta-group>
      </article-meta>
   </front>
   <back>
      <fn-group>
         <title>[Footnotes]</title>
         <fn id="d12118e122a1310">
            <label>1</label>
            <p>
               <mixed-citation id="d12118e129" publication-type="other">
R.A.B. Mynors, Virgil, Georgics (Oxford, 1990)</mixed-citation>
            </p>
            <p>
               <mixed-citation id="d12118e135" publication-type="other">
R.F.
Thomas, Virgil: Georgics (Cambridge, 1988), vol. 2.</mixed-citation>
            </p>
         </fn>
         <fn id="d12118e145a1310">
            <label>2</label>
            <p>
               <mixed-citation id="d12118e152" publication-type="other">
Thomas (n. 1)</mixed-citation>
            </p>
         </fn>
         <fn id="d12118e159a1310">
            <label>3</label>
            <p>
               <mixed-citation id="d12118e166" publication-type="other">
Thomas (n. 1), ad G. 3.414–39.</mixed-citation>
            </p>
         </fn>
         <fn id="d12118e173a1310">
            <label>4</label>
            <p>
               <mixed-citation id="d12118e180" publication-type="other">
G. 3.38</mixed-citation>
            </p>
            <p>
               <mixed-citation id="d12118e186" publication-type="other">
G. 3.432</mixed-citation>
            </p>
         </fn>
         <fn id="d12118e194a1310">
            <label>5</label>
            <p>
               <mixed-citation id="d12118e201" publication-type="other">
Varro, RR 1.2.25</mixed-citation>
            </p>
            <p>
               <mixed-citation id="d12118e207" publication-type="other">
Pliny HN 20.4</mixed-citation>
            </p>
         </fn>
         <fn id="d12118e214a1310">
            <label>7</label>
            <p>
               <mixed-citation id="d12118e221" publication-type="other">
Thomas (n. 1), 119–23.</mixed-citation>
            </p>
         </fn>
         <fn id="d12118e228a1310">
            <label>8</label>
            <p>
               <mixed-citation id="d12118e235" publication-type="other">
S.J. Harrison, 'Virgil's Corycius senex and Nicander's Geogica: Georgics 4.116–48', in M.
Gale (ed.), Latin Epic and Didactic Poetry (London, 2004), 109–23.</mixed-citation>
            </p>
         </fn>
         <fn id="d12118e245a1310">
            <label>10</label>
            <p>
               <mixed-citation id="d12118e252" publication-type="other">
GO. Hutchinson, Propertius Elegies Book IV(Cambridge, 2006), tfdProp. 4.2.43^</mixed-citation>
            </p>
         </fn>
      </fn-group>
   </back>
</article>
