<article xmlns:xsi="http://www.w3.org/2001/XMLSchema-instance"
         xmlns:xlink="http://www.w3.org/1999/xlink"
         xmlns:mml="http://www.w3.org/1998/Math/MathML"
         dtd-version="1.0"
         article-type="research-article">
   <front>
      <journal-meta>
         <journal-id journal-id-type="jstor">clasquar</journal-id>
         <journal-id journal-id-type="jstor">j100124</journal-id>
         <journal-title-group>
            <journal-title>The Classical Quarterly</journal-title>
         </journal-title-group>
         <publisher>
            <publisher-name>Cambridge University Press</publisher-name>
         </publisher>
         <custom-meta-group>
            <custom-meta>
               <meta-name>journal-series-title</meta-name>
               <meta-value>New Series</meta-value>
            </custom-meta>
         </custom-meta-group>
         <issn pub-type="ppub">00098388</issn>
         <issn pub-type="epub">14716844</issn>
      </journal-meta>
      <article-meta>
         <article-id pub-id-type="jstor">27564198</article-id>
         <article-id pub-id-type="pub-doi">10.1017/S0009838808000761</article-id>
         <article-categories>
            <subj-group>
               <subject>Shorter Notes</subject>
            </subj-group>
         </article-categories>
         <title-group>
            <article-title>Plautus, "Miles Gloriosus" 1367</article-title>
         </title-group>
         <contrib-group>
            <contrib>
               <string-name>
                  <given-names>Benjamin</given-names>
                  <surname>Victor</surname>
               </string-name>
            </contrib>
         </contrib-group>
         <pub-date>
            <day>1</day>
            <month>12</month>
            <year>2008</year>
         </pub-date>
         <volume>58</volume>
         <issue>2</issue>
         <issue-id>i27564170</issue-id>
         <fpage>681</fpage>
         <lpage>682</lpage>
         <permissions>
            <copyright-statement>Copyright 2008 The Classical Association</copyright-statement>
         </permissions>
         <self-uri xlink:href="http://www.jstor.org/stable/27564198"/>
         <custom-meta-group>
            <custom-meta>
               <meta-name>lang</meta-name>
               <meta-value>eng</meta-value>
            </custom-meta>
         </custom-meta-group>
      </article-meta>
   </front>
   <back>
      <fn-group>
         <title>[Footnotes]</title>
         <fn id="d12989e122a1310">
            <label>1</label>
            <p>
               <mixed-citation id="d12989e129" publication-type="other">
Editio maior, Leipzig 1878–94</mixed-citation>
            </p>
            <p>
               <mixed-citation id="d12989e135" publication-type="other">
Miles gloriosus, edited by G Goetz,
appeared in 1890.</mixed-citation>
            </p>
         </fn>
         <fn id="d12989e145a1310">
            <label>2</label>
            <p>
               <mixed-citation id="d12989e152" publication-type="other">
So J. Brix, 'Zu Plautus', NJPhP 102 (1870), 761–81, at 772–3.</mixed-citation>
            </p>
         </fn>
         <fn id="d12989e159a1310">
            <label>3</label>
            <p>
               <mixed-citation id="d12989e166" publication-type="other">
'Lectiones plautinae', Hermes 18 (1883), 558–87, at 585</mixed-citation>
            </p>
            <p>
               <mixed-citation id="d12989e172" publication-type="other">
Leo's
edition of Plautus (Berlin, 1895–6).</mixed-citation>
            </p>
         </fn>
      </fn-group>
   </back>
</article>
