<article xmlns:xsi="http://www.w3.org/2001/XMLSchema-instance"
         xmlns:xlink="http://www.w3.org/1999/xlink"
         xmlns:mml="http://www.w3.org/1998/Math/MathML"
         dtd-version="1.0"
         article-type="research-article">
   <front>
      <journal-meta>
         <journal-id journal-id-type="jstor">clasquar</journal-id>
         <journal-id journal-id-type="jstor">j100124</journal-id>
         <journal-title-group>
            <journal-title>The Classical Quarterly</journal-title>
         </journal-title-group>
         <publisher>
            <publisher-name>Cambridge University Press</publisher-name>
         </publisher>
         <custom-meta-group>
            <custom-meta>
               <meta-name>journal-series-title</meta-name>
               <meta-value>New Series</meta-value>
            </custom-meta>
         </custom-meta-group>
         <issn pub-type="ppub">00098388</issn>
         <issn pub-type="epub">14716844</issn>
      </journal-meta>
      <article-meta>
         <article-id pub-id-type="jstor">27564088</article-id>
         <article-id pub-id-type="pub-doi">10.1017/S0009838807000493</article-id>
         <title-group>
            <article-title>Themistocles' Persian Tapestry</article-title>
         </title-group>
         <contrib-group>
            <contrib>
               <string-name>
                  <given-names>Deborah Levine</given-names>
                  <surname>Gera</surname>
               </string-name>
            </contrib>
         </contrib-group>
         <pub-date>
            <day>1</day>
            <month>12</month>
            <year>2007</year>
         </pub-date>
         <volume>57</volume>
         <issue>2</issue>
         <issue-id>i27564079</issue-id>
         <fpage>445</fpage>
         <lpage>457</lpage>
         <permissions>
            <copyright-statement>Copyright 2007 The Classical Association</copyright-statement>
         </permissions>
         <self-uri xlink:href="http://www.jstor.org/stable/27564088"/>
         <custom-meta-group>
            <custom-meta>
               <meta-name>lang</meta-name>
               <meta-value>eng</meta-value>
            </custom-meta>
         </custom-meta-group>
      </article-meta>
   </front>
   <back>
      <fn-group>
         <title>[Footnotes]</title>
         <fn id="d4758e113a1310">
            <label>1</label>
            <p>
               <mixed-citation id="d4758e120" publication-type="other">
J. Hofstetter, Die Griechen in Persien: Prosopographie der Griechen im persischen Reich vor
Alexander (Berlin, 1978)</mixed-citation>
            </p>
            <p>
               <mixed-citation id="d4758e129" publication-type="other">
J. Seibert, Die politischen Flüchtlinge und Verbannten
in der griechischen Geschichte (Darmstadt, 1979), 393</mixed-citation>
            </p>
            <p>
               <mixed-citation id="d4758e138" publication-type="other">
M. C. Miller, Athens and Persian in the Fifth Century BC: A Study in
Cultural Receptivity (Cambridge, 1997), 97–108.</mixed-citation>
            </p>
         </fn>
         <fn id="d4758e148a1310">
            <label>2</label>
            <p>
               <mixed-citation id="d4758e155" publication-type="other">
Miller [n. 1], 131</mixed-citation>
            </p>
            <p>
               <mixed-citation id="d4758e161" publication-type="other">
P. Briant, From Cyrus to Alexander: A History of the
Persian Empire, trans. P. T. Daniels (Winona Lake, IN, 2002), 508–9.</mixed-citation>
            </p>
         </fn>
         <fn id="d4758e171a1310">
            <label>3</label>
            <p>
               <mixed-citation id="d4758e178" publication-type="other">
S. Hornblower, A Commentary on Thucydides (Oxford, 1991), 1.202–3, 211–12</mixed-citation>
            </p>
         </fn>
         <fn id="d4758e185a1310">
            <label>4</label>
            <p>
               <mixed-citation id="d4758e192" publication-type="other">
Plut. Them. 27.1.A.</mixed-citation>
            </p>
            <p>
               <mixed-citation id="d4758e198" publication-type="other">
A. Keaveney, The Life and Journey of the Athenian Statesman
Themistocles (524–460 BC?) as a Refugee in Persia (Lewiston, NY, 2003), 24–5,102–4</mixed-citation>
            </p>
         </fn>
         <fn id="d4758e209a1310">
            <label>5</label>
            <p>
               <mixed-citation id="d4758e216" publication-type="other">
n. 1 above.</mixed-citation>
            </p>
         </fn>
         <fn id="d4758e223a1310">
            <label>7</label>
            <p>
               <mixed-citation id="d4758e230" publication-type="other">
M. Dubuisson, 'Remarques sur le vocabulaire grec de l'acculturation', RBPh 60(1982), 5–32,
at 15–16</mixed-citation>
            </p>
         </fn>
         <fn id="d4758e240a1310">
            <label>8</label>
            <p>
               <mixed-citation id="d4758e247" publication-type="other">
Plut. Them. 1.1–2</mixed-citation>
            </p>
            <p>
               <mixed-citation id="d4758e253" publication-type="other">
Nepos, Them.
1.2.</mixed-citation>
            </p>
            <p>
               <mixed-citation id="d4758e262" publication-type="other">
J. K. Davies, Athenian Propertied Families (Oxford, 1971), 211–20</mixed-citation>
            </p>
            <p>
               <mixed-citation id="d4758e269" publication-type="other">
F. J. Frost,
Plutarch's Themistocles: A Historical Commentary (Princeton, 1980), 61–2</mixed-citation>
            </p>
            <p>
               <mixed-citation id="d4758e278" publication-type="other">
Plut. Them.
1.1–2</mixed-citation>
            </p>
            <p>
               <mixed-citation id="d4758e287" publication-type="other">
T. Harrison, 'Herodotus' conception of
foreign languages', Histos 2 (1998), at n. 29</mixed-citation>
            </p>
         </fn>
         <fn id="d4758e297a1310">
            <label>9</label>
            <p>
               <mixed-citation id="d4758e304" publication-type="other">
Plut. Them. 9.2.</mixed-citation>
            </p>
         </fn>
         <fn id="d4758e311a1310">
            <label>10</label>
            <p>
               <mixed-citation id="d4758e318" publication-type="other">
K. Mayer, 'Themistocles, Plutarch, and the voice of the other', in C. Schrader,
V. Ramon and J. Vela (edd.), Plutarco y la Historia (Zaragoza, 1997), 297–304, at 301, n. 11.</mixed-citation>
            </p>
            <p>
               <mixed-citation id="d4758e327" publication-type="other">
J. F. Kindstrand, Anacharsis: The Legend and
the Apophthegmata [Uppsala, 1981], 108</mixed-citation>
            </p>
            <p>
               <mixed-citation id="d4758e336" publication-type="other">
Anab. 7. 6. 8</mixed-citation>
            </p>
         </fn>
         <fn id="d4758e343a1310">
            <label>11</label>
            <p>
               <mixed-citation id="d4758e350" publication-type="other">
K. Nipperdey, Cornelius Nepos, 9th edn. (Berlin, 1885)</mixed-citation>
            </p>
            <p>
               <mixed-citation id="d4758e356" publication-type="other">
Dubuisson (n. 7), 16</mixed-citation>
            </p>
            <p>
               <mixed-citation id="d4758e362" publication-type="other">
Harrison (n. 8)</mixed-citation>
            </p>
            <p>
               <mixed-citation id="d4758e369" publication-type="other">
n. 17</mixed-citation>
            </p>
         </fn>
         <fn id="d4758e377a1310">
            <label>12</label>
            <p>
               <mixed-citation id="d4758e384" publication-type="other">
P. A. Rosenmeyer, Ancient Epistolary Fictions (Cambridge
2001), 231 with n. 78</mixed-citation>
            </p>
         </fn>
         <fn id="d4758e394a1310">
            <label>13</label>
            <p>
               <mixed-citation id="d4758e401" publication-type="other">
C. Nylander, 'Assyria grammmata: remarks on the 21st "Letter of Themistocles"',
Opuscula Atheniensia 8 (1968), 119–36, esp. 123, n. 18</mixed-citation>
            </p>
            <p>
               <mixed-citation id="d4758e410" publication-type="other">
Briant [n. 2 ], 889</mixed-citation>
            </p>
            <p>
               <mixed-citation id="d4758e416" publication-type="other">
M.-F.
Basiez, L'Étranger dans la Grèce antique (Paris, 1984), 186</mixed-citation>
            </p>
            <p>
               <mixed-citation id="d4758e426" publication-type="other">
Hornblower
(n. 3), 207 ad loc.</mixed-citation>
            </p>
         </fn>
         <fn id="d4758e436a1310">
            <label>14</label>
            <p>
               <mixed-citation id="d4758e443" publication-type="other">
D. L. Gera,
Xenophon's Cyropaedia (Oxford, 1993), 13–22.</mixed-citation>
            </p>
         </fn>
         <fn id="d4758e453a1310">
            <label>15</label>
            <p>
               <mixed-citation id="d4758e460" publication-type="other">
Plut. Artax. 27.1</mixed-citation>
            </p>
            <p>
               <mixed-citation id="d4758e466" publication-type="other">
Xen. An. 1.2.16</mixed-citation>
            </p>
            <p>
               <mixed-citation id="d4758e472" publication-type="other">
Cyr. 6. 4.11.</mixed-citation>
            </p>
            <p>
               <mixed-citation id="d4758e479" publication-type="other">
M. Brosius, Women in Ancient Persia (559–331 bc) (Oxford, 1996), 88–9</mixed-citation>
            </p>
         </fn>
         <fn id="d4758e486a1310">
            <label>16</label>
            <p>
               <mixed-citation id="d4758e493" publication-type="other">
Brosius
(n. 15), 71–2, n. 52</mixed-citation>
            </p>
            <p>
               <mixed-citation id="d4758e502" publication-type="other">
C. Cooper, 'Phaenias of
Eresus on Solon and Themistocles', EMC 39 (1995), 323–35, at 330–1.</mixed-citation>
            </p>
         </fn>
         <fn id="d4758e512a1310">
            <label>17</label>
            <p>
               <mixed-citation id="d4758e521" publication-type="other">
A. J. Podlecki, The Life of Themistocles
(London, 1975), 92–9</mixed-citation>
            </p>
            <p>
               <mixed-citation id="d4758e530" publication-type="other">
Frost (n. 8), 216</mixed-citation>
            </p>
            <p>
               <mixed-citation id="d4758e537" publication-type="other">
Briant (n. 2), 901</mixed-citation>
            </p>
            <p>
               <mixed-citation id="d4758e543" publication-type="other">
Keaveney (n. 4), 40–2</mixed-citation>
            </p>
            <p>
               <mixed-citation id="d4758e549" publication-type="other">
FGrH 688 F 16.66–7
and F26.15–16</mixed-citation>
            </p>
         </fn>
         <fn id="d4758e560a1310">
            <label>18</label>
            <p>
               <mixed-citation id="d4758e567" publication-type="other">
Mayer (n. 10), 301.</mixed-citation>
            </p>
         </fn>
         <fn id="d4758e574a1310">
            <label>19</label>
            <p>
               <mixed-citation id="d4758e581" publication-type="other">
Cic. De or. 2.299 and 351</mixed-citation>
            </p>
            <p>
               <mixed-citation id="d4758e587" publication-type="other">
Fin. 2.104</mixed-citation>
            </p>
            <p>
               <mixed-citation id="d4758e593" publication-type="other">
Acad. Pr. 2.2.</mixed-citation>
            </p>
         </fn>
         <fn id="d4758e600a1310">
            <label>20</label>
            <p>
               <mixed-citation id="d4758e607" publication-type="other">
Plin. HN 7.88, 25.67 and n. 10 above.</mixed-citation>
            </p>
            <p>
               <mixed-citation id="d4758e613" publication-type="other">
Plutarch (Ant. 27.3–4).</mixed-citation>
            </p>
            <p>
               <mixed-citation id="d4758e619" publication-type="other">
Harrison (n. 8)</mixed-citation>
            </p>
            <p>
               <mixed-citation id="d4758e626" publication-type="other">
n. 25</mixed-citation>
            </p>
         </fn>
         <fn id="d4758e633a1310">
            <label>21</label>
            <p>
               <mixed-citation id="d4758e640" publication-type="other">
Aristodemus (FGrH 104 F 10.4)</mixed-citation>
            </p>
         </fn>
         <fn id="d4758e647a1310">
            <label>22</label>
            <p>
               <mixed-citation id="d4758e654" publication-type="other">
Keaveney (n. 4), 143, n. 228</mixed-citation>
            </p>
            <p>
               <mixed-citation id="d4758e660" publication-type="other">
Plutarch (Them. 12.4)</mixed-citation>
            </p>
         </fn>
         <fn id="d4758e667a1310">
            <label>23</label>
            <p>
               <mixed-citation id="d4758e674" publication-type="other">
H. S. Gehman, The Interpreters of Foreign Languages among the Ancients (Diss.
University of Pennsylvania, 1914), 18</mixed-citation>
            </p>
         </fn>
         <fn id="d4758e685a1310">
            <label>24</label>
            <p>
               <mixed-citation id="d4758e692" publication-type="other">
Plutarch's Themistocles (26–9)</mixed-citation>
            </p>
            <p>
               <mixed-citation id="d4758e698" publication-type="other">
L. Bodin, 'Histoire et biographie: Phainias d'Erèse', REG 28 (1915),
251–81, esp. 261–81</mixed-citation>
            </p>
            <p>
               <mixed-citation id="d4758e707" publication-type="other">
Frost (n. 8), 209–11</mixed-citation>
            </p>
            <p>
               <mixed-citation id="d4758e714" publication-type="other">
Cooper (n. 16), 331–2.</mixed-citation>
            </p>
         </fn>
         <fn id="d4758e721a1310">
            <label>25</label>
            <p>
               <mixed-citation id="d4758e728" publication-type="other">
Frost (n. 8), 215</mixed-citation>
            </p>
            <p>
               <mixed-citation id="d4758e734" publication-type="other">
n. 24</mixed-citation>
            </p>
            <p>
               <mixed-citation id="d4758e740" publication-type="other">
above, n. 4.</mixed-citation>
            </p>
         </fn>
         <fn id="d4758e747a1310">
            <label>26</label>
            <p>
               <mixed-citation id="d4758e754" publication-type="other">
Nepos, Conon 3</mixed-citation>
            </p>
            <p>
               <mixed-citation id="d4758e760" publication-type="other">
Justin 6.2.12–13</mixed-citation>
            </p>
            <p>
               <mixed-citation id="d4758e766" publication-type="other">
Plut. Artax. 22.8</mixed-citation>
            </p>
            <p>
               <mixed-citation id="d4758e773" publication-type="other">
Ael. VH 1.21.</mixed-citation>
            </p>
            <p>
               <mixed-citation id="d4758e779" publication-type="other">
Briant (n. 2), 222–3</mixed-citation>
            </p>
            <p>
               <mixed-citation id="d4758e785" publication-type="other">
Keaveney (n. 4), 46–9</mixed-citation>
            </p>
         </fn>
         <fn id="d4758e792a1310">
            <label>31</label>
            <p>
               <mixed-citation id="d4758e799" publication-type="other">
Ar. Frogs 938</mixed-citation>
            </p>
            <p>
               <mixed-citation id="d4758e805" publication-type="other">
Xen. Hell. 4.1.30</mixed-citation>
            </p>
            <p>
               <mixed-citation id="d4758e811" publication-type="other">
Cyr. 5.5.7, 8.8.16</mixed-citation>
            </p>
            <p>
               <mixed-citation id="d4758e818" publication-type="other">
Miller
(n. 1), 55 and 75–81.</mixed-citation>
            </p>
         </fn>
         <fn id="d4758e828a1310">
            <label>33</label>
            <p>
               <mixed-citation id="d4758e835" publication-type="other">
Plut. Them. 26A.</mixed-citation>
            </p>
            <p>
               <mixed-citation id="d4758e841" publication-type="other">
Ar. Ach. 68–70</mixed-citation>
            </p>
            <p>
               <mixed-citation id="d4758e847" publication-type="other">
above n. 15.</mixed-citation>
            </p>
            <p>
               <mixed-citation id="d4758e854" publication-type="other">
Plut. Artax. 5.6</mixed-citation>
            </p>
            <p>
               <mixed-citation id="d4758e860" publication-type="other">
Mor. 173F</mixed-citation>
            </p>
         </fn>
         <fn id="d4758e867a1310">
            <label>34</label>
            <p>
               <mixed-citation id="d4758e874" publication-type="other">
Briant (n. 2), 205–6 (and 912)</mixed-citation>
            </p>
            <p>
               <mixed-citation id="d4758e880" publication-type="other">
Philostr. VA 1.25</mixed-citation>
            </p>
            <p>
               <mixed-citation id="d4758e886" publication-type="other">
Alexander
Romance 3.28.10</mixed-citation>
            </p>
            <p>
               <mixed-citation id="d4758e896" publication-type="other">
The Budé (Paris, 1961)</mixed-citation>
            </p>
         </fn>
         <fn id="d4758e904a1310">
            <label>36</label>
            <p>
               <mixed-citation id="d4758e911" publication-type="other">
Plut. Phoc. 5.2–3</mixed-citation>
            </p>
            <p>
               <mixed-citation id="d4758e917" publication-type="other">
Lye. 19.1</mixed-citation>
            </p>
            <p>
               <mixed-citation id="d4758e923" publication-type="other">
L. Van der Stockt, 'Plutarch on language', in
P. Swiggers and A. Wouters (edd.), Le langage dans l'antiquité (Leuven, 1990), 180–96, at 184–6.</mixed-citation>
            </p>
         </fn>
         <fn id="d4758e933a1310">
            <label>37</label>
            <p>
               <mixed-citation id="d4758e940" publication-type="other">
Mor. 185E-F</mixed-citation>
            </p>
         </fn>
         <fn id="d4758e947a1310">
            <label>40</label>
            <p>
               <mixed-citation id="d4758e954" publication-type="other">
Gehman (n. 23), 21</mixed-citation>
            </p>
         </fn>
         <fn id="d4758e961a1310">
            <label>41</label>
            <p>
               <mixed-citation id="d4758e968" publication-type="other">
3 [For the four]. 229–30</mixed-citation>
            </p>
            <p>
               <mixed-citation id="d4758e974" publication-type="other">
1 [Panathen.]. 99</mixed-citation>
            </p>
            <p>
               <mixed-citation id="d4758e980" publication-type="other">
Frost (n. 8), 95–6
and 218</mixed-citation>
            </p>
            <p>
               <mixed-citation id="d4758e990" publication-type="other">
Dubuisson (n. 7), 210–11</mixed-citation>
            </p>
            <p>
               <mixed-citation id="d4758e996" publication-type="other">
Mayer (n. 10), 299–300.</mixed-citation>
            </p>
         </fn>
         <fn id="d4758e1003a1310">
            <label>42</label>
            <p>
               <mixed-citation id="d4758e1010" publication-type="other">
Justin (20.5.12–13)</mixed-citation>
            </p>
         </fn>
         <fn id="d4758e1017a1310">
            <label>43</label>
            <p>
               <mixed-citation id="d4758e1024" publication-type="other">
Themistius (6 [Philadelphoi]. 71C-D)</mixed-citation>
            </p>
            <p>
               <mixed-citation id="d4758e1030" publication-type="other">
Mayer (n. 10), 302.</mixed-citation>
            </p>
         </fn>
         <fn id="d4758e1038a1310">
            <label>44</label>
            <p>
               <mixed-citation id="d4758e1045" publication-type="other">
G. Anderson, Philostratus: Biography and Belles Lettres in the Third Century A.D. (London,
1986), 260 and 277–8, n. 4</mixed-citation>
            </p>
         </fn>
         <fn id="d4758e1055a1310">
            <label>45</label>
            <p>
               <mixed-citation id="d4758e1062" publication-type="other">
Anderson (n. 44), 264</mixed-citation>
            </p>
         </fn>
         <fn id="d4758e1069a1310">
            <label>46</label>
            <p>
               <mixed-citation id="d4758e1076" publication-type="other">
[unk] Imag. 2.5.5</mixed-citation>
            </p>
         </fn>
         <fn id="d4758e1083a1310">
            <label>47</label>
            <p>
               <mixed-citation id="d4758e1090" publication-type="other">
Mayer (n. 10), 303</mixed-citation>
            </p>
         </fn>
         <fn id="d4758e1097a1310">
            <label>48</label>
            <p>
               <mixed-citation id="d4758e1104" publication-type="other">
Thuc. 1.138.4</mixed-citation>
            </p>
            <p>
               <mixed-citation id="d4758e1110" publication-type="other">
Diod. 11.58.2–3.</mixed-citation>
            </p>
         </fn>
      </fn-group>
   </back>
</article>
