<article xmlns:xsi="http://www.w3.org/2001/XMLSchema-instance"
         xmlns:xlink="http://www.w3.org/1999/xlink"
         xmlns:mml="http://www.w3.org/1998/Math/MathML"
         dtd-version="1.0"
         article-type="research-article">
   <front>
      <journal-meta>
         <journal-id journal-id-type="jstor">clasquar</journal-id>
         <journal-id journal-id-type="jstor">j100124</journal-id>
         <journal-title-group>
            <journal-title>The Classical Quarterly</journal-title>
         </journal-title-group>
         <publisher>
            <publisher-name>Cambridge University Press</publisher-name>
         </publisher>
         <custom-meta-group>
            <custom-meta>
               <meta-name>journal-series-title</meta-name>
               <meta-value>New Series</meta-value>
            </custom-meta>
         </custom-meta-group>
         <issn pub-type="ppub">00098388</issn>
         <issn pub-type="epub">14716844</issn>
      </journal-meta>
      <article-meta>
         <article-id pub-id-type="jstor">27564163</article-id>
         <article-id pub-id-type="pub-doi">10.1017/S0009838808000451</article-id>
         <article-categories>
            <subj-group>
               <subject>Shorter Notes</subject>
            </subj-group>
         </article-categories>
         <title-group>
            <article-title>Amycus' Cave in Valerius Flaccus</article-title>
         </title-group>
         <contrib-group>
            <contrib>
               <string-name>
                  <given-names>P.</given-names>
                  <surname>Murgatroyd</surname>
               </string-name>
            </contrib>
         </contrib-group>
         <pub-date>
            <day>1</day>
            <month>5</month>
            <year>2008</year>
         </pub-date>
         <volume>58</volume>
         <issue>1</issue>
         <issue-id>i27564117</issue-id>
         <fpage>382</fpage>
         <lpage>386</lpage>
         <permissions>
            <copyright-statement>Copyright 2008 The Classical Association</copyright-statement>
         </permissions>
         <self-uri xlink:href="http://www.jstor.org/stable/27564163"/>
         <custom-meta-group>
            <custom-meta>
               <meta-name>lang</meta-name>
               <meta-value>eng</meta-value>
            </custom-meta>
         </custom-meta-group>
      </article-meta>
   </front>
   <back>
      <fn-group>
         <title>[Footnotes]</title>
         <fn id="d12001e122a1310">
            <label>1</label>
            <p>
               <mixed-citation id="d12001e129" publication-type="other">
W.-W. Ehlers, Valerius Flaccus (Stuttgart, 1980).</mixed-citation>
            </p>
         </fn>
         <fn id="d12001e136a1310">
            <label>2</label>
            <p>
               <mixed-citation id="d12001e143" publication-type="other">
Virg.
Aen. 4.212</mixed-citation>
            </p>
            <p>
               <mixed-citation id="d12001e152" publication-type="other">
Amycus covering arva rather than sand in 320</mixed-citation>
            </p>
            <p>
               <mixed-citation id="d12001e158" publication-type="other">
iugi, 110</mixed-citation>
            </p>
            <p>
               <mixed-citation id="d12001e165" publication-type="other">
dorso...minanti, 178</mixed-citation>
            </p>
            <p>
               <mixed-citation id="d12001e171" publication-type="other">
Neptune in 186</mixed-citation>
            </p>
         </fn>
         <fn id="d12001e178a1310">
            <label>3</label>
            <p>
               <mixed-citation id="d12001e185" publication-type="other">
J. Strand, Notes on Valerius Flaccus'
Argonautica (Göterborg, 1972), 98).</mixed-citation>
            </p>
            <p>
               <mixed-citation id="d12001e194" publication-type="other">
Langen, C. Valeri Flacci
Setini Balbi Argonauticon Libri Octo (Berlin, 1896) ad loc.</mixed-citation>
            </p>
            <p>
               <mixed-citation id="d12001e203" publication-type="other">
OLD s.v. 7</mixed-citation>
            </p>
            <p>
               <mixed-citation id="d12001e210" publication-type="other">
Strand (op. cit.), 122–3.</mixed-citation>
            </p>
            <p>
               <mixed-citation id="d12001e216" publication-type="other">
Lucr. 1.1034, 5.448, 585</mixed-citation>
            </p>
            <p>
               <mixed-citation id="d12001e222" publication-type="other">
Jupiter and prayers to the gods (218–19).</mixed-citation>
            </p>
         </fn>
         <fn id="d12001e229a1310">
            <label>4</label>
            <p>
               <mixed-citation id="d12001e236" publication-type="other">
P.R. Taylor-Briggs 'Critical observations
on the text of the fourth book of Valerius Flaccus' Argonautica', JAC 10 [1995], 124</mixed-citation>
            </p>
            <p>
               <mixed-citation id="d12001e245" publication-type="other">
Lucan 3.613</mixed-citation>
            </p>
            <p>
               <mixed-citation id="d12001e251" publication-type="other">
Stat. Theb 3.545</mixed-citation>
            </p>
            <p>
               <mixed-citation id="d12001e258" publication-type="other">
Strand (n. 3), 99</mixed-citation>
            </p>
            <p>
               <mixed-citation id="d12001e264" publication-type="other">
Virg. Aen. 5.400ff.</mixed-citation>
            </p>
         </fn>
         <fn id="d12001e272a1310">
            <label>5</label>
            <p>
               <mixed-citation id="d12001e279" publication-type="other">
Madwig these piceas will be the arboribus of 178, and
te...faxoliam tua silva ferat at 191–2</mixed-citation>
            </p>
         </fn>
         <fn id="d12001e289a1310">
            <label>6</label>
            <p>
               <mixed-citation id="d12001e296" publication-type="other">
Sub 'through' denotes the instrument (OLD s.v. 13)</mixed-citation>
            </p>
            <p>
               <mixed-citation id="d12001e302" publication-type="other">
TLL I.865.77ff.</mixed-citation>
            </p>
         </fn>
         <fn id="d12001e309a1310">
            <label>7</label>
            <p>
               <mixed-citation id="d12001e316" publication-type="other">
TLL V.2.2003.46ff.</mixed-citation>
            </p>
         </fn>
         <fn id="d12001e323a1310">
            <label>8</label>
            <p>
               <mixed-citation id="d12001e330" publication-type="other">
TLL IV.634.13ff.</mixed-citation>
            </p>
         </fn>
         <fn id="d12001e337a1310">
            <label>9</label>
            <p>
               <mixed-citation id="d12001e344" publication-type="other">
TLL VIII.1030.74ff., 83ff.</mixed-citation>
            </p>
            <p>
               <mixed-citation id="d12001e350" publication-type="other">
Servius ad Aen. 2.240 MINANS: vel eminens, ut [4.88f.]
minaeque murorum ingentes, vel minitans.</mixed-citation>
            </p>
         </fn>
         <fn id="d12001e360a1310">
            <label>10</label>
            <p>
               <mixed-citation id="d12001e367" publication-type="other">
n. 3 above.</mixed-citation>
            </p>
         </fn>
         <fn id="d12001e375a1310">
            <label>11</label>
            <p>
               <mixed-citation id="d12001e382" publication-type="other">
TLL VII.1.1364.16ff.</mixed-citation>
            </p>
            <p>
               <mixed-citation id="d12001e388" publication-type="other">
OLD s.v. 2, 3.</mixed-citation>
            </p>
         </fn>
         <fn id="d12001e395a1310">
            <label>12</label>
            <p>
               <mixed-citation id="d12001e402" publication-type="other">
Claudian Rapt. Pros. 3.335ff.</mixed-citation>
            </p>
         </fn>
         <fn id="d12001e409a1310">
            <label>13</label>
            <p>
               <mixed-citation id="d12001e416" publication-type="other">
Virg. Aen. 6.180</mixed-citation>
            </p>
            <p>
               <mixed-citation id="d12001e422" publication-type="other">
Stat. Theb. 6.100</mixed-citation>
            </p>
            <p>
               <mixed-citation id="d12001e428" publication-type="other">
Pliny HN 16.40</mixed-citation>
            </p>
         </fn>
         <fn id="d12001e435a1310">
            <label>15</label>
            <p>
               <mixed-citation id="d12001e442" publication-type="other">
A. P. 6.11–16.</mixed-citation>
            </p>
         </fn>
         <fn id="d12001e449a1310">
            <label>16</label>
            <p>
               <mixed-citation id="d12001e456" publication-type="other">
Id. 22.123ff</mixed-citation>
            </p>
            <p>
               <mixed-citation id="d12001e462" publication-type="other">
Id. 22.37ff</mixed-citation>
            </p>
            <p>
               <mixed-citation id="d12001e468" publication-type="other">
H. Mehmel, Valerius Flaccus (Hamburg, 1934), 76–7.</mixed-citation>
            </p>
         </fn>
         <fn id="d12001e475a1310">
            <label>17</label>
            <p>
               <mixed-citation id="d12001e482" publication-type="other">
C. Campanini, Saggio di commento a Valerio Flacco (Arg. 4,99-198) (Florence,
1996), 76 and 78</mixed-citation>
            </p>
            <p>
               <mixed-citation id="d12001e491" publication-type="other">
F. Spaltenstein, Commentaire des Argonautica de Valérius Flaccus (livres 3, 4 et
5) (Brussels, 2004), 247.</mixed-citation>
            </p>
            <p>
               <mixed-citation id="d12001e500" publication-type="other">
Cyclops at 104ff.</mixed-citation>
            </p>
            <p>
               <mixed-citation id="d12001e507" publication-type="other">
Campanini (op. cit.) on 99ff. for echoes there of Od. 9</mixed-citation>
            </p>
         </fn>
         <fn id="d12001e515a1310">
            <label>18</label>
            <p>
               <mixed-citation id="d12001e522" publication-type="other">
E. Pollini Il locus horridus in Valerio Flacco', Orpheus 7 (1986), 21ff.</mixed-citation>
            </p>
            <p>
               <mixed-citation id="d12001e528" publication-type="other">
D.
Hershkowitz, Valerius Flaccus' Argonautica (Oxford, 1998), 81</mixed-citation>
            </p>
            <p>
               <mixed-citation id="d12001e537" publication-type="other">
M. Korn, Valerius
Flaccus, Argonautica 4,1-343 Ein Kommentar (Hildesheim, 1989)</mixed-citation>
            </p>
            <p>
               <mixed-citation id="d12001e547" publication-type="other">
Campanini (n. 17)</mixed-citation>
            </p>
            <p>
               <mixed-citation id="d12001e553" publication-type="other">
Spaltenstein (n. 17) ad loc.</mixed-citation>
            </p>
         </fn>
         <fn id="d12001e560a1310">
            <label>19</label>
            <p>
               <mixed-citation id="d12001e567" publication-type="other">
Aen. 8.241-2, at specus et Caci detecta apparuit ingens/ regia.</mixed-citation>
            </p>
         </fn>
         <fn id="d12001e574a1310">
            <label>20</label>
            <p>
               <mixed-citation id="d12001e581" publication-type="other">
Korn (n. 18)</mixed-citation>
            </p>
            <p>
               <mixed-citation id="d12001e587" publication-type="other">
Campanini (n. 17) ad loc.</mixed-citation>
            </p>
         </fn>
         <fn id="d12001e594a1310">
            <label>22</label>
            <p>
               <mixed-citation id="d12001e601" publication-type="other">
P. Murgatroyd, Mythical and Legendary Narrative in Ovid's Fasti (Leiden, 2005), 107ff.</mixed-citation>
            </p>
         </fn>
      </fn-group>
   </back>
</article>
