<article xmlns:xsi="http://www.w3.org/2001/XMLSchema-instance"
         xmlns:xlink="http://www.w3.org/1999/xlink"
         xmlns:mml="http://www.w3.org/1998/Math/MathML"
         dtd-version="1.0"
         article-type="research-article">
   <front>
      <journal-meta>
         <journal-id journal-id-type="jstor">clasquar</journal-id>
         <journal-id journal-id-type="jstor">j100124</journal-id>
         <journal-title-group>
            <journal-title>The Classical Quarterly</journal-title>
         </journal-title-group>
         <publisher>
            <publisher-name>Cambridge University Press</publisher-name>
         </publisher>
         <custom-meta-group>
            <custom-meta>
               <meta-name>journal-series-title</meta-name>
               <meta-value>New Series</meta-value>
            </custom-meta>
         </custom-meta-group>
         <issn pub-type="ppub">00098388</issn>
         <issn pub-type="epub">14716844</issn>
      </journal-meta>
      <article-meta>
         <article-id pub-id-type="jstor">27564153</article-id>
         <article-id pub-id-type="pub-doi">10.1017/S0009838808000359</article-id>
         <article-categories>
            <subj-group>
               <subject>Shorter Notes</subject>
            </subj-group>
         </article-categories>
         <title-group>
            <article-title>Errando Discitur</article-title>
         </title-group>
         <contrib-group>
            <contrib>
               <string-name>
                  <given-names>Emanuele</given-names>
                  <surname>Lelli</surname>
               </string-name>
            </contrib>
         </contrib-group>
         <pub-date>
            <day>1</day>
            <month>5</month>
            <year>2008</year>
         </pub-date>
         <volume>58</volume>
         <issue>1</issue>
         <issue-id>i27564117</issue-id>
         <fpage>348</fpage>
         <lpage>348</lpage>
         <permissions>
            <copyright-statement>Copyright 2008 The Classical Association</copyright-statement>
         </permissions>
         <self-uri xlink:href="http://www.jstor.org/stable/27564153"/>
         <custom-meta-group>
            <custom-meta>
               <meta-name>lang</meta-name>
               <meta-value>eng</meta-value>
            </custom-meta>
         </custom-meta-group>
      </article-meta>
   </front>
   <back>
      <fn-group>
         <title>[Footnotes]</title>
         <fn id="d12145e122a1310">
            <label>1</label>
            <p>
               <mixed-citation id="d12145e129" publication-type="other">
A. Arthaber, Dizionario comparato di proverbi e modi proverbiali (Milan, 1989), no. 1235</mixed-citation>
            </p>
            <p>
               <mixed-citation id="d12145e135" publication-type="other">
R.
Tosi, Dizionario delle sentenze latine e greche (Milan, 1991), no. 398</mixed-citation>
            </p>
            <p>
               <mixed-citation id="d12145e144" publication-type="other">
C. Lapucci, Dizionario dei proverbi italiani
(Florence, 2006), 473–4: 'Errando discitur. non ha origine classica, ma è registrata fra le sentenze
medievali'. Sententiam tamen non repperi apud E. Tierno Galván (ed.), Aurea dicta. Dichos y
proverbios del mundo clásico (Barcelona, 1987)</mixed-citation>
            </p>
            <p>
               <mixed-citation id="d12145e160" publication-type="other">
H. Walther, Lateinische Sprichwörther
und Sentenzen des Mittelalters in alphabetischer Anordnung, I–V (Göttingen, 1963–7), sic ut apud
S. Singer (ed.), Thesaurus Proverbiorum Medii Aevi I-XIII (Berlin–New York, 1995).</mixed-citation>
            </p>
         </fn>
         <fn id="d12145e173a1310">
            <label>2</label>
            <p>
               <mixed-citation id="d12145e180" publication-type="other">
Die Sprichwörter und sprichwörtlichen Redensarten der Römer (Leipzig, 1890).</mixed-citation>
            </p>
         </fn>
         <fn id="d12145e187a1310">
            <label>3</label>
            <p>
               <mixed-citation id="d12145e194" publication-type="other">
Rust. 1.1.1; 1.1.4; 1.2.2 bis; et alia.</mixed-citation>
            </p>
         </fn>
         <fn id="d12145e201a1310">
            <label>5</label>
            <p>
               <mixed-citation id="d12145e208" publication-type="other">
L'arte dell'agricultura, cur. C. Carena (Turin,
1977), in notis</mixed-citation>
            </p>
            <p>
               <mixed-citation id="d12145e217" publication-type="other">
Columella, Landwirtschaft, cur. W. Richter (Munich, 1981), ad loc.</mixed-citation>
            </p>
            <p>
               <mixed-citation id="d12145e223" publication-type="other">
F Speranza,
Incerti e proverbia nelle opere latine de re rustica (Messina, 1979).</mixed-citation>
            </p>
         </fn>
      </fn-group>
   </back>
</article>
