<article xmlns:xsi="http://www.w3.org/2001/XMLSchema-instance"
         xmlns:xlink="http://www.w3.org/1999/xlink"
         xmlns:mml="http://www.w3.org/1998/Math/MathML"
         dtd-version="1.0"
         article-type="research-article">
   <front>
      <journal-meta>
         <journal-id journal-id-type="jstor">clasquar</journal-id>
         <journal-id journal-id-type="jstor">j100124</journal-id>
         <journal-title-group>
            <journal-title>The Classical Quarterly</journal-title>
         </journal-title-group>
         <publisher>
            <publisher-name>Oxford University Press</publisher-name>
         </publisher>
         <issn pub-type="ppub">00098388</issn>
         <issn pub-type="epub">14716844</issn>
      </journal-meta>
      <article-meta>
         <article-id pub-id-type="jstor">3556205</article-id>
         <title-group>
            <article-title>A Testimony of Anaximenes in Plato</article-title>
         </title-group>
         <contrib-group>
            <contrib contrib-type="author">
               <string-name>
                  <given-names>Daniel W.</given-names>
                  <surname>Graham</surname>
               </string-name>
            </contrib>
         </contrib-group>
         <pub-date>
            <day>1</day>
            <month>11</month>
            <year>2003</year>
         </pub-date>
         <volume>53</volume>
         <issue>2</issue>
         <issue-id>i369254</issue-id>
         <fpage>327</fpage>
         <lpage>337</lpage>
         <page-range>327-337</page-range>
         <permissions>
            <copyright-statement>Copyright 2003 The Classical Association</copyright-statement>
         </permissions>
         <self-uri xlink:href="http://www.jstor.org/stable/3556205"/>
         <custom-meta-group>
            <custom-meta>
               <meta-name>lang</meta-name>
               <meta-value>eng</meta-value>
            </custom-meta>
         </custom-meta-group>
      </article-meta>
   </front>
   <back>
      <fn-group>
         <title>[Footnotes]</title>
         <fn id="d6934e114a1310">
            <label>1</label>
            <p>
               <mixed-citation id="d6934e121" publication-type="book">
G. Wöhrle, Anaximenes aus Milet: Die Fragmente zu seiner Lehre (Stuttgart, 1993), 31.<person-group>
                     <string-name>
                        <surname>Wöhrle</surname>
                     </string-name>
                  </person-group>
                  <fpage>31</fpage>
                  <source>Anaximenes aus Milet: Die Fragmente zu seiner Lehre</source>
                  <year>1993</year>
               </mixed-citation>
            </p>
         </fn>
         <fn id="d6934e146a1310">
            <label>2</label>
            <p>
               <mixed-citation id="d6934e153" publication-type="book">
Thus O. Gigon, Der Ursprung der griechischen Philosophie (Basel, &lt;latex&gt;$1968^2$&lt;/latex&gt;), 43<person-group>
                     <string-name>
                        <surname>Gigon</surname>
                     </string-name>
                  </person-group>
                  <fpage>43</fpage>
                  <source>Der Ursprung der griechischen Philosophie</source>
                  <year>1968</year>
               </mixed-citation>
            </p>
         </fn>
         <fn id="d6934e178a1310">
            <label>3</label>
            <p>
               <mixed-citation id="d6934e185" publication-type="book">
G. S. Kirk, in G. S. Kirk, J. E. Raven, and M. Schofield, The Presocratic Philosophers
(Cambridge, &lt;latex&gt;$1983^2$&lt;/latex&gt;).<person-group>
                     <string-name>
                        <surname>Kirk</surname>
                     </string-name>
                  </person-group>
                  <source>The Presocratic Philosophers</source>
                  <year>1983</year>
               </mixed-citation>
            </p>
         </fn>
         <fn id="d6934e210a1310">
            <label>4</label>
            <p>
               <mixed-citation id="d6934e217" publication-type="other">
Wöhrle (n. 1)</mixed-citation>
            </p>
            <p>
               <mixed-citation id="d6934e223" publication-type="other">
Cael. 202.11 ff.</mixed-citation>
            </p>
            <p>
               <mixed-citation id="d6934e229" publication-type="other">
Theodoret 4.23</mixed-citation>
            </p>
            <p>
               <mixed-citation id="d6934e236" publication-type="journal">
Sen. QNat. 2.17<fpage>17</fpage>
                  <volume>2</volume>
                  <source>QNat.</source>
               </mixed-citation>
            </p>
         </fn>
         <fn id="d6934e253a1310">
            <label>5</label>
            <p>
               <mixed-citation id="d6934e260" publication-type="book">
M. M. McCabe, Plato and his Predecessors (Cambridge, 2000)<person-group>
                     <string-name>
                        <surname>McCabe</surname>
                     </string-name>
                  </person-group>
                  <source>Plato and his Predecessors</source>
                  <year>2000</year>
               </mixed-citation>
            </p>
            <p>
               <mixed-citation id="d6934e281" publication-type="other">
Sophist 242c-243a</mixed-citation>
            </p>
            <p>
               <mixed-citation id="d6934e287" publication-type="other">
esp. 64-5</mixed-citation>
            </p>
         </fn>
         <fn id="d6934e294a1310">
            <label>7</label>
            <p>
               <mixed-citation id="d6934e301" publication-type="other">
Ph. 187a12-16</mixed-citation>
            </p>
            <p>
               <mixed-citation id="d6934e307" publication-type="journal">
Phys. 149.28-150.1<fpage>28</fpage>
                  <volume>149</volume>
                  <source>Phys.</source>
               </mixed-citation>
            </p>
            <p>
               <mixed-citation id="d6934e322" publication-type="other">
Mete. 354a28-32</mixed-citation>
            </p>
         </fn>
         <fn id="d6934e329a1310">
            <label>8</label>
            <p>
               <mixed-citation id="d6934e336" publication-type="journal">
Eudemus ap. Simpl. in Phys. 7.10-14<fpage>10</fpage>
                  <volume>7</volume>
                  <source>Phys.</source>
               </mixed-citation>
            </p>
         </fn>
         <fn id="d6934e352a1310">
            <label>10</label>
            <p>
               <mixed-citation id="d6934e361" publication-type="other">
Pseudo-Plutarch,
Stromateis 2 = A10 DK</mixed-citation>
            </p>
            <p>
               <mixed-citation id="d6934e370" publication-type="other">
Xenophanes' theory (B29, B33 DK)</mixed-citation>
            </p>
            <p>
               <mixed-citation id="d6934e377" publication-type="other">
Heraclitus (B31a, B36 DK)</mixed-citation>
            </p>
            <p>
               <mixed-citation id="d6934e383" publication-type="other">
Parmenides (B8.53-61 DK)</mixed-citation>
            </p>
            <p>
               <mixed-citation id="d6934e389" publication-type="other">
B6,
B 17.18 DK</mixed-citation>
            </p>
            <p>
               <mixed-citation id="d6934e398" publication-type="journal">
Sen, QNat. 2.17<fpage>17</fpage>
                  <volume>2</volume>
                  <source>QNat.</source>
               </mixed-citation>
            </p>
            <p>
               <mixed-citation id="d6934e413" publication-type="journal">
[sc. elements]' ap. Simpl. in Phys. 24.31<fpage>31</fpage>
                  <volume>24</volume>
                  <source>Phys.</source>
               </mixed-citation>
            </p>
         </fn>
         <fn id="d6934e429a1310">
            <label>11</label>
            <p>
               <mixed-citation id="d6934e436" publication-type="other">
B17 DK</mixed-citation>
            </p>
            <p>
               <mixed-citation id="d6934e442" publication-type="other">
B12 DK</mixed-citation>
            </p>
         </fn>
         <fn id="d6934e449a1310">
            <label>12</label>
            <p>
               <mixed-citation id="d6934e456" publication-type="other">
Diog. Laert. 2.6</mixed-citation>
            </p>
            <p>
               <mixed-citation id="d6934e462" publication-type="journal">
Hippol. Haer. 1.8.1<issue>8</issue>
                  <fpage>1</fpage>
                  <volume>1</volume>
                  <source>Haer.</source>
               </mixed-citation>
            </p>
            <p>
               <mixed-citation id="d6934e480" publication-type="other">
Olympiad, 528-25 B.C.</mixed-citation>
            </p>
            <p>
               <mixed-citation id="d6934e487" publication-type="other">
Diog. Laert. 2.3</mixed-citation>
            </p>
            <p>
               <mixed-citation id="d6934e493" publication-type="other">
Olympiad, 500-497 B.C.</mixed-citation>
            </p>
            <p>
               <mixed-citation id="d6934e499" publication-type="other">
Diog. Laert. 2.7</mixed-citation>
            </p>
            <p>
               <mixed-citation id="d6934e505" publication-type="other">
Wöhrle [n. 1], 31</mixed-citation>
            </p>
         </fn>
         <fn id="d6934e513a1310">
            <label>13</label>
            <p>
               <mixed-citation id="d6934e520" publication-type="other">
Simpl. in Phys. 179.6ff.</mixed-citation>
            </p>
            <p>
               <mixed-citation id="d6934e526" publication-type="journal">
Hippol. Haer.
1.8.2<issue>8</issue>
                  <fpage>2</fpage>
                  <volume>1</volume>
                  <source>Haer.</source>
               </mixed-citation>
            </p>
         </fn>
         <fn id="d6934e549a1310">
            <label>14</label>
            <p>
               <mixed-citation id="d6934e558" publication-type="journal">
Hippol.
Haer. 1.7.7<issue>7</issue>
                  <fpage>7</fpage>
                  <volume>1</volume>
                  <source>Haer.</source>
               </mixed-citation>
            </p>
            <p>
               <mixed-citation id="d6934e580" publication-type="journal">
J. Klowski, 'Ist der Aer des Anaximenes als eine
Substanz konzipiert?' Hermes 100 (1972), 131-42, esp. 137-8<person-group>
                     <string-name>
                        <surname>Klowski</surname>
                     </string-name>
                  </person-group>
                  <fpage>131</fpage>
                  <volume>100</volume>
                  <source>Hermes</source>
                  <year>1972</year>
               </mixed-citation>
            </p>
            <p>
               <mixed-citation id="d6934e612" publication-type="journal">
U. Hölscher,
'Anaximander und die Anfange der Philosophie', Hermes 81 (1953), 257-77 at 273-4<person-group>
                     <string-name>
                        <surname>Hölscher</surname>
                     </string-name>
                  </person-group>
                  <fpage>257</fpage>
                  <volume>81</volume>
                  <source>Hermes</source>
                  <year>1953</year>
               </mixed-citation>
            </p>
            <p>
               <mixed-citation id="d6934e643" publication-type="other">
Wöhrle (n. 1), 19-23</mixed-citation>
            </p>
            <p>
               <mixed-citation id="d6934e649" publication-type="other">
Pseudo-Plutarch Stromateis 3</mixed-citation>
            </p>
            <p>
               <mixed-citation id="d6934e655" publication-type="journal">
D. W. Graham, 'A new look
at Anaximenes', History of Philosophy Quarterly 20 [2003], 1-20<person-group>
                     <string-name>
                        <surname>Graham</surname>
                     </string-name>
                  </person-group>
                  <fpage>1</fpage>
                  <volume>20</volume>
                  <source>History of Philosophy Quarterly</source>
                  <year>2003</year>
               </mixed-citation>
            </p>
         </fn>
         <fn id="d6934e687a1310">
            <label>15</label>
            <p>
               <mixed-citation id="d6934e694" publication-type="book">
C. H. Kahn,
Anaximander and the Origins of Greek Cosmology [New York, 1960], 155<person-group>
                     <string-name>
                        <surname>Kahn</surname>
                     </string-name>
                  </person-group>
                  <fpage>155</fpage>
                  <source>Anaximander and the Origins of Greek Cosmology</source>
                  <year>1960</year>
               </mixed-citation>
            </p>
            <p>
               <mixed-citation id="d6934e722" publication-type="other">
Aetius 3.7.1 = A24 DK</mixed-citation>
            </p>
            <p>
               <mixed-citation id="d6934e728" publication-type="other">
Kahn, 101</mixed-citation>
            </p>
            <p>
               <mixed-citation id="d6934e735" publication-type="book">
E M. Cornford, Plato's Cosmology (London, 1937), 180<person-group>
                     <string-name>
                        <surname>Cornford</surname>
                     </string-name>
                  </person-group>
                  <fpage>180</fpage>
                  <source>Plato's Cosmology</source>
                  <year>1937</year>
               </mixed-citation>
            </p>
         </fn>
         <fn id="d6934e760a1310">
            <label>16</label>
            <p>
               <mixed-citation id="d6934e767" publication-type="other">
Heraclitus B30 DK</mixed-citation>
            </p>
         </fn>
         <fn id="d6934e774a1310">
            <label>17</label>
            <p>
               <mixed-citation id="d6934e781" publication-type="other">
n. 15 above</mixed-citation>
            </p>
         </fn>
         <fn id="d6934e788a1310">
            <label>18</label>
            <p>
               <mixed-citation id="d6934e795" publication-type="other">
Pseudo-Plutarch, Stromateis 3 = A6.</mixed-citation>
            </p>
         </fn>
         <fn id="d6934e803a1310">
            <label>19</label>
            <p>
               <mixed-citation id="d6934e812" publication-type="journal">
P J. Bicknell, 'Anaximenes' [Unrepresented Characters] simile', Apeiron 1 (1966), 17-18<person-group>
                     <string-name>
                        <surname>Bicknell</surname>
                     </string-name>
                  </person-group>
                  <fpage>17</fpage>
                  <volume>1</volume>
                  <source>Apeiron</source>
                  <year>1966</year>
               </mixed-citation>
            </p>
            <p>
               <mixed-citation id="d6934e840" publication-type="other">
Kirk et al. [n. 3], 156</mixed-citation>
            </p>
         </fn>
         <fn id="d6934e847a1310">
            <label>22</label>
            <p>
               <mixed-citation id="d6934e854" publication-type="other">
Melissus B8.3</mixed-citation>
            </p>
            <p>
               <mixed-citation id="d6934e860" publication-type="other">
Kahn (n. 15), 122</mixed-citation>
            </p>
            <p>
               <mixed-citation id="d6934e866" publication-type="book">
The Art and Thought of
Heraclitus [Cambridge, 1979], 314, n. 136<fpage>314</fpage>
                  <source>The Art and Thought of Heraclitus</source>
                  <year>1979</year>
               </mixed-citation>
            </p>
         </fn>
         <fn id="d6934e885a1310">
            <label>23</label>
            <p>
               <mixed-citation id="d6934e892" publication-type="book">
A. E. Taylor, A Commentary on Plato's Timaeus (Oxford, 1928), 314-15<person-group>
                     <string-name>
                        <surname>Taylor</surname>
                     </string-name>
                  </person-group>
                  <fpage>314</fpage>
                  <source>A Commentary on Plato's Timaeus</source>
                  <year>1928</year>
               </mixed-citation>
            </p>
            <p>
               <mixed-citation id="d6934e916" publication-type="other">
Cornford (n. 15), 180</mixed-citation>
            </p>
            <p>
               <mixed-citation id="d6934e922" publication-type="book">
G. Vlastos, Plato's Universe (Seattle, 1975), 80, n. 22<person-group>
                     <string-name>
                        <surname>Vlastos</surname>
                     </string-name>
                  </person-group>
                  <fpage>80</fpage>
                  <source>Plato's Universe</source>
                  <year>1975</year>
               </mixed-citation>
            </p>
            <p>
               <mixed-citation id="d6934e947" publication-type="other">
Chalcid. in Tim. 280,
325</mixed-citation>
            </p>
         </fn>
         <fn id="d6934e957a1310">
            <label>24</label>
            <p>
               <mixed-citation id="d6934e964" publication-type="journal">
W A. Heidel, 'Qualitative
change in Presocratic philosophy', Archiv für Geschichte der Philosophie 19 (1906), 333-79<person-group>
                     <string-name>
                        <surname>Heidel</surname>
                     </string-name>
                  </person-group>
                  <fpage>333</fpage>
                  <volume>19</volume>
                  <source>Archiv für Geschichte der Philosophie</source>
                  <year>1906</year>
               </mixed-citation>
            </p>
            <p>
               <mixed-citation id="d6934e995" publication-type="book">
H. Cherniss, Aristotle's Criticism of Presocratic Philosophy (Baltimore, 1935), 362 ff.<person-group>
                     <string-name>
                        <surname>Cherniss</surname>
                     </string-name>
                  </person-group>
                  <source>Aristotle's Criticism of Presocratic Philosophy</source>
                  <year>1935</year>
               </mixed-citation>
            </p>
            <p>
               <mixed-citation id="d6934e1016" publication-type="other">
Hölscher
(n. 14), 267-8, 273-4</mixed-citation>
            </p>
            <p>
               <mixed-citation id="d6934e1026" publication-type="journal">
J. B. McDiarmid, 'Theophrastus on the Presocratic causes', Harvard
Studies in Classical Philology 61 (1953), 85-156<object-id pub-id-type="doi">10.2307/310774</object-id>
                  <fpage>85</fpage>
               </mixed-citation>
            </p>
            <p>
               <mixed-citation id="d6934e1041" publication-type="book">
M. C. Stokes, One and Many in Presocratic
Philosophy (Washington, 1971), ch. 2<person-group>
                     <string-name>
                        <surname>Stokes</surname>
                     </string-name>
                  </person-group>
                  <source>One and Many in Presocratic Philosophy</source>
                  <year>1971</year>
               </mixed-citation>
            </p>
            <p>
               <mixed-citation id="d6934e1065" publication-type="journal">
J. Klowski, 'Das Entstehen der Begriffe Substanz und
Materie', Archiv für Geschichte der Philosophie 48 (1966), 2-42<person-group>
                     <string-name>
                        <surname>Klowski</surname>
                     </string-name>
                  </person-group>
                  <fpage>2</fpage>
                  <volume>48</volume>
                  <source>Archiv für Geschichte der Philosophie</source>
                  <year>1966</year>
               </mixed-citation>
            </p>
         </fn>
         <fn id="d6934e1097a1310">
            <label>25</label>
            <p>
               <mixed-citation id="d6934e1104" publication-type="book">
J. Burnet, Early Greek Philosophy (London, &lt;latex&gt;$1892/1930^4$&lt;/latex&gt;), 73-4<person-group>
                     <string-name>
                        <surname>Burnet</surname>
                     </string-name>
                  </person-group>
                  <fpage>73</fpage>
                  <source>Early Greek Philosophy</source>
                  <year>1930</year>
               </mixed-citation>
            </p>
            <p>
               <mixed-citation id="d6934e1128" publication-type="book">
C. Bailey, The Greek Atomists
and Epicurus (Oxford, 1928), 16-18<person-group>
                     <string-name>
                        <surname>Bailey</surname>
                     </string-name>
                  </person-group>
                  <fpage>16</fpage>
                  <source>The Greek Atomists and Epicurus</source>
                  <year>1928</year>
               </mixed-citation>
            </p>
            <p>
               <mixed-citation id="d6934e1156" publication-type="other">
Cornford (n. 15)</mixed-citation>
            </p>
            <p>
               <mixed-citation id="d6934e1163" publication-type="book">
W K. C. Guthrie, A History of Greek
Philosophy I (Cambridge, 1962), 115-16<person-group>
                     <string-name>
                        <surname>Guthrie</surname>
                     </string-name>
                  </person-group>
                  <fpage>115</fpage>
                  <volume>I</volume>
                  <source>A History of Greek Philosophy</source>
                  <year>1962</year>
               </mixed-citation>
            </p>
            <p>
               <mixed-citation id="d6934e1194" publication-type="book">
G. E. R. Lloyd, Early Greek Science: Thales to Aristotle
(New York, 1970), 19-20, 21-2<person-group>
                     <string-name>
                        <surname>Lloyd</surname>
                     </string-name>
                  </person-group>
                  <fpage>19</fpage>
                  <source>Early Greek Science: Thales to Aristotle</source>
                  <year>1970</year>
               </mixed-citation>
            </p>
            <p>
               <mixed-citation id="d6934e1222" publication-type="other">
id., Magic, Reason and Experience (Cambridge, 1979), 140-1</mixed-citation>
            </p>
            <p>
               <mixed-citation id="d6934e1228" publication-type="other">
Kirk (n. 3), 145-6</mixed-citation>
            </p>
            <p>
               <mixed-citation id="d6934e1234" publication-type="book">
J. Barnes, The Early Greek Philosophers, rev. edn (London, 1979/1982), 38-44<person-group>
                     <string-name>
                        <surname>Barnes</surname>
                     </string-name>
                  </person-group>
                  <fpage>38</fpage>
                  <source>The Early Greek Philosophers</source>
                  <year>1982</year>
               </mixed-citation>
            </p>
            <p>
               <mixed-citation id="d6934e1258" publication-type="book">
D. W. Graham, 'Heraclitus' criticism of Ionian philosophy',
Oxford Studies in Ancient Philosophy 15 (1997), 1-50 at 12-17<person-group>
                     <string-name>
                        <surname>Graham</surname>
                     </string-name>
                  </person-group>
                  <comment content-type="section">Heraclitus' criticism of Ionian philosophy</comment>
                  <fpage>1</fpage>
                  <volume>15</volume>
                  <source>Oxford Studies in Ancient Philosophy</source>
                  <year>1997</year>
               </mixed-citation>
            </p>
         </fn>
         <fn id="d6934e1293a1310">
            <label>26</label>
            <p>
               <mixed-citation id="d6934e1300" publication-type="book">
W-R. Mann, The
Discovery of Tnings: Aristotle's Categories and their Context (Princeton, 2000)<person-group>
                     <string-name>
                        <surname>Mann</surname>
                     </string-name>
                  </person-group>
                  <source>The Discovery of Tnings: Aristotle's Categories and their Context</source>
                  <year>2000</year>
               </mixed-citation>
            </p>
         </fn>
         <fn id="d6934e1326a1310">
            <label>27</label>
            <p>
               <mixed-citation id="d6934e1333" publication-type="other">
Hölscher (n. 14), 268</mixed-citation>
            </p>
         </fn>
         <fn id="d6934e1340a1310">
            <label>29</label>
            <p>
               <mixed-citation id="d6934e1347" publication-type="other">
Ti. 50b-51b</mixed-citation>
            </p>
         </fn>
         <fn id="d6934e1354a1310">
            <label>31</label>
            <p>
               <mixed-citation id="d6934e1361" publication-type="journal">
G. Vlastos, 'On Heraclitus', American Journal of Philology 76 (1955), 337-68 at 354, 362-7.<object-id pub-id-type="doi">10.2307/292270</object-id>
                  <fpage>337</fpage>
               </mixed-citation>
            </p>
         </fn>
         <fn id="d6934e1374a1310">
            <label>32</label>
            <p>
               <mixed-citation id="d6934e1381" publication-type="other">
Gigon (n. 2), 104</mixed-citation>
            </p>
         </fn>
         <fn id="d6934e1388a1310">
            <label>33</label>
            <p>
               <mixed-citation id="d6934e1395" publication-type="other">
Vlastos (n. 23), 80, n. 21.</mixed-citation>
            </p>
         </fn>
         <fn id="d6934e1402a1310">
            <label>34</label>
            <p>
               <mixed-citation id="d6934e1409" publication-type="other">
Ti. 56d</mixed-citation>
            </p>
         </fn>
         <fn id="d6934e1417a1310">
            <label>35</label>
            <p>
               <mixed-citation id="d6934e1424" publication-type="book">
D. W Graham, Aristotle's Two Systems (Oxford, 1987), ch. 6<person-group>
                     <string-name>
                        <surname>Graham</surname>
                     </string-name>
                  </person-group>
                  <source>Aristotle's Two Systems</source>
                  <year>1987</year>
               </mixed-citation>
            </p>
         </fn>
         <fn id="d6934e1446a1310">
            <label>36</label>
            <p>
               <mixed-citation id="d6934e1453" publication-type="other">
Ibid. ch. 5.</mixed-citation>
            </p>
         </fn>
         <fn id="d6934e1460a1310">
            <label>37</label>
            <p>
               <mixed-citation id="d6934e1467" publication-type="other">
Ph.
191a31-2</mixed-citation>
            </p>
            <p>
               <mixed-citation id="d6934e1476" publication-type="other">
Ph. 1.8</mixed-citation>
            </p>
         </fn>
         <fn id="d6934e1483a1310">
            <label>38</label>
            <p>
               <mixed-citation id="d6934e1490" publication-type="book">
D. W.
Graham, 'Heraclitus and Parmenides', in Victor Caston and Daniel W Graham (edd.),
Presocratic Philosophy: Essays in Honour of Alexander Mourelatos (Aldershot, 2002), 27-44<person-group>
                     <string-name>
                        <surname>Graham</surname>
                     </string-name>
                  </person-group>
                  <comment content-type="section">Heraclitus and Parmenides'</comment>
                  <fpage>27</fpage>
                  <source>Presocratic Philosophy: Essays in Honour of Alexander Mourelatos</source>
                  <year>2002</year>
               </mixed-citation>
            </p>
         </fn>
         <fn id="d6934e1525a1310">
            <label>39</label>
            <p>
               <mixed-citation id="d6934e1532" publication-type="other">
Cornford's interpretation (nn. 15, 30)</mixed-citation>
            </p>
         </fn>
      </fn-group>
   </back>
</article>
