<article xmlns:xsi="http://www.w3.org/2001/XMLSchema-instance"
         xmlns:xlink="http://www.w3.org/1999/xlink"
         xmlns:mml="http://www.w3.org/1998/Math/MathML"
         dtd-version="1.0"
         article-type="research-article">
   <front>
      <journal-meta>
         <journal-id journal-id-type="jstor">clasquar</journal-id>
         <journal-id journal-id-type="jstor">j100124</journal-id>
         <journal-title-group>
            <journal-title>The Classical Quarterly</journal-title>
         </journal-title-group>
         <publisher>
            <publisher-name>Oxford University Press</publisher-name>
         </publisher>
         <issn pub-type="ppub">00098388</issn>
         <issn pub-type="epub">14716844</issn>
      </journal-meta>
      <article-meta>
         <article-id pub-id-type="jstor">3556452</article-id>
         <title-group>
            <article-title>The Scope of Thought in Parmenides</article-title>
         </title-group>
         <contrib-group>
            <contrib contrib-type="author">
               <string-name>
                  <given-names>I.</given-names>
                  <surname>Crystal</surname>
               </string-name>
            </contrib>
         </contrib-group>
         <pub-date>
            <day>1</day>
            <month>1</month>
            <year>2002</year>
         </pub-date>
         <volume>52</volume>
         <issue>1</issue>
         <issue-id>i369251</issue-id>
         <fpage>207</fpage>
         <lpage>219</lpage>
         <page-range>207-219</page-range>
         <permissions>
            <copyright-statement/>
         </permissions>
         <self-uri xlink:href="http://www.jstor.org/stable/3556452"/>
         <custom-meta-group>
            <custom-meta>
               <meta-name>lang</meta-name>
               <meta-value>eng</meta-value>
            </custom-meta>
         </custom-meta-group>
      </article-meta>
   </front>
   <back>
      <fn-group>
         <title>[Footnotes]</title>
         <fn id="d2021e113a1310">
            <label>1</label>
            <p>
               <mixed-citation id="d2021e120" publication-type="book">
A. A. Long, 'Parmenides on
thinking being', in J. Cleary (ed.), Proceedings of the Boston Area Colloquium in Ancient
Philosophy 12, (New York, 1996), 125-51<person-group>
                     <string-name>
                        <surname>Long</surname>
                     </string-name>
                  </person-group>
                  <comment content-type="section">Parmenides on thinking being</comment>
                  <fpage>125</fpage>
                  <volume>12</volume>
                  <source>Proceedings of the Boston Area Colloquium in Ancient Philosophy</source>
                  <year>1996</year>
               </mixed-citation>
            </p>
            <p>
               <mixed-citation id="d2021e157" publication-type="book">
D. Sedley, 'Parmenides and Melissus', in A. A. Long
(ed.), The Cambridge Companion to Early Greek Philosophy, (Cambridge, 1999), 113-33<person-group>
                     <string-name>
                        <surname>Sedley</surname>
                     </string-name>
                  </person-group>
                  <comment content-type="section">Parmenides and Melissus</comment>
                  <fpage>113</fpage>
                  <source>The Cambridge Companion to Early Greek Philosophy</source>
                  <year>1999</year>
               </mixed-citation>
            </p>
            <p>
               <mixed-citation id="d2021e188" publication-type="book">
P. Curd,
The Legacy of Parmenides (Princeton, 1998), chs. I and 2<person-group>
                     <string-name>
                        <surname>Curd</surname>
                     </string-name>
                  </person-group>
                  <source>The Legacy of Parmenides</source>
                  <year>1998</year>
               </mixed-citation>
            </p>
         </fn>
         <fn id="d2021e213a1310">
            <label>2</label>
            <p>
               <mixed-citation id="d2021e220" publication-type="other">
Long (n. 1), 140-6</mixed-citation>
            </p>
            <p>
               <mixed-citation id="d2021e226" publication-type="other">
n. 38 below</mixed-citation>
            </p>
         </fn>
         <fn id="d2021e233a1310">
            <label>3</label>
            <p>
               <mixed-citation id="d2021e240" publication-type="other">
Curd (n. 1), 89-90</mixed-citation>
            </p>
            <p>
               <mixed-citation id="d2021e246" publication-type="other">
n. 34 below</mixed-citation>
            </p>
         </fn>
         <fn id="d2021e253a1310">
            <label>4</label>
            <p>
               <mixed-citation id="d2021e260" publication-type="other">
nn. 15-17 below</mixed-citation>
            </p>
         </fn>
         <fn id="d2021e268a1310">
            <label>5</label>
            <p>
               <mixed-citation id="d2021e275" publication-type="book">
G. S. Kirk, J. E. Raven, and M. Schofield, The
Presocratic Philosophers (Cambridge, 1983), 246<person-group>
                     <string-name>
                        <surname>Kirk</surname>
                     </string-name>
                  </person-group>
                  <fpage>246</fpage>
                  <source>The Presocratic Philosophers</source>
                  <year>1983</year>
               </mixed-citation>
            </p>
            <p>
               <mixed-citation id="d2021e303" publication-type="other">
n. 1</mixed-citation>
            </p>
            <p>
               <mixed-citation id="d2021e309" publication-type="book">
D. Gallop, Parmenides of Elea
(Toronto, 1984), 8<person-group>
                     <string-name>
                        <surname>Gallop</surname>
                     </string-name>
                  </person-group>
                  <fpage>8</fpage>
                  <source>Parmenides of Elea</source>
                  <year>1984</year>
               </mixed-citation>
            </p>
            <p>
               <mixed-citation id="d2021e338" publication-type="book">
A. Finkelberg, 'Parmenides' foundation of the way of truth', Oxford Studies in
Ancient Philosophy VI (Oxford, 1988), 43-4<person-group>
                     <string-name>
                        <surname>Finkelberg</surname>
                     </string-name>
                  </person-group>
                  <comment content-type="section">Parmenides' foundation of the way of truth</comment>
                  <fpage>43</fpage>
                  <volume>VI</volume>
                  <source>Oxford Studies in Ancient Philosophy</source>
                  <year>1988</year>
               </mixed-citation>
            </p>
         </fn>
         <fn id="d2021e373a1310">
            <label>6</label>
            <p>
               <mixed-citation id="d2021e380" publication-type="book">
J. Barnes, The Presocratic Philosophers (London, 1982), 163-5<person-group>
                     <string-name>
                        <surname>Barnes</surname>
                     </string-name>
                  </person-group>
                  <fpage>163</fpage>
                  <source>The Presocratic Philosophers</source>
                  <year>1982</year>
               </mixed-citation>
            </p>
         </fn>
         <fn id="d2021e405a1310">
            <label>7</label>
            <p>
               <mixed-citation id="d2021e412" publication-type="book">
G. E. L. Owen, 'Eleatic
questions', in M. C. Nussbaum (ed.), Logic, Science and Dialectic (London, 1986), 9-16<person-group>
                     <string-name>
                        <surname>Owen</surname>
                     </string-name>
                  </person-group>
                  <comment content-type="section">Eleatic questions</comment>
                  <fpage>9</fpage>
                  <source>Logic, Science and Dialectic</source>
                  <year>1986</year>
               </mixed-citation>
            </p>
            <p>
               <mixed-citation id="d2021e443" publication-type="journal">
M. M. Mackenzie,
'Parmenides' dilemma', Phronesis 27 (1982), 2<person-group>
                     <string-name>
                        <surname>Mackenzie</surname>
                     </string-name>
                  </person-group>
                  <fpage>2</fpage>
                  <volume>27</volume>
                  <source>Phronesis</source>
                  <year>1982</year>
               </mixed-citation>
            </p>
            <p>
               <mixed-citation id="d2021e474" publication-type="other">
Sedley (n. 1), 114</mixed-citation>
            </p>
            <p>
               <mixed-citation id="d2021e481" publication-type="other">
Finkelberg (n. 5), 44-7</mixed-citation>
            </p>
            <p>
               <mixed-citation id="d2021e487" publication-type="other">
Sedley (n. 1), 114-15</mixed-citation>
            </p>
            <p>
               <mixed-citation id="d2021e493" publication-type="other">
Curd (n. 1), chs. 1 and 2</mixed-citation>
            </p>
            <p>
               <mixed-citation id="d2021e499" publication-type="book">
L. Brown, 'The verb "to be"
in Greek philosophy: some remarks', in S. Everson (ed.), The Cambridge Companion to Ancient
Thought 3 (Cambridge, 1994), 216-20, 236<person-group>
                     <string-name>
                        <surname>Brown</surname>
                     </string-name>
                  </person-group>
                  <comment content-type="section">The verb "to be" in Greek philosophy: some remarks</comment>
                  <fpage>216</fpage>
                  <volume>3</volume>
                  <source>The Cambridge Companion to Ancient Thought</source>
                  <year>1994</year>
               </mixed-citation>
            </p>
            <p>
               <mixed-citation id="d2021e536" publication-type="book">
M. Furth, 'Elements of eleatic ontology', in
A. P. D. Mourelatos (ed.), The Pre-Socratics: A Collection of Critical Essays (New York, 1974),
242-8<person-group>
                     <string-name>
                        <surname>Furth</surname>
                     </string-name>
                  </person-group>
                  <comment content-type="section">Elements of eleatic ontology</comment>
                  <fpage>242</fpage>
                  <source>The Pre-Socratics: A Collection of Critical Essays</source>
                  <year>1974</year>
               </mixed-citation>
            </p>
            <p>
               <mixed-citation id="d2021e570" publication-type="other">
Kirk, Raven, and Schofield (n. 5), 245ff.</mixed-citation>
            </p>
            <p>
               <mixed-citation id="d2021e577" publication-type="other">
G. Owen (n. 7), 104-8</mixed-citation>
            </p>
            <p>
               <mixed-citation id="d2021e583" publication-type="journal">
D. Furley, 'Notes on
Parmenides', Phronesis Suppl. Vol. 1 (1973), 13-14<person-group>
                     <string-name>
                        <surname>Furley</surname>
                     </string-name>
                  </person-group>
                  <fpage>13</fpage>
                  <volume>1</volume>
                  <source>Phronesis Suppl.</source>
                  <year>1973</year>
               </mixed-citation>
            </p>
            <p>
               <mixed-citation id="d2021e614" publication-type="journal">
C. Kahn, 'The thesis of Parmenides',
Phronesis Suppl. Vol. 1 (1973), 723-4<person-group>
                     <string-name>
                        <surname>Kahn</surname>
                     </string-name>
                  </person-group>
                  <fpage>723</fpage>
                  <volume>1</volume>
                  <source>Phronesis Suppl.</source>
                  <year>1973</year>
               </mixed-citation>
            </p>
         </fn>
         <fn id="d2021e646a1310">
            <label>8</label>
            <p>
               <mixed-citation id="d2021e653" publication-type="other">
Fragments 6 and 7</mixed-citation>
            </p>
         </fn>
         <fn id="d2021e660a1310">
            <label>9</label>
            <p>
               <mixed-citation id="d2021e667" publication-type="journal">
M. Burnyeat, 'Idealism and Greek philosophy:
what Descartes saw and Berkeley missed', Philosophical Review 91 [1982], 15-16<object-id pub-id-type="doi">10.2307/2184667</object-id>
                  <fpage>15</fpage>
               </mixed-citation>
            </p>
            <p>
               <mixed-citation id="d2021e682" publication-type="other">
Burnyeat,
22-3 and 33</mixed-citation>
            </p>
         </fn>
         <fn id="d2021e692a1310">
            <label>10</label>
            <p>
               <mixed-citation id="d2021e699" publication-type="journal">
W J. Verdenius, 'Parmenides B2.3', Mnemosyne 15 (1962), 237<person-group>
                     <string-name>
                        <surname>Verdenius</surname>
                     </string-name>
                  </person-group>
                  <fpage>237</fpage>
                  <volume>15</volume>
                  <source>Mnemosyne</source>
                  <year>1962</year>
               </mixed-citation>
            </p>
         </fn>
         <fn id="d2021e729a1310">
            <label>11</label>
            <p>
               <mixed-citation id="d2021e736" publication-type="journal">
G. Vlastos, 'Parmenides' theory of knowledge', TAPhA
77 (1946), 74-5<person-group>
                     <string-name>
                        <surname>Vlastos</surname>
                     </string-name>
                  </person-group>
                  <fpage>74</fpage>
                  <volume>77</volume>
                  <source>TAPhA</source>
                  <year>1946</year>
               </mixed-citation>
            </p>
         </fn>
         <fn id="d2021e768a1310">
            <label>12</label>
            <p>
               <mixed-citation id="d2021e775" publication-type="book">
A. P. D. Mourelatos, The Route of Parmenides (New Haven, 1970), 67<person-group>
                     <string-name>
                        <surname>Mourelatos</surname>
                     </string-name>
                  </person-group>
                  <fpage>67</fpage>
                  <source>The Route of Parmenides</source>
                  <year>1970</year>
               </mixed-citation>
            </p>
         </fn>
         <fn id="d2021e800a1310">
            <label>13</label>
            <p>
               <mixed-citation id="d2021e807" publication-type="other">
Furth (n. 7), 252</mixed-citation>
            </p>
         </fn>
         <fn id="d2021e814a1310">
            <label>14</label>
            <p>
               <mixed-citation id="d2021e821" publication-type="other">
Barnes (n. 6)</mixed-citation>
            </p>
            <p>
               <mixed-citation id="d2021e827" publication-type="other">
Kirk, Raven, and
Schofield (n. 5)</mixed-citation>
            </p>
            <p>
               <mixed-citation id="d2021e836" publication-type="other">
Mourelatos (n. 12), 75</mixed-citation>
            </p>
            <p>
               <mixed-citation id="d2021e843" publication-type="other">
Owen (n. 7), 15</mixed-citation>
            </p>
         </fn>
         <fn id="d2021e850a1310">
            <label>15</label>
            <p>
               <mixed-citation id="d2021e857" publication-type="other">
Vlastos (n. 11), 68.</mixed-citation>
            </p>
         </fn>
         <fn id="d2021e864a1310">
            <label>16</label>
            <p>
               <mixed-citation id="d2021e871" publication-type="other">
Sedley (n. 1), 120.</mixed-citation>
            </p>
         </fn>
         <fn id="d2021e879a1310">
            <label>17</label>
            <p>
               <mixed-citation id="d2021e888" publication-type="other">
Finkelberg (n. 5), 55</mixed-citation>
            </p>
            <p>
               <mixed-citation id="d2021e894" publication-type="other">
Sedley
(n. 1), 120</mixed-citation>
            </p>
         </fn>
         <fn id="d2021e904a1310">
            <label>18</label>
            <p>
               <mixed-citation id="d2021e911" publication-type="other">
Barnes (n. 6), 158-9</mixed-citation>
            </p>
         </fn>
         <fn id="d2021e918a1310">
            <label>19</label>
            <p>
               <mixed-citation id="d2021e925" publication-type="journal">
P. Curd, 'Parmenidean monism', Phronesis 36
[1991], 253<person-group>
                     <string-name>
                        <surname>Curd</surname>
                     </string-name>
                  </person-group>
                  <fpage>253</fpage>
                  <volume>36</volume>
                  <source>Phronesis</source>
                  <year>1991</year>
               </mixed-citation>
            </p>
            <p>
               <mixed-citation id="d2021e956" publication-type="other">
Curd's
remark (n. 1), 254</mixed-citation>
            </p>
         </fn>
         <fn id="d2021e966a1310">
            <label>20</label>
            <p>
               <mixed-citation id="d2021e973" publication-type="other">
Kahn (n. 7), 724</mixed-citation>
            </p>
         </fn>
         <fn id="d2021e980a1310">
            <label>21</label>
            <p>
               <mixed-citation id="d2021e987" publication-type="book">
A. P. D.
Mourelatos (ed.), The Pre-Socratics: A Collection of Critical Essays (New York, 1974), 52<person-group>
                     <string-name>
                        <surname>Mourelatos</surname>
                     </string-name>
                  </person-group>
                  <fpage>52</fpage>
                  <source>The Pre-Socratics: A Collection of Critical Essays</source>
                  <year>1974</year>
               </mixed-citation>
            </p>
            <p>
               <mixed-citation id="d2021e1015" publication-type="other">
Barnes (n. 6), 611</mixed-citation>
            </p>
            <p>
               <mixed-citation id="d2021e1021" publication-type="book">
J. Lesher, 'Parmenides' critique of thinking: the poludgreis
elenchos of Fragment 7', Oxford Studies in Ancient Philosophy 2 (Oxford, 1984), 1-30<person-group>
                     <string-name>
                        <surname>Lesher</surname>
                     </string-name>
                  </person-group>
                  <comment content-type="section">Parmenides' critique of thinking: the poludgreis elenchos of Fragment 7</comment>
                  <fpage>1</fpage>
                  <volume>2</volume>
                  <source>Oxford Studies in Ancient Philosophy</source>
                  <year>1984</year>
               </mixed-citation>
            </p>
            <p>
               <mixed-citation id="d2021e1056" publication-type="other">
Curd
(n. 19), 247-8</mixed-citation>
            </p>
            <p>
               <mixed-citation id="d2021e1065" publication-type="other">
id. (n. 1), 49</mixed-citation>
            </p>
         </fn>
         <fn id="d2021e1072a1310">
            <label>22</label>
            <p>
               <mixed-citation id="d2021e1079" publication-type="other">
Kahn (n. 7), 723</mixed-citation>
            </p>
         </fn>
         <fn id="d2021e1087a1310">
            <label>23</label>
            <p>
               <mixed-citation id="d2021e1094" publication-type="other">
Mackenzie (n. 7), 2</mixed-citation>
            </p>
         </fn>
         <fn id="d2021e1101a1310">
            <label>24</label>
            <p>
               <mixed-citation id="d2021e1108" publication-type="other">
pp. 210-11 above</mixed-citation>
            </p>
         </fn>
         <fn id="d2021e1115a1310">
            <label>25</label>
            <p>
               <mixed-citation id="d2021e1122" publication-type="other">
Owen (n. 7), 18-21</mixed-citation>
            </p>
         </fn>
         <fn id="d2021e1129a1310">
            <label>26</label>
            <p>
               <mixed-citation id="d2021e1136" publication-type="other">
Barnes (n. 6), 179</mixed-citation>
            </p>
            <p>
               <mixed-citation id="d2021e1142" publication-type="journal">
'Parmenides and the eleatic one', Archiv für Geschichte der
Philosophie 61 (1979), 12<fpage>12</fpage>
                  <volume>61</volume>
                  <source>Archiv für Geschichte der Philosophie</source>
                  <year>1979</year>
               </mixed-citation>
            </p>
            <p>
               <mixed-citation id="d2021e1164" publication-type="other">
Sedley (n. 1), 118-19</mixed-citation>
            </p>
         </fn>
         <fn id="d2021e1171a1310">
            <label>27</label>
            <p>
               <mixed-citation id="d2021e1178" publication-type="other">
Barnes (n. 7), 189</mixed-citation>
            </p>
         </fn>
         <fn id="d2021e1185a1310">
            <label>28</label>
            <p>
               <mixed-citation id="d2021e1192" publication-type="other">
Barnes (n. 26, 1979), 19</mixed-citation>
            </p>
         </fn>
         <fn id="d2021e1200a1310">
            <label>29</label>
            <p>
               <mixed-citation id="d2021e1207" publication-type="other">
Owen (n. 7), 13 and 18-19</mixed-citation>
            </p>
         </fn>
         <fn id="d2021e1214a1310">
            <label>30</label>
            <p>
               <mixed-citation id="d2021e1223" publication-type="other">
Ibid. 13</mixed-citation>
            </p>
            <p>
               <mixed-citation id="d2021e1229" publication-type="other">
Barnes (n. 7), 210</mixed-citation>
            </p>
            <p>
               <mixed-citation id="d2021e1236" publication-type="book">
L. Taràin, Parmenides (Princeton,
1965), 107-8<person-group>
                     <string-name>
                        <surname>Taràin</surname>
                     </string-name>
                  </person-group>
                  <fpage>107</fpage>
                  <source>Parmenides</source>
                  <year>1965</year>
               </mixed-citation>
            </p>
         </fn>
         <fn id="d2021e1265a1310">
            <label>31</label>
            <p>
               <mixed-citation id="d2021e1272" publication-type="other">
Barnes (n. 7), 210-12</mixed-citation>
            </p>
         </fn>
         <fn id="d2021e1279a1310">
            <label>32</label>
            <p>
               <mixed-citation id="d2021e1286" publication-type="book">
G. E. L. Owen, 'Plato and Parmenides on the
timeless present', in M. C. Nussbaum (ed.), Logic, Science and Dialectic (London, 1986), 27-8<person-group>
                     <string-name>
                        <surname>Owen</surname>
                     </string-name>
                  </person-group>
                  <comment content-type="section">Plato and Parmenides on the timeless present</comment>
                  <fpage>27</fpage>
                  <source>Logic, Science and Dialectic</source>
                  <year>1986</year>
               </mixed-citation>
            </p>
         </fn>
         <fn id="d2021e1318a1310">
            <label>33</label>
            <p>
               <mixed-citation id="d2021e1325" publication-type="other">
Tarin
(n. 30), 119</mixed-citation>
            </p>
            <p>
               <mixed-citation id="d2021e1334" publication-type="other">
Gallop (n. 5), 68</mixed-citation>
            </p>
         </fn>
         <fn id="d2021e1341a1310">
            <label>34</label>
            <p>
               <mixed-citation id="d2021e1348" publication-type="other">
Curd's interesting interpretation ([n. 1], 95-6)</mixed-citation>
            </p>
         </fn>
         <fn id="d2021e1356a1310">
            <label>35</label>
            <p>
               <mixed-citation id="d2021e1363" publication-type="other">
von Fritz (n. 21), 45-7</mixed-citation>
            </p>
            <p>
               <mixed-citation id="d2021e1369" publication-type="journal">
G. Vlastos takes the same line: 'Review of J. Zafiropoulo L'École
éléate', Gnomon 25 (1953), 168<person-group>
                     <string-name>
                        <surname>Vlastos</surname>
                     </string-name>
                  </person-group>
                  <fpage>168</fpage>
                  <volume>25</volume>
                  <source>Gnomon</source>
                  <year>1953</year>
               </mixed-citation>
            </p>
         </fn>
         <fn id="d2021e1401a1310">
            <label>36</label>
            <p>
               <mixed-citation id="d2021e1408" publication-type="other">
Barnes's translation (n. 6), 179</mixed-citation>
            </p>
            <p>
               <mixed-citation id="d2021e1414" publication-type="other">
'Knowing and the goal (or aim or
motive) of knowledge are the same', [n. 8], 721</mixed-citation>
            </p>
            <p>
               <mixed-citation id="d2021e1423" publication-type="other">
Gallop (n. 5), 71</mixed-citation>
            </p>
            <p>
               <mixed-citation id="d2021e1430" publication-type="other">
Curd (n. 1), 89-90</mixed-citation>
            </p>
         </fn>
         <fn id="d2021e1437a1310">
            <label>37</label>
            <p>
               <mixed-citation id="d2021e1444" publication-type="other">
Sedley (n. 1, 120)</mixed-citation>
            </p>
         </fn>
         <fn id="d2021e1451a1310">
            <label>38</label>
            <p>
               <mixed-citation id="d2021e1458" publication-type="other">
Long (n. 1), 140-6</mixed-citation>
            </p>
            <p>
               <mixed-citation id="d2021e1464" publication-type="journal">
I. Crystal, 'Parmenidean allusions in Republic V', Ancient Philosophy 16 (1996),
351-63<person-group>
                     <string-name>
                        <surname>Crystal</surname>
                     </string-name>
                  </person-group>
                  <fpage>351</fpage>
                  <volume>16</volume>
                  <source>Ancient Philosophy</source>
                  <year>1996</year>
               </mixed-citation>
            </p>
         </fn>
         <fn id="d2021e1496a1310">
            <label>39</label>
            <p>
               <mixed-citation id="d2021e1503" publication-type="other">
n. 37</mixed-citation>
            </p>
         </fn>
         <fn id="d2021e1510a1310">
            <label>40</label>
            <p>
               <mixed-citation id="d2021e1517" publication-type="book">
A. H. Coxon, The Fragments of Parmenides (Assen and Maastrict, 1986), 168<person-group>
                     <string-name>
                        <surname>Coxon</surname>
                     </string-name>
                  </person-group>
                  <fpage>168</fpage>
                  <source>The Fragments of Parmenides</source>
                  <year>1986</year>
               </mixed-citation>
            </p>
            <p>
               <mixed-citation id="d2021e1541" publication-type="other">
Sedley (n. 1), 120</mixed-citation>
            </p>
            <p>
               <mixed-citation id="d2021e1547" publication-type="other">
Long
(n. 1), 142</mixed-citation>
            </p>
         </fn>
         <fn id="d2021e1558a1310">
            <label>41</label>
            <p>
               <mixed-citation id="d2021e1565" publication-type="other">
Crystal (n. 38), 351-7</mixed-citation>
            </p>
         </fn>
      </fn-group>
   </back>
</article>
