<article xmlns:xsi="http://www.w3.org/2001/XMLSchema-instance"
         xmlns:xlink="http://www.w3.org/1999/xlink"
         xmlns:mml="http://www.w3.org/1998/Math/MathML"
         dtd-version="1.0"
         article-type="research-article">
   <front>
      <journal-meta>
         <journal-id journal-id-type="jstor">clasquar</journal-id>
         <journal-id journal-id-type="jstor">j100124</journal-id>
         <journal-title-group>
            <journal-title>The Classical Quarterly</journal-title>
         </journal-title-group>
         <publisher>
            <publisher-name>Oxford University Press</publisher-name>
         </publisher>
         <issn pub-type="ppub">00098388</issn>
         <issn pub-type="epub">14716844</issn>
      </journal-meta>
      <article-meta>
         <article-id pub-id-type="jstor">3556246</article-id>
         <title-group>
            <article-title>Epic and Epigram: Minor Heroes in Virgil's "Aeneid"</article-title>
         </title-group>
         <contrib-group>
            <contrib contrib-type="author">
               <string-name>
                  <given-names>Martin</given-names>
                  <surname>Dinter</surname>
               </string-name>
            </contrib>
         </contrib-group>
         <pub-date>
            <day>1</day>
            <month>5</month>
            <year>2005</year>
         </pub-date>
         <volume>55</volume>
         <issue>1</issue>
         <issue-id>i369257</issue-id>
         <fpage>153</fpage>
         <lpage>169</lpage>
         <page-range>153-169</page-range>
         <permissions>
            <copyright-statement>Copyright 2005 The Classical Association</copyright-statement>
         </permissions>
         <self-uri xlink:href="http://www.jstor.org/stable/3556246"/>
         <custom-meta-group>
            <custom-meta>
               <meta-name>lang</meta-name>
               <meta-value>eng</meta-value>
            </custom-meta>
         </custom-meta-group>
      </article-meta>
   </front>
   <back>
      <fn-group>
         <title>[Footnotes]</title>
         <fn id="d8168e114a1310">
            <label>1</label>
            <p>
               <mixed-citation id="d8168e121" publication-type="journal">
Ps. Plut. De Hornm. 2.215 (ed. Kindstrand)<fpage>215</fpage>
                  <volume>2</volume>
                  <source>De Hornm.</source>
               </mixed-citation>
            </p>
            <p>
               <mixed-citation id="d8168e136" publication-type="other">
A. Skiados, '[Unrepresented Characters] [Unrepresented Characters]', in Inschriften
der Griechen, ed. G. Pfohl,(Darmstadt, 1972), 61-6</mixed-citation>
            </p>
            <p>
               <mixed-citation id="d8168e145" publication-type="book">
Luck, Raubitschek,
and Pfohl in A. Dihle, L 'Épigramme Grecque, Entretiens de la Fondation Hardt 14 (Genève,
1968), 33<person-group>
                     <string-name>
                        <surname>Luck</surname>
                     </string-name>
                  </person-group>
                  <fpage>33</fpage>
                  <volume>14</volume>
                  <source>L 'Épigramme Grecque</source>
                  <year>1968</year>
               </mixed-citation>
            </p>
            <p>
               <mixed-citation id="d8168e180" publication-type="book">
R. F. Thomas, 'Melodious tears, sepulchral epigram and generic mobility', in
G. C Wakker (ed.), Genre in Hellenistic Poetry (Groningen, 1998), 206<person-group>
                     <string-name>
                        <surname>Thomas</surname>
                     </string-name>
                  </person-group>
                  <comment content-type="section">Melodious tears, sepulchral epigram and generic mobility</comment>
                  <fpage>206</fpage>
                  <source>Genre in Hellenistic Poetry</source>
                  <year>1998</year>
               </mixed-citation>
            </p>
            <p>
               <mixed-citation id="d8168e211" publication-type="journal">
CEG 1.432, 454<issue>432</issue>
                  <fpage>454</fpage>
                  <volume>1</volume>
                  <source>CEG</source>
               </mixed-citation>
            </p>
            <p>
               <mixed-citation id="d8168e229" publication-type="other">
n. 3</mixed-citation>
            </p>
         </fn>
         <fn id="d8168e236a1310">
            <label>2</label>
            <p>
               <mixed-citation id="d8168e243" publication-type="book">
Laura Rossi, The Epigrams Ascribed to Theocritus: A Method of Approach, Hellenistica
Groningana 5 (Leuven and Sterling, VA, 2001) demonstrates this in detail: 6-9 on votive,
9-13 on funerary epigrams.<person-group>
                     <string-name>
                        <surname>Rossi</surname>
                     </string-name>
                  </person-group>
                  <fpage>6</fpage>
                  <volume>5</volume>
                  <source>The Epigrams Ascribed to Theocritus: A Method of Approach</source>
                  <year>2001</year>
               </mixed-citation>
            </p>
         </fn>
         <fn id="d8168e278a1310">
            <label>3</label>
            <p>
               <mixed-citation id="d8168e285" publication-type="book">
Marco Fantuzzi and R. L. Hunter, Muse e modelli: la poesia ellenistica da Alessandro
Magno ad Augusto (Roma, 2002), 392-3<person-group>
                     <string-name>
                        <surname>Fantuzzi</surname>
                     </string-name>
                  </person-group>
                  <fpage>392</fpage>
                  <source>Muse e modelli: la poesia ellenistica da Alessandro Magno ad Augusto</source>
                  <year>2002</year>
               </mixed-citation>
            </p>
            <p>
               <mixed-citation id="d8168e313" publication-type="journal">
CEG 1.454<fpage>454</fpage>
                  <volume>1</volume>
                  <source>CEG</source>
               </mixed-citation>
            </p>
            <p>
               <mixed-citation id="d8168e328" publication-type="other">
'un caso del tutto isolato' (393)</mixed-citation>
            </p>
         </fn>
         <fn id="d8168e335a1310">
            <label>4</label>
            <p>
               <mixed-citation id="d8168e342" publication-type="journal">
Ruth Scodel, 'Inscription, absence and memory: epic and early epitaph', SIFC 10 (1992),
59.<person-group>
                     <string-name>
                        <surname>Scodel</surname>
                     </string-name>
                  </person-group>
                  <fpage>59</fpage>
                  <volume>10</volume>
                  <source>SIFC</source>
                  <year>1992</year>
               </mixed-citation>
            </p>
         </fn>
         <fn id="d8168e375a1310">
            <label>5</label>
            <p>
               <mixed-citation id="d8168e382" publication-type="journal">
Irene J. F. De Jong, 'The voice of anonymity: tis-speeches in the Iliad', Eranos 85 (1987),
77.<person-group>
                     <string-name>
                        <surname>De Jong</surname>
                     </string-name>
                  </person-group>
                  <fpage>77</fpage>
                  <volume>85</volume>
                  <source>Eranos</source>
                  <year>1987</year>
               </mixed-citation>
            </p>
         </fn>
         <fn id="d8168e414a1310">
            <label>6</label>
            <p>
               <mixed-citation id="d8168e421" publication-type="journal">
Il. 12.328<fpage>328</fpage>
                  <volume>12</volume>
                  <source>Il.</source>
               </mixed-citation>
            </p>
         </fn>
         <fn id="d8168e437a1310">
            <label>7</label>
            <p>
               <mixed-citation id="d8168e444" publication-type="journal">
M. M. Willcock, 'Battle scenes in the Aeneid', PCPhS 29 (1984), 92<person-group>
                     <string-name>
                        <surname>Willcock</surname>
                     </string-name>
                  </person-group>
                  <fpage>92</fpage>
                  <volume>29</volume>
                  <source>PCPhS</source>
                  <year>1984</year>
               </mixed-citation>
            </p>
         </fn>
         <fn id="d8168e473a1310">
            <label>8</label>
            <p>
               <mixed-citation id="d8168e480" publication-type="book">
John Henderson, 'Form remade/Statius Thebaid', in A. J. Boyle (ed.), Roman Epic
(London, 1993), 174<person-group>
                     <string-name>
                        <surname>Henderson</surname>
                     </string-name>
                  </person-group>
                  <comment content-type="section">Form remade/Statius Thebaid</comment>
                  <fpage>174</fpage>
                  <source>Roman Epic</source>
                  <year>1993</year>
               </mixed-citation>
            </p>
         </fn>
         <fn id="d8168e512a1310">
            <label>9</label>
            <p>
               <mixed-citation id="d8168e519" publication-type="book">
Werner Peek, Griechische Vers-
Inschriften (Berlin, 1955), GG 217 (first century B.C.)<person-group>
                     <string-name>
                        <surname>Peek</surname>
                     </string-name>
                  </person-group>
                  <fpage>217</fpage>
                  <source>Griechische Vers-Inschriften</source>
                  <year>1955</year>
               </mixed-citation>
            </p>
         </fn>
         <fn id="d8168e548a1310">
            <label>10</label>
            <p>
               <mixed-citation id="d8168e555" publication-type="journal">
AP
9.457 passim<fpage>457</fpage>
                  <volume>9</volume>
                  <source>AP</source>
               </mixed-citation>
            </p>
         </fn>
         <fn id="d8168e575a1310">
            <label>11</label>
            <p>
               <mixed-citation id="d8168e582" publication-type="book">
Gisela Strasburger, Die kleinen Kämpfer in der Ilias (Fankfurt, 1954), 16<person-group>
                     <string-name>
                        <surname>Strasburger</surname>
                     </string-name>
                  </person-group>
                  <fpage>16</fpage>
                  <source>Die kleinen Kämpfer in der Ilias</source>
                  <year>1954</year>
               </mixed-citation>
            </p>
         </fn>
         <fn id="d8168e607a1310">
            <label>12</label>
            <p>
               <mixed-citation id="d8168e614" publication-type="journal">
G. B. Walsh, 'Callimachean passages: the rhetoric of epitaph in epigram', Arethusa 24
(1991), 88.<person-group>
                     <string-name>
                        <surname>Walsh</surname>
                     </string-name>
                  </person-group>
                  <fpage>88</fpage>
                  <volume>24</volume>
                  <source>Arethusa</source>
                  <year>1991</year>
               </mixed-citation>
            </p>
         </fn>
         <fn id="d8168e646a1310">
            <label>13</label>
            <p>
               <mixed-citation id="d8168e653" publication-type="other">
Rossi (n. 2), 13</mixed-citation>
            </p>
         </fn>
         <fn id="d8168e660a1310">
            <label>14</label>
            <p>
               <mixed-citation id="d8168e667" publication-type="other">
Walsh (n. 12), 78.</mixed-citation>
            </p>
         </fn>
         <fn id="d8168e674a1310">
            <label>15</label>
            <p>
               <mixed-citation id="d8168e681" publication-type="book">
Jasper Griffin, Homer on Life and Death (Oxford, 1980), 106-42<person-group>
                     <string-name>
                        <surname>Griffin</surname>
                     </string-name>
                  </person-group>
                  <fpage>106</fpage>
                  <source>Homer on Life and Death</source>
                  <year>1980</year>
               </mixed-citation>
            </p>
            <p>
               <mixed-citation id="d8168e705" publication-type="journal">
Iphition Il. 20.389-92<fpage>389</fpage>
                  <volume>20</volume>
                  <source>Iphition Il.</source>
               </mixed-citation>
            </p>
            <p>
               <mixed-citation id="d8168e720" publication-type="journal">
Xanthus and Thoos Il. 5.152-60<person-group>
                     <string-name>
                        <surname>Xanthus</surname>
                     </string-name>
                  </person-group>
                  <fpage>152</fpage>
                  <volume>5</volume>
                  <source>Il.</source>
               </mixed-citation>
            </p>
            <p>
               <mixed-citation id="d8168e745" publication-type="journal">
Harpalion
Il. 5.643<person-group>
                     <string-name>
                        <surname>Harpalion</surname>
                     </string-name>
                  </person-group>
                  <fpage>643</fpage>
                  <volume>5</volume>
                  <source>Il.</source>
               </mixed-citation>
            </p>
            <p>
               <mixed-citation id="d8168e773" publication-type="journal">
Polydorus Il. 20.407-12<person-group>
                     <string-name>
                        <surname>Polydorus</surname>
                     </string-name>
                  </person-group>
                  <fpage>407</fpage>
                  <volume>20</volume>
                  <source>Il.</source>
               </mixed-citation>
            </p>
            <p>
               <mixed-citation id="d8168e797" publication-type="other">
Imbrius
13.171-5</mixed-citation>
            </p>
            <p>
               <mixed-citation id="d8168e806" publication-type="journal">
Amphimachus and Nastes Il. 2.872-4<person-group>
                     <string-name>
                        <surname>Amphimachus</surname>
                     </string-name>
                  </person-group>
                  <fpage>872</fpage>
                  <volume>2</volume>
                  <source>Il.</source>
               </mixed-citation>
            </p>
         </fn>
         <fn id="d8168e831a1310">
            <label>16</label>
            <p>
               <mixed-citation id="d8168e838" publication-type="other">
Rossi (n. 2), 12-13</mixed-citation>
            </p>
            <p>
               <mixed-citation id="d8168e844" publication-type="book">
R. Lattimore, Themes in Greek and Latin Epitaphs (Urbana,
1942)<person-group>
                     <string-name>
                        <surname>Lattimore</surname>
                     </string-name>
                  </person-group>
                  <source>Themes in Greek and Latin Epitaphs</source>
                  <year>1942</year>
               </mixed-citation>
            </p>
            <p>
               <mixed-citation id="d8168e868" publication-type="other">
'The untimely dead' (184-6)</mixed-citation>
            </p>
            <p>
               <mixed-citation id="d8168e875" publication-type="other">
'Children buried by
parents' (187-91)</mixed-citation>
            </p>
            <p>
               <mixed-citation id="d8168e884" publication-type="other">
'Death before marriage' (192-94)</mixed-citation>
            </p>
            <p>
               <mixed-citation id="d8168e890" publication-type="other">
'Away from home'
(199-201)</mixed-citation>
            </p>
         </fn>
         <fn id="d8168e901a1310">
            <label>17</label>
            <p>
               <mixed-citation id="d8168e908" publication-type="book">
Wilhelm Pape and Gustav E. Benseler, Wörterbuch der griechischen Eigennamen, 2 vols.
(Braunschweig, &lt;latex&gt;$1911^3$&lt;/latex&gt;), 581.<person-group>
                     <string-name>
                        <surname>Pape</surname>
                     </string-name>
                  </person-group>
                  <fpage>581</fpage>
                  <source>Wörterbuch der griechischen Eigennamen</source>
                  <year>1911</year>
               </mixed-citation>
            </p>
         </fn>
         <fn id="d8168e937a1310">
            <label>18</label>
            <p>
               <mixed-citation id="d8168e944" publication-type="other">
Ibid. 1083.</mixed-citation>
            </p>
         </fn>
         <fn id="d8168e951a1310">
            <label>19</label>
            <p>
               <mixed-citation id="d8168e958" publication-type="book">
R. L. Hunter, The Argonautica of Apollonius, Literary Studies (Cambridge, 1993), 43<person-group>
                     <string-name>
                        <surname>Hunter</surname>
                     </string-name>
                  </person-group>
                  <fpage>43</fpage>
                  <source>The Argonautica of Apollonius, Literary Studies</source>
                  <year>1993</year>
               </mixed-citation>
            </p>
            <p>
               <mixed-citation id="d8168e982" publication-type="other">
Griffin (n. 15), 139</mixed-citation>
            </p>
         </fn>
         <fn id="d8168e989a1310">
            <label>20</label>
            <p>
               <mixed-citation id="d8168e996" publication-type="book">
Karl Reinhardt, Die Ilias und ihr Dichter, ed. Uvo Hölscher (Göttingen, 1961), 430.<person-group>
                     <string-name>
                        <surname>Reinhardt</surname>
                     </string-name>
                  </person-group>
                  <fpage>430</fpage>
                  <source>Die Ilias und ihr Dichter</source>
                  <year>1961</year>
               </mixed-citation>
            </p>
         </fn>
         <fn id="d8168e1021a1310">
            <label>21</label>
            <p>
               <mixed-citation id="d8168e1028" publication-type="book">
Philip R. Hardie, Virgil, G&amp;R New Surveys (Oxford, 1998), 57-63<person-group>
                     <string-name>
                        <surname>Hardie</surname>
                     </string-name>
                  </person-group>
                  <fpage>57</fpage>
                  <source>Virgil</source>
                  <year>1998</year>
               </mixed-citation>
            </p>
         </fn>
         <fn id="d8168e1053a1310">
            <label>22</label>
            <p>
               <mixed-citation id="d8168e1060" publication-type="other">
Thomas (n. 1), 214-16.</mixed-citation>
            </p>
         </fn>
         <fn id="d8168e1068a1310">
            <label>23</label>
            <p>
               <mixed-citation id="d8168e1075" publication-type="journal">
A. Foulon, 'La Mort et l'Au-Delà chez Properce', REL 74 (1996), 164-5.<person-group>
                     <string-name>
                        <surname>Foulon</surname>
                     </string-name>
                  </person-group>
                  <fpage>164</fpage>
                  <volume>74</volume>
                  <source>REL</source>
                  <year>1996</year>
               </mixed-citation>
            </p>
         </fn>
         <fn id="d8168e1104a1310">
            <label>24</label>
            <p>
               <mixed-citation id="d8168e1111" publication-type="other">
Rossi (n. 2), 86-91.</mixed-citation>
            </p>
         </fn>
         <fn id="d8168e1118a1310">
            <label>25</label>
            <p>
               <mixed-citation id="d8168e1125" publication-type="other">
Jürgen Paul Schwindt, 'Literaturgeschichtsschreibung und immanente Literaturgeschichte.
Bausteine literaturhistorischen Bewußtseins in Rom', in E.A. Schmidt (ed.), L 'histoire littéraire
immanente dans la poésie latine: huit exposés suivis de discussions, Entretiens sur l'Antiquité
classique 47 (Genève, 2001), 11-14, at 12.</mixed-citation>
            </p>
         </fn>
         <fn id="d8168e1141a1310">
            <label>26</label>
            <p>
               <mixed-citation id="d8168e1148" publication-type="other">
Thomas (n. 1), 218</mixed-citation>
            </p>
         </fn>
         <fn id="d8168e1155a1310">
            <label>27</label>
            <p>
               <mixed-citation id="d8168e1162" publication-type="book">
Philip R. Hardie, Ovid's Poetics of Illusion (Cambridge, 2002), 96.<person-group>
                     <string-name>
                        <surname>Hardie</surname>
                     </string-name>
                  </person-group>
                  <fpage>96</fpage>
                  <source>Ovid's Poetics of Illusion</source>
                  <year>2002</year>
               </mixed-citation>
            </p>
         </fn>
         <fn id="d8168e1187a1310">
            <label>28</label>
            <p>
               <mixed-citation id="d8168e1194" publication-type="other">
Thomas (n. 1), 218</mixed-citation>
            </p>
            <p>
               <mixed-citation id="d8168e1200" publication-type="book">
Robin R. Schlunk, The Homeric Scholia and the Aeneid: A Study of
the Influence of Ancient Homeric Literary Criticism on Vergil (Ann Arbor, 1974), 22<person-group>
                     <string-name>
                        <surname>Schlunk</surname>
                     </string-name>
                  </person-group>
                  <fpage>22</fpage>
                  <source>The Homeric Scholia and the Aeneid: A Study of the Influence of Ancient Homeric Literary Criticism on Vergil</source>
                  <year>1974</year>
               </mixed-citation>
            </p>
         </fn>
         <fn id="d8168e1230a1310">
            <label>29</label>
            <p>
               <mixed-citation id="d8168e1237" publication-type="book">
Jeffrey Wills, Repetition in Latin Poetry: Figures of Allusion (Oxford, 1996), 145<person-group>
                     <string-name>
                        <surname>Wills</surname>
                     </string-name>
                  </person-group>
                  <fpage>145</fpage>
                  <source>Repetition in Latin Poetry: Figures of Allusion</source>
                  <year>1996</year>
               </mixed-citation>
            </p>
         </fn>
         <fn id="d8168e1262a1310">
            <label>30</label>
            <p>
               <mixed-citation id="d8168e1269" publication-type="book">
Nicholas Horsfall, Virgil,
Aeneid 7:A Commentary, Mnemos. bibliotheca classica Batava, Supplementum 198 (Leiden
and Boston, MA, 2000)<person-group>
                     <string-name>
                        <surname>Horsfall</surname>
                     </string-name>
                  </person-group>
                  <volume>198</volume>
                  <source>Virgil, Aeneid 7:A Commentary</source>
                  <year>2000</year>
               </mixed-citation>
            </p>
            <p>
               <mixed-citation id="d8168e1300" publication-type="journal">
Aen. 7.1<fpage>1</fpage>
                  <volume>7</volume>
                  <source>Aen.</source>
               </mixed-citation>
            </p>
         </fn>
         <fn id="d8168e1316a1310">
            <label>31</label>
            <p>
               <mixed-citation id="d8168e1323" publication-type="book">
S. Kyriakidis, Narrative Structure and
Poetics in the Aeneid, The Frame of Book 6 (Bari, 1998)<person-group>
                     <string-name>
                        <surname>Kyriakidis</surname>
                     </string-name>
                  </person-group>
                  <volume>6</volume>
                  <source>Narrative Structure and Poetics in the Aeneid, The Frame of Book</source>
                  <year>1998</year>
               </mixed-citation>
            </p>
         </fn>
         <fn id="d8168e1352a1310">
            <label>32</label>
            <p>
               <mixed-citation id="d8168e1359" publication-type="journal">
AP 7.494-506<fpage>494</fpage>
                  <volume>7</volume>
                  <source>AP</source>
               </mixed-citation>
            </p>
            <p>
               <mixed-citation id="d8168e1374" publication-type="journal">
A. Barchiesi, 'Palinuro e Caieta, due
"Epigrammi" Virgiliani (Aen. V 870 sg.; VII 1-4)', Maia 31 (1979), 6-7<person-group>
                     <string-name>
                        <surname>Barchiesi</surname>
                     </string-name>
                  </person-group>
                  <fpage>6</fpage>
                  <volume>31</volume>
                  <source>Maia</source>
                  <year>1979</year>
               </mixed-citation>
            </p>
            <p>
               <mixed-citation id="d8168e1405" publication-type="book">
A. S. F. Gow, and
D. L. Page, The Greek Anthology, 2 vols (Cambridge, 1965), 2.368<person-group>
                     <string-name>
                        <surname>Gow</surname>
                     </string-name>
                  </person-group>
                  <fpage>368</fpage>
                  <volume>2</volume>
                  <source>The Greek Anthology</source>
                  <year>1965</year>
               </mixed-citation>
            </p>
            <p>
               <mixed-citation id="d8168e1437" publication-type="other">
tombe senza nome, 382-
413</mixed-citation>
            </p>
            <p>
               <mixed-citation id="d8168e1446" publication-type="other">
Fantuzzi and Hunter (n. 3)</mixed-citation>
            </p>
         </fn>
         <fn id="d8168e1453a1310">
            <label>33</label>
            <p>
               <mixed-citation id="d8168e1460" publication-type="journal">
Peter Bing, "'Ergänzungsspiel" in the epigrams of Callimachus', Antike und
Abendland 41 (1995), 116<person-group>
                     <string-name>
                        <surname>Bing</surname>
                     </string-name>
                  </person-group>
                  <fpage>116</fpage>
                  <volume>41</volume>
                  <source>Antike und Abendland</source>
                  <year>1995</year>
               </mixed-citation>
            </p>
         </fn>
         <fn id="d8168e1492a1310">
            <label>34</label>
            <p>
               <mixed-citation id="d8168e1499" publication-type="book">
Philip R. Hardie, The Epic Successors of Virgil: A Study in the Dynamics of a Tradition
(Cambridge and New York, 1993), 4.<person-group>
                     <string-name>
                        <surname>Hardie</surname>
                     </string-name>
                  </person-group>
                  <fpage>4</fpage>
                  <source>The Epic Successors of Virgil: A Study in the Dynamics of a Tradition</source>
                  <year>1993</year>
               </mixed-citation>
            </p>
         </fn>
         <fn id="d8168e1529a1310">
            <label>35</label>
            <p>
               <mixed-citation id="d8168e1536" publication-type="journal">
W. Nicoll, 'The sacrifice of Palinurus', CQ 38 (1988), 466-70<object-id pub-id-type="jstor">10.2307/638991</object-id>
                  <fpage>466</fpage>
               </mixed-citation>
            </p>
            <p>
               <mixed-citation id="d8168e1548" publication-type="other">
Hardie (n. 34), 33</mixed-citation>
            </p>
            <p>
               <mixed-citation id="d8168e1554" publication-type="other">
Palinurus represents 'a side of Aeneas' character
which must be discarded before he can achieve his goal' (Nicoll, 467-8)</mixed-citation>
            </p>
         </fn>
         <fn id="d8168e1564a1310">
            <label>36</label>
            <p>
               <mixed-citation id="d8168e1571" publication-type="other">
Nicoll (n. 35), 463-5</mixed-citation>
            </p>
            <p>
               <mixed-citation id="d8168e1577" publication-type="journal">
A. Schiesaro, 'Virgil in Bloomsbury', Proceedings of the Virgil Society 24 (2001), 41-3<person-group>
                     <string-name>
                        <surname>Schiesaro</surname>
                     </string-name>
                  </person-group>
                  <fpage>41</fpage>
                  <volume>24</volume>
                  <source>Proceedings of the Virgil Society</source>
                  <year>2001</year>
               </mixed-citation>
            </p>
         </fn>
         <fn id="d8168e1606a1310">
            <label>37</label>
            <p>
               <mixed-citation id="d8168e1613" publication-type="book">
Richard Jenkyns, Virgil's Experience: Nature and History, Times, Names, and Places
(Oxford, 1998), 462-6<person-group>
                     <string-name>
                        <surname>Jenkyns</surname>
                     </string-name>
                  </person-group>
                  <fpage>462</fpage>
                  <source>Virgil's Experience: Nature and History, Times, Names, and Places</source>
                  <year>1998</year>
               </mixed-citation>
            </p>
         </fn>
         <fn id="d8168e1642a1310">
            <label>39</label>
            <p>
               <mixed-citation id="d8168e1649" publication-type="other">
Servius ad loc.</mixed-citation>
            </p>
         </fn>
         <fn id="d8168e1656a1310">
            <label>40</label>
            <p>
               <mixed-citation id="d8168e1663" publication-type="book">
Hubert Cancik et al. (edd.), Der neue Pauly: Enzyklopädie der Antike (Stuttgart,
1996), 8.262<person-group>
                     <string-name>
                        <surname>Cancik</surname>
                     </string-name>
                  </person-group>
                  <fpage>262</fpage>
                  <volume>8</volume>
                  <source>Der neue Pauly: Enzyklopädie der Antike</source>
                  <year>1996</year>
               </mixed-citation>
            </p>
         </fn>
         <fn id="d8168e1695a1310">
            <label>41</label>
            <p>
               <mixed-citation id="d8168e1702" publication-type="other">
Wills (n. 29), 199.</mixed-citation>
            </p>
         </fn>
         <fn id="d8168e1710a1310">
            <label>42</label>
            <p>
               <mixed-citation id="d8168e1719" publication-type="book">
Stephen Hinds, Allusion and Intertext: Dynamics of Appropriation in Roman Poetry
(Cambridge, 1998), 109-11<person-group>
                     <string-name>
                        <surname>Hinds</surname>
                     </string-name>
                  </person-group>
                  <fpage>109</fpage>
                  <source>Allusion and Intertext: Dynamics of Appropriation in Roman Poetry</source>
                  <year>1998</year>
               </mixed-citation>
            </p>
            <p>
               <mixed-citation id="d8168e1747" publication-type="journal">
Met. 14.157 and
441-5<issue>157</issue>
                  <fpage>441</fpage>
                  <volume>14</volume>
                  <source>Met.</source>
               </mixed-citation>
            </p>
            <p>
               <mixed-citation id="d8168e1770" publication-type="journal">
Met. 14.158-440<fpage>158</fpage>
                  <volume>14</volume>
                  <source>Met.</source>
               </mixed-citation>
            </p>
         </fn>
         <fn id="d8168e1786a1310">
            <label>43</label>
            <p>
               <mixed-citation id="d8168e1793" publication-type="book">
R. Thomas, 'From recusatio to commitment: the evolution of the Virgilian program', in
R. Thomas (ed.), Reading Virgil and his Texts: Studies in Intertextuality (Ann Arbor, 1999),
105-6, 110.<person-group>
                     <string-name>
                        <surname>Thomas</surname>
                     </string-name>
                  </person-group>
                  <comment content-type="section">From recusatio to commitment: the evolution of the Virgilian program</comment>
                  <fpage>105</fpage>
                  <source>Reading Virgil and his Texts: Studies in Intertextuality</source>
                  <year>1999</year>
               </mixed-citation>
            </p>
         </fn>
         <fn id="d8168e1828a1310">
            <label>44</label>
            <p>
               <mixed-citation id="d8168e1835" publication-type="other">
Kyriakidis (n. 31), 79-83.</mixed-citation>
            </p>
         </fn>
         <fn id="d8168e1842a1310">
            <label>45</label>
            <p>
               <mixed-citation id="d8168e1849" publication-type="book">
K. Galinsky, Aeneas, Sicily and Rome (Princeton, 1969), 105<person-group>
                     <string-name>
                        <surname>Galinsky</surname>
                     </string-name>
                  </person-group>
                  <fpage>105</fpage>
                  <source>Aeneas, Sicily and Rome</source>
                  <year>1969</year>
               </mixed-citation>
            </p>
            <p>
               <mixed-citation id="d8168e1873" publication-type="other">
Horsfall
(n. 30)</mixed-citation>
            </p>
         </fn>
         <fn id="d8168e1883a1310">
            <label>46</label>
            <p>
               <mixed-citation id="d8168e1890" publication-type="book">
R. O. A. M.
Lyne, Further Voices in Vergil's Aeneid (Oxford, 1987)<person-group>
                     <string-name>
                        <surname>Lyne</surname>
                     </string-name>
                  </person-group>
                  <source>Further Voices in Vergil's Aeneid</source>
                  <year>1987</year>
               </mixed-citation>
            </p>
         </fn>
         <fn id="d8168e1915a1310">
            <label>47</label>
            <p>
               <mixed-citation id="d8168e1922" publication-type="other">
note 9</mixed-citation>
            </p>
         </fn>
         <fn id="d8168e1930a1310">
            <label>48</label>
            <p>
               <mixed-citation id="d8168e1937" publication-type="journal">
Il. 20.407-18<fpage>407</fpage>
                  <volume>20</volume>
                  <source>Il.</source>
               </mixed-citation>
            </p>
            <p>
               <mixed-citation id="d8168e1952" publication-type="other">
22.46-7</mixed-citation>
            </p>
         </fn>
         <fn id="d8168e1959a1310">
            <label>49</label>
            <p>
               <mixed-citation id="d8168e1966" publication-type="journal">
M. C. J. Putnam, 'The third book of the Aeneid: from Homer to Rome', Ramus 9
(1980), 2-4<person-group>
                     <string-name>
                        <surname>Putnam</surname>
                     </string-name>
                  </person-group>
                  <fpage>2</fpage>
                  <volume>9</volume>
                  <source>Ramus</source>
                  <year>1980</year>
               </mixed-citation>
            </p>
         </fn>
         <fn id="d8168e1998a1310">
            <label>50</label>
            <p>
               <mixed-citation id="d8168e2005" publication-type="book">
E. Norden, P. Vergilius Maro Aeneis Buch VI (Leipzig, &lt;latex&gt;$1917^2$&lt;/latex&gt;), 506 ff.<person-group>
                     <string-name>
                        <surname>Norden</surname>
                     </string-name>
                  </person-group>
                  <fpage>506</fpage>
                  <source>Vergilius Maro Aeneis Buch VI</source>
                  <year>1917</year>
               </mixed-citation>
            </p>
         </fn>
         <fn id="d8168e2030a1310">
            <label>51</label>
            <p>
               <mixed-citation id="d8168e2037" publication-type="journal">
C. Fuqua, 'Hector, Sychaeus, and Deiphobus: three mutilated figures in Aeneid 1-6',
CPh 77 (1982), 238-9<object-id pub-id-type="jstor">10.2307/270250</object-id>
                  <fpage>238</fpage>
               </mixed-citation>
            </p>
         </fn>
         <fn id="d8168e2053a1310">
            <label>52</label>
            <p>
               <mixed-citation id="d8168e2060" publication-type="other">
Hardie (n. 27), 185</mixed-citation>
            </p>
         </fn>
         <fn id="d8168e2067a1310">
            <label>53</label>
            <p>
               <mixed-citation id="d8168e2074" publication-type="other">
Thomas (n. 1), 219</mixed-citation>
            </p>
            <p>
               <mixed-citation id="d8168e2080" publication-type="other">
CE 385, 814, 1068, and 1105</mixed-citation>
            </p>
         </fn>
         <fn id="d8168e2088a1310">
            <label>54</label>
            <p>
               <mixed-citation id="d8168e2095" publication-type="book">
Eduard Fraenkel, 'Urbem quam statuo vestra est', in Eduard Fraenkel (ed.), Kleine
Beiträge zur klassischen Philologie (Rome, 1964), 140-1<person-group>
                     <string-name>
                        <surname>Fraenkel</surname>
                     </string-name>
                  </person-group>
                  <comment content-type="section">Urbem quam statuo vestra est</comment>
                  <fpage>140</fpage>
                  <source>Kleine Beitrdge zur klassischen Philologie</source>
                  <year>1964</year>
               </mixed-citation>
            </p>
         </fn>
         <fn id="d8168e2127a1310">
            <label>55</label>
            <p>
               <mixed-citation id="d8168e2134" publication-type="journal">
AP 7.361, 453, 701<fpage>361</fpage>
                  <volume>7</volume>
                  <source>AP</source>
               </mixed-citation>
            </p>
         </fn>
         <fn id="d8168e2150a1310">
            <label>56</label>
            <p>
               <mixed-citation id="d8168e2157" publication-type="journal">
AP 6.122 and 124<fpage>122</fpage>
                  <volume>6</volume>
                  <source>AP</source>
               </mixed-citation>
            </p>
            <p>
               <mixed-citation id="d8168e2172" publication-type="journal">
AP 6.123<fpage>123</fpage>
                  <volume>6</volume>
                  <source>AP</source>
               </mixed-citation>
            </p>
            <p>
               <mixed-citation id="d8168e2187" publication-type="journal">
AP 6.91<fpage>91</fpage>
                  <volume>6</volume>
                  <source>AP</source>
               </mixed-citation>
            </p>
         </fn>
         <fn id="d8168e2203a1310">
            <label>57</label>
            <p>
               <mixed-citation id="d8168e2210" publication-type="other">
Rossi (n. 2), 8.</mixed-citation>
            </p>
         </fn>
         <fn id="d8168e2217a1310">
            <label>58</label>
            <p>
               <mixed-citation id="d8168e2224" publication-type="other">
OLD, sacer loc. cit.</mixed-citation>
            </p>
         </fn>
         <fn id="d8168e2231a1310">
            <label>59</label>
            <p>
               <mixed-citation id="d8168e2238" publication-type="journal">
Nicholas Horsfall, 'I pantaloni di Cloreo', RIFC 117 (1989), 57-60<person-group>
                     <string-name>
                        <surname>Horsfall</surname>
                     </string-name>
                  </person-group>
                  <fpage>57</fpage>
                  <volume>117</volume>
                  <source>RIFC</source>
                  <year>1989</year>
               </mixed-citation>
            </p>
            <p>
               <mixed-citation id="d8168e2266" publication-type="book">
K. W. Gransden
(ed.), Virgil, Aeneid, Book XI, Cambridge Greek and Latin classics (Cambridge, 1991), 23<person-group>
                     <string-name>
                        <surname>Gransden</surname>
                     </string-name>
                  </person-group>
                  <fpage>23</fpage>
                  <source>Virgil, Aeneid, Book XI</source>
                  <year>1991</year>
               </mixed-citation>
            </p>
         </fn>
         <fn id="d8168e2296a1310">
            <label>60</label>
            <p>
               <mixed-citation id="d8168e2303" publication-type="book">
Nicholas Horsfall, Virgil, Aeneid 11: A Commentary, Mnemos. bibliotheca classica
Batava, Supplementum 244 (Leiden, 2003), on 11.768<person-group>
                     <string-name>
                        <surname>Horsfall</surname>
                     </string-name>
                  </person-group>
                  <fpage>768</fpage>
                  <volume>11</volume>
                  <source>Virgil, Aeneid 11: A Commentary</source>
                  <year>2003</year>
               </mixed-citation>
            </p>
         </fn>
         <fn id="d8168e2335a1310">
            <label>61</label>
            <p>
               <mixed-citation id="d8168e2342" publication-type="other">
OLD</mixed-citation>
            </p>
         </fn>
         <fn id="d8168e2349a1310">
            <label>62</label>
            <p>
               <mixed-citation id="d8168e2356" publication-type="journal">
Od. 11.281<fpage>281</fpage>
                  <volume>11</volume>
                  <source>Od.</source>
               </mixed-citation>
            </p>
         </fn>
         <fn id="d8168e2372a1310">
            <label>63</label>
            <p>
               <mixed-citation id="d8168e2379" publication-type="book">
Nicholas Horsfall, A Companion to the Study of Virgil, Mnemos. bibliotheca classica
Batava, Supplementum 151 (Leiden and New York, 1995), 176-7<person-group>
                     <string-name>
                        <surname>Horsfall</surname>
                     </string-name>
                  </person-group>
                  <fpage>176</fpage>
                  <source>A Companion to the Study of Virgil</source>
                  <year>1995</year>
               </mixed-citation>
            </p>
            <p>
               <mixed-citation id="d8168e2407" publication-type="journal">
R. A. Hornsby, 'The armour of the slain', PhQ 45 (1966), 347-59<person-group>
                     <string-name>
                        <surname>Hornsby</surname>
                     </string-name>
                  </person-group>
                  <fpage>347</fpage>
                  <volume>45</volume>
                  <source>PhQ</source>
                  <year>1966</year>
               </mixed-citation>
            </p>
         </fn>
         <fn id="d8168e2436a1310">
            <label>64</label>
            <p>
               <mixed-citation id="d8168e2443" publication-type="book">
R. D. Williams (ed.), Aeneidos liber tertius (Oxford, 1962), ad loc.<person-group>
                     <string-name>
                        <surname>Williams</surname>
                     </string-name>
                  </person-group>
                  <source>Aeneidos liber tertius</source>
                  <year>1962</year>
               </mixed-citation>
            </p>
            <p>
               <mixed-citation id="d8168e2464" publication-type="journal">
D. West, 'In the wake
of Aeneas (Aeneid 3.274-88; 3.500-5; 8.200-3)', G&amp;R 41 (1994), 57-9<person-group>
                     <string-name>
                        <surname>West</surname>
                     </string-name>
                  </person-group>
                  <fpage>57</fpage>
                  <volume>41</volume>
                  <source>G&amp;R</source>
                  <year>1994</year>
               </mixed-citation>
            </p>
            <p>
               <mixed-citation id="d8168e2495" publication-type="book">
H.-P. Stahl, 'Political stop-overs on a mythological travel route: from
battling Harpies to the battle of Actium (Aen. 3.268-93)', in H.-P. Stahl (ed.) Vergil's Aeneid:
Augustan Epic and Political Context (London, 1998), 68-70<person-group>
                     <string-name>
                        <surname>Stahl</surname>
                     </string-name>
                  </person-group>
                  <comment content-type="section">Political stop-overs on a mythological travel route: from battling Harpies to the battle of Actium (Aen. 3.268-93)</comment>
                  <fpage>68</fpage>
                  <source>Vergil's Aeneid: Augustan Epic and Political Context</source>
                  <year>1998</year>
               </mixed-citation>
            </p>
            <p>
               <mixed-citation id="d8168e2530" publication-type="other">
'post-Actium propaganda' (70)</mixed-citation>
            </p>
            <p>
               <mixed-citation id="d8168e2536" publication-type="journal">
Aen. 4.702-3<fpage>702</fpage>
                  <volume>4</volume>
                  <source>Aen.</source>
               </mixed-citation>
            </p>
            <p>
               <mixed-citation id="d8168e2551" publication-type="other">
Thomas (n. 1), 216-17</mixed-citation>
            </p>
            <p>
               <mixed-citation id="d8168e2557" publication-type="journal">
Cat. 66, 19-20<fpage>19</fpage>
                  <volume>66</volume>
                  <source>Cat.</source>
               </mixed-citation>
            </p>
         </fn>
         <fn id="d8168e2573a1310">
            <label>65</label>
            <p>
               <mixed-citation id="d8168e2580" publication-type="other">
n. 24</mixed-citation>
            </p>
         </fn>
         <fn id="d8168e2588a1310">
            <label>66</label>
            <p>
               <mixed-citation id="d8168e2595" publication-type="journal">
AP 7.167, 178-80<fpage>167</fpage>
                  <volume>7</volume>
                  <source>AP</source>
               </mixed-citation>
            </p>
         </fn>
         <fn id="d8168e2611a1310">
            <label>67</label>
            <p>
               <mixed-citation id="d8168e2618" publication-type="book">
R. G. Austin, Aeneidos liber secundus (Oxford, 1964), ad loc.<person-group>
                     <string-name>
                        <surname>Austin</surname>
                     </string-name>
                  </person-group>
                  <source>Aeneidos liber secundus</source>
                  <year>1964</year>
               </mixed-citation>
            </p>
            <p>
               <mixed-citation id="d8168e2639" publication-type="journal">
CE 1515.7<fpage>7</fpage>
                  <volume>1515</volume>
                  <source>CE</source>
               </mixed-citation>
            </p>
            <p>
               <mixed-citation id="d8168e2654" publication-type="other">
737.10</mixed-citation>
            </p>
         </fn>
         <fn id="d8168e2661a1310">
            <label>68</label>
            <p>
               <mixed-citation id="d8168e2668" publication-type="journal">
Ps. Plut. De Hom. 2, 215<fpage>215</fpage>
                  <volume>2</volume>
                  <source>De Hom.</source>
               </mixed-citation>
            </p>
            <p>
               <mixed-citation id="d8168e2683" publication-type="other">
n. 1</mixed-citation>
            </p>
            <p>
               <mixed-citation id="d8168e2689" publication-type="other">
Eur. Andr. 105-112</mixed-citation>
            </p>
            <p>
               <mixed-citation id="d8168e2696" publication-type="journal">
Hecuba (Met. 13.512)<person-group>
                     <string-name>
                        <surname>Hecuba</surname>
                     </string-name>
                  </person-group>
                  <fpage>512</fpage>
                  <volume>13</volume>
                  <source>Met.</source>
               </mixed-citation>
            </p>
         </fn>
         <fn id="d8168e2721a1310">
            <label>69</label>
            <p>
               <mixed-citation id="d8168e2728" publication-type="other">
Scodel (n. 4)</mixed-citation>
            </p>
         </fn>
         <fn id="d8168e2735a1310">
            <label>70</label>
            <p>
               <mixed-citation id="d8168e2742" publication-type="book">
Michael Paschalis, Virgil's Aeneid: Semantic Relations and Proper Names (Oxford,
1997), 87.<person-group>
                     <string-name>
                        <surname>Paschalis</surname>
                     </string-name>
                  </person-group>
                  <fpage>87</fpage>
                  <source>Virgil's Aeneid: Semantic Relations and Proper Names</source>
                  <year>1997</year>
               </mixed-citation>
            </p>
         </fn>
         <fn id="d8168e2771a1310">
            <label>71</label>
            <p>
               <mixed-citation id="d8168e2778" publication-type="other">
Ibid. 96.</mixed-citation>
            </p>
         </fn>
         <fn id="d8168e2786a1310">
            <label>72</label>
            <p>
               <mixed-citation id="d8168e2793" publication-type="other">
Prop. 4.11</mixed-citation>
            </p>
            <p>
               <mixed-citation id="d8168e2799" publication-type="journal">
AP 7.163-5<fpage>163</fpage>
                  <volume>7</volume>
                  <source>AP</source>
               </mixed-citation>
            </p>
         </fn>
         <fn id="d8168e2815a1310">
            <label>73</label>
            <p>
               <mixed-citation id="d8168e2822" publication-type="book">
Philip R. Hardie, Virgil's Aeneid: Cosmos and Imperium (Oxford, 1986), 52-66, at 59<person-group>
                     <string-name>
                        <surname>Hardie</surname>
                     </string-name>
                  </person-group>
                  <fpage>52</fpage>
                  <source>Virgil's Aeneid: Cosmos and Imperium</source>
                  <year>1986</year>
               </mixed-citation>
            </p>
            <p>
               <mixed-citation id="d8168e2846" publication-type="journal">
Philip R. Hardie, 'Cosmological patterns in the Aeneid', PLLS 5 (1986), 87<person-group>
                     <string-name>
                        <surname>Hardie</surname>
                     </string-name>
                  </person-group>
                  <fpage>87</fpage>
                  <volume>5</volume>
                  <source>PLLS</source>
                  <year>1986</year>
               </mixed-citation>
            </p>
         </fn>
         <fn id="d8168e2875a1310">
            <label>74</label>
            <p>
               <mixed-citation id="d8168e2882" publication-type="book">
Don Fowler, 'Epic in the middle of the wood: mise en abyme in the Nisus and Euryalus
episode', in Alison Sharrock and Helen Morales (edd.), Intratextuality: Greek and Roman
Textual Relations (Oxford, 2000), 98.<person-group>
                     <string-name>
                        <surname>Fowler</surname>
                     </string-name>
                  </person-group>
                  <comment content-type="section">Epic in the middle of the wood: mise en abyme in the Nisus and Euryalus episode</comment>
                  <fpage>98</fpage>
                  <source>Greek and Roman Textual Relations</source>
                  <year>2000</year>
               </mixed-citation>
            </p>
         </fn>
         <fn id="d8168e2917a1310">
            <label>75</label>
            <p>
               <mixed-citation id="d8168e2924" publication-type="other">
Ibid. 104.</mixed-citation>
            </p>
         </fn>
         <fn id="d8168e2931a1310">
            <label>76</label>
            <p>
               <mixed-citation id="d8168e2938" publication-type="book">
feruntfama Hippolytum ... 7.765<fpage>765</fpage>
                  <volume>7</volume>
                  <source>feruntfama Hippolytum ...</source>
               </mixed-citation>
            </p>
         </fn>
         <fn id="d8168e2954a1310">
            <label>77</label>
            <p>
               <mixed-citation id="d8168e2961" publication-type="other">
Horsfall (n. 30), ad loc.</mixed-citation>
            </p>
         </fn>
         <fn id="d8168e2969a1310">
            <label>78</label>
            <p>
               <mixed-citation id="d8168e2976" publication-type="book">
Philip R. Hardie [ed.], Virgil, Aeneid, Book IX,
Cambridge Greek and Latin Classics [Cambridge, 1994], ad loc.<person-group>
                     <string-name>
                        <surname>Hardie</surname>
                     </string-name>
                  </person-group>
                  <source>Virgil, Aeneid, Book IX</source>
                  <year>1994</year>
               </mixed-citation>
            </p>
            <p>
               <mixed-citation id="d8168e3000" publication-type="other">
mutas agitare inglorius artes 12.391-7</mixed-citation>
            </p>
            <p>
               <mixed-citation id="d8168e3006" publication-type="other">
nihil auctor Apollo/subvenit 12.405-6</mixed-citation>
            </p>
            <p>
               <mixed-citation id="d8168e3013" publication-type="other">
12.429</mixed-citation>
            </p>
            <p>
               <mixed-citation id="d8168e3019" publication-type="book">
Virgil's maius
opus 7.45<person-group>
                     <string-name>
                        <surname>Virgil</surname>
                     </string-name>
                  </person-group>
                  <fpage>45</fpage>
                  <volume>7</volume>
                  <source>maius opus</source>
               </mixed-citation>
            </p>
         </fn>
         <fn id="d8168e3048a1310">
            <label>79</label>
            <p>
               <mixed-citation id="d8168e3055" publication-type="other">
Horsfall (n. 30), ad loc.</mixed-citation>
            </p>
         </fn>
         <fn id="d8168e3062a1310">
            <label>80</label>
            <p>
               <mixed-citation id="d8168e3069" publication-type="journal">
A. Parry, 'The two voices of Virgil's Aeneid', Arion 2 (1963), 110.<person-group>
                     <string-name>
                        <surname>Parry</surname>
                     </string-name>
                  </person-group>
                  <fpage>110</fpage>
                  <volume>2</volume>
                  <source>Arion</source>
                  <year>1963</year>
               </mixed-citation>
            </p>
         </fn>
         <fn id="d8168e3098a1310">
            <label>81</label>
            <p>
               <mixed-citation id="d8168e3105" publication-type="book">
A. Barchiesi, 'Naissance d'un peuple', Gray lecture (Cambridge, 2001, forthcoming)<person-group>
                     <string-name>
                        <surname>Barchiesi</surname>
                     </string-name>
                  </person-group>
                  <source>Naissance d'un peuple</source>
                  <year>2001</year>
               </mixed-citation>
            </p>
         </fn>
         <fn id="d8168e3127a1310">
            <label>82</label>
            <p>
               <mixed-citation id="d8168e3134" publication-type="journal">
Pliny, HN 31, 41<person-group>
                     <string-name>
                        <surname>Pliny</surname>
                     </string-name>
                  </person-group>
                  <fpage>41</fpage>
                  <volume>31</volume>
                  <source>HN</source>
               </mixed-citation>
            </p>
            <p>
               <mixed-citation id="d8168e3158" publication-type="other">
Strab. 5.3.13</mixed-citation>
            </p>
            <p>
               <mixed-citation id="d8168e3164" publication-type="journal">
Frontin. Aq. 1.7<fpage>7</fpage>
                  <volume>1</volume>
                  <source>Aq.</source>
               </mixed-citation>
            </p>
            <p>
               <mixed-citation id="d8168e3180" publication-type="journal">
Stat. Silv. 1.5.26-8<issue>5</issue>
                  <fpage>26</fpage>
                  <volume>1</volume>
                  <source>Silv.</source>
               </mixed-citation>
            </p>
         </fn>
         <fn id="d8168e3199a1310">
            <label>83</label>
            <p>
               <mixed-citation id="d8168e3206" publication-type="other">
Barchiesi (n. 81).</mixed-citation>
            </p>
         </fn>
         <fn id="d8168e3214a1310">
            <label>84</label>
            <p>
               <mixed-citation id="d8168e3221" publication-type="book">
Reinhold Glei, Der Vater der Dinge: Interpretationen zurpolitischen,
literarischen und kulturellen Dimension des Krieges bei Vergil, Bochumer
Altertumswissenschaftliches Colloquium 7 (Trier, 1991), 30, n. 88<person-group>
                     <string-name>
                        <surname>Glei</surname>
                     </string-name>
                  </person-group>
                  <fpage>30</fpage>
                  <volume>7</volume>
                  <source>Der Vater der Dinge: Interpretationen zurpolitischen, literarischen und kulturellen Dimension des Krieges bei Vergil</source>
                  <year>1991</year>
               </mixed-citation>
            </p>
         </fn>
         <fn id="d8168e3256a1310">
            <label>85</label>
            <p>
               <mixed-citation id="d8168e3263" publication-type="other">
Wills (n. 29), 359.</mixed-citation>
            </p>
         </fn>
         <fn id="d8168e3270a1310">
            <label>86</label>
            <p>
               <mixed-citation id="d8168e3277" publication-type="other">
Barchiesi (n. 81).</mixed-citation>
            </p>
         </fn>
         <fn id="d8168e3284a1310">
            <label>87</label>
            <p>
               <mixed-citation id="d8168e3291" publication-type="other">
Philip R. Hardie, 'Cultural and historical narratives in Virgil's Eclogues and Lucretius'
(forthcoming).</mixed-citation>
            </p>
         </fn>
         <fn id="d8168e3301a1310">
            <label>88</label>
            <p>
               <mixed-citation id="d8168e3308" publication-type="other">
Rossi (n. 2), 15</mixed-citation>
            </p>
            <p>
               <mixed-citation id="d8168e3314" publication-type="other">
AP Book 9</mixed-citation>
            </p>
         </fn>
         <fn id="d8168e3321a1310">
            <label>89</label>
            <p>
               <mixed-citation id="d8168e3328" publication-type="journal">
Daphnis in El. 8.83<person-group>
                     <string-name>
                        <surname>Daphnis</surname>
                     </string-name>
                  </person-group>
                  <fpage>83</fpage>
                  <volume>8</volume>
                  <source>El.</source>
               </mixed-citation>
            </p>
         </fn>
         <fn id="d8168e3354a1310">
            <label>90</label>
            <p>
               <mixed-citation id="d8168e3361" publication-type="journal">
R. G. Austin, 'Ille ego qui quondam ...', CQ 18 (1968), 107-15<object-id pub-id-type="jstor">10.2307/637692</object-id>
                  <fpage>107</fpage>
               </mixed-citation>
            </p>
         </fn>
         <fn id="d8168e3374a1310">
            <label>91</label>
            <p>
               <mixed-citation id="d8168e3381" publication-type="journal">
J. Fairweather, 'Ovid's autobiographical poem, Tristia 4.10', CQ 37 (1987), 186-7<object-id pub-id-type="jstor">10.2307/639354</object-id>
                  <fpage>186</fpage>
               </mixed-citation>
            </p>
            <p>
               <mixed-citation id="d8168e3393" publication-type="journal">
Ovid Tr. 4.10<person-group>
                     <string-name>
                        <surname>Ovid</surname>
                     </string-name>
                  </person-group>
                  <fpage>10</fpage>
                  <volume>4</volume>
                  <source>Tr.</source>
               </mixed-citation>
            </p>
            <p>
               <mixed-citation id="d8168e3417" publication-type="journal">
John Henderson,
'On Pliny on Martial on Anon ... (Epistles 3.21/Epigramsl0.19)', Ramus 30 (2001), 72<person-group>
                     <string-name>
                        <surname>Henderson</surname>
                     </string-name>
                  </person-group>
                  <fpage>72</fpage>
                  <volume>30</volume>
                  <source>Ramus</source>
                  <year>2001</year>
               </mixed-citation>
            </p>
            <p>
               <mixed-citation id="d8168e3449" publication-type="journal">
Martial's ille ego preface (Ep. 9 pr.)<person-group>
                     <string-name>
                        <surname>Martial</surname>
                     </string-name>
                  </person-group>
                  <fpage>9</fpage>
                  <source>Ep.</source>
               </mixed-citation>
            </p>
         </fn>
      </fn-group>
   </back>
</article>
