<article xmlns:xsi="http://www.w3.org/2001/XMLSchema-instance"
         xmlns:xlink="http://www.w3.org/1999/xlink"
         xmlns:mml="http://www.w3.org/1998/Math/MathML"
         dtd-version="1.0"
         article-type="research-article">
   <front>
      <journal-meta>
         <journal-id journal-id-type="jstor">clasquar</journal-id>
         <journal-id journal-id-type="jstor">j100124</journal-id>
         <journal-title-group>
            <journal-title>The Classical Quarterly</journal-title>
         </journal-title-group>
         <publisher>
            <publisher-name>Oxford University Press</publisher-name>
         </publisher>
         <issn pub-type="ppub">00098388</issn>
         <issn pub-type="epub">14716844</issn>
      </journal-meta>
      <article-meta>
         <article-id pub-id-type="jstor">3556412</article-id>
         <title-group>
            <article-title>Aspects of Ancient Etymologizing</article-title>
         </title-group>
         <contrib-group>
            <contrib contrib-type="author">
               <string-name>
                  <given-names>Helen</given-names>
                  <surname>Peraki-Kyriakidou</surname>
               </string-name>
            </contrib>
         </contrib-group>
         <pub-date>
            <day>1</day>
            <month>1</month>
            <year>2002</year>
         </pub-date>
         <volume>52</volume>
         <issue>2</issue>
         <issue-id>i369252</issue-id>
         <fpage>478</fpage>
         <lpage>493</lpage>
         <page-range>478-493</page-range>
         <permissions>
            <copyright-statement>Copyright 2002 Oxford University Press</copyright-statement>
         </permissions>
         <self-uri xlink:href="http://www.jstor.org/stable/3556412"/>
         <custom-meta-group>
            <custom-meta>
               <meta-name>lang</meta-name>
               <meta-value>eng</meta-value>
            </custom-meta>
         </custom-meta-group>
      </article-meta>
   </front>
   <back>
      <fn-group>
         <title>[Footnotes]</title>
         <fn id="d9691e114a1310">
            <label>2</label>
            <p>
               <mixed-citation id="d9691e121" publication-type="book">
W. Woodhead, Etymologizing in Greek Literature from Homer to Philo Judaeus (Toronto,
1928)<person-group>
                     <string-name>
                        <surname>Woodhead</surname>
                     </string-name>
                  </person-group>
                  <source>Etymologizing in Greek Literature from Homer to Philo Judaeus</source>
                  <year>1928</year>
               </mixed-citation>
            </p>
            <p>
               <mixed-citation id="d9691e145" publication-type="book">
E. Curtius, European Literature and Latin Middles Ages (London, 1953), 500<person-group>
                     <string-name>
                        <surname>Curtius</surname>
                     </string-name>
                  </person-group>
                  <fpage>500</fpage>
                  <source>European Literature and Latin Middles Ages</source>
                  <year>1953</year>
               </mixed-citation>
            </p>
            <p>
               <mixed-citation id="d9691e169" publication-type="book">
D. Dawson,
Allegorical Readers and Cultural Revision in Ancient Alexandria (Berkeley, Los Angeles, and
Oxford, 1992)<person-group>
                     <string-name>
                        <surname>Dawson</surname>
                     </string-name>
                  </person-group>
                  <source>Allegorical Readers and Cultural Revision in Ancient Alexandria</source>
                  <year>1992</year>
               </mixed-citation>
            </p>
            <p>
               <mixed-citation id="d9691e198" publication-type="journal">
E. Tsitsibakou-Vasalos, 'Gradations of science. Modern etymology versus
ancient', Glotta 74.1-2 (1997/8), 118<person-group>
                     <string-name>
                        <surname>Tsitsibakou-Vasalos</surname>
                     </string-name>
                  </person-group>
                  <issue>1</issue>
                  <fpage>118</fpage>
                  <volume>74</volume>
                  <source>Glotta</source>
                  <year>1997</year>
               </mixed-citation>
            </p>
            <p>
               <mixed-citation id="d9691e232" publication-type="other">
n. 4</mixed-citation>
            </p>
         </fn>
         <fn id="d9691e239a1310">
            <label>3</label>
            <p>
               <mixed-citation id="d9691e246" publication-type="book">
R. Maltby, in Oxford Classical Dictionary, s.v. etymologia (Oxford, 1996).<person-group>
                     <string-name>
                        <surname>Maltby</surname>
                     </string-name>
                  </person-group>
                  <source>Oxford Classical Dictionary</source>
                  <year>1996</year>
               </mixed-citation>
            </p>
         </fn>
         <fn id="d9691e268a1310">
            <label>4</label>
            <p>
               <mixed-citation id="d9691e275" publication-type="journal">
M. Sulzberger, 'ONOMA EɛINGUMON: Les noms propres chez Homére et
dans la mythologie grecque', Rev. Ét. Grec. 39 (1926), 381-447<person-group>
                     <string-name>
                        <surname>Sulzberger</surname>
                     </string-name>
                  </person-group>
                  <fpage>381</fpage>
                  <volume>39</volume>
                  <source>Rev. Ét. Grec.</source>
                  <year>1926</year>
               </mixed-citation>
            </p>
            <p>
               <mixed-citation id="d9691e306" publication-type="book">
L. P Rank, Etymologiseering en
Verwante Verschijnselen bij Homerus (Utrecht, 1951)<person-group>
                     <string-name>
                        <surname>Rank</surname>
                     </string-name>
                  </person-group>
                  <source>Etymologiseering en Verwante Verschijnselen bij Homerus</source>
                  <year>1951</year>
               </mixed-citation>
            </p>
            <p>
               <mixed-citation id="d9691e330" publication-type="journal">
B. Louden, 'Categories of Homeric
wordplay', TAPA 125 (1995), 27-46<person-group>
                     <string-name>
                        <surname>Louden</surname>
                     </string-name>
                  </person-group>
                  <fpage>27</fpage>
                  <volume>125</volume>
                  <source>TAPA</source>
                  <year>1995</year>
               </mixed-citation>
            </p>
            <p>
               <mixed-citation id="d9691e362" publication-type="other">
Tsitsibakou-Vasalos (n. 2), 119-20</mixed-citation>
            </p>
         </fn>
         <fn id="d9691e369a1310">
            <label>5</label>
            <p>
               <mixed-citation id="d9691e376" publication-type="journal">
R. Maltby, 'The limits of etymologising', Aevum Antiquum 6 (1993), 257-75<person-group>
                     <string-name>
                        <surname>Maltby</surname>
                     </string-name>
                  </person-group>
                  <fpage>257</fpage>
                  <volume>6</volume>
                  <source>Aevum Antiquum</source>
                  <year>1993</year>
               </mixed-citation>
            </p>
            <p>
               <mixed-citation id="d9691e404" publication-type="other">
id. (n. 3)</mixed-citation>
            </p>
         </fn>
         <fn id="d9691e412a1310">
            <label>6</label>
            <p>
               <mixed-citation id="d9691e419" publication-type="book">
R. Pfeiffer, History of Classical Scholarship (Oxford, 1968), 241.<person-group>
                     <string-name>
                        <surname>Pfeiffer</surname>
                     </string-name>
                  </person-group>
                  <fpage>241</fpage>
                  <source>History of Classical Scholarship</source>
                  <year>1968</year>
               </mixed-citation>
            </p>
         </fn>
         <fn id="d9691e444a1310">
            <label>7</label>
            <p>
               <mixed-citation id="d9691e451" publication-type="journal">
Ling. 5.61<object-id pub-id-type="jstor">10.2307/1262830</object-id>
                  <fpage>61</fpage>
               </mixed-citation>
            </p>
         </fn>
         <fn id="d9691e464a1310">
            <label>8</label>
            <p>
               <mixed-citation id="d9691e471" publication-type="book">
R. Maltby, 'The role of etymologies in Servius and Donatus', in the Proceedings of the
Cambridge Conference on Ancient Etymology (forthcoming).<person-group>
                     <string-name>
                        <surname>Maltby</surname>
                     </string-name>
                  </person-group>
                  <comment content-type="section">The role of etymologies in Servius and Donatus</comment>
                  <source>Proceedings of the Cambridge Conference on Ancient Etymology</source>
               </mixed-citation>
            </p>
         </fn>
         <fn id="d9691e496a1310">
            <label>9</label>
            <p>
               <mixed-citation id="d9691e503" publication-type="book">
R. Maltby, A Lexicon of Ancient Latin Etymologies, Arca 25 (Leeds, 1991), s.v. Veiovis<person-group>
                     <string-name>
                        <surname>Maltby</surname>
                     </string-name>
                  </person-group>
                  <comment content-type="section">A Lexicon of Ancient Latin Etymologies</comment>
                  <volume>25</volume>
                  <source>Arca</source>
                  <year>1991</year>
               </mixed-citation>
            </p>
            <p>
               <mixed-citation id="d9691e531" publication-type="journal">
Gell. NA 5.12.9<issue>12</issue>
                  <fpage>9</fpage>
                  <volume>5</volume>
                  <source>NA</source>
               </mixed-citation>
            </p>
            <p>
               <mixed-citation id="d9691e549" publication-type="journal">
Lemures (5.479-84)<fpage>479</fpage>
                  <volume>5</volume>
                  <source>Lemures</source>
               </mixed-citation>
            </p>
         </fn>
         <fn id="d9691e565a1310">
            <label>10</label>
            <p>
               <mixed-citation id="d9691e572" publication-type="journal">
Cicero's enodo, enodatio, ND 3.62<person-group>
                     <string-name>
                        <surname>Cicero</surname>
                     </string-name>
                  </person-group>
                  <fpage>62</fpage>
                  <volume>3</volume>
                  <source>ND</source>
               </mixed-citation>
            </p>
         </fn>
         <fn id="d9691e597a1310">
            <label>11</label>
            <p>
               <mixed-citation id="d9691e604" publication-type="book">
R. Maltby, 'Greek in Varro', in G. Calboli (ed.), Papers on Grammar 6 (Bologna, 2001), 193<person-group>
                     <string-name>
                        <surname>Maltby</surname>
                     </string-name>
                  </person-group>
                  <comment content-type="section">Greek in Varro</comment>
                  <fpage>193</fpage>
                  <volume>6</volume>
                  <source>Papers on Grammar</source>
                  <year>2001</year>
               </mixed-citation>
            </p>
            <p>
               <mixed-citation id="d9691e635" publication-type="other">
above, p. 478</mixed-citation>
            </p>
         </fn>
         <fn id="d9691e643a1310">
            <label>12</label>
            <p>
               <mixed-citation id="d9691e650" publication-type="journal">
Cic. Fin. 3.2.4<object-id pub-id-type="jstor">10.2307/3583950</object-id>
                  <fpage>4</fpage>
               </mixed-citation>
            </p>
         </fn>
         <fn id="d9691e663a1310">
            <label>14</label>
            <p>
               <mixed-citation id="d9691e670" publication-type="journal">
Quintilian follows closely Cicero in his Topica 35.<person-group>
                     <string-name>
                        <surname>Cicero</surname>
                     </string-name>
                  </person-group>
                  <fpage>35</fpage>
                  <source>Topica</source>
               </mixed-citation>
            </p>
         </fn>
         <fn id="d9691e692a1310">
            <label>15</label>
            <p>
               <mixed-citation id="d9691e699" publication-type="other">
1.609-11 where he etymologizes the word
augurium</mixed-citation>
            </p>
         </fn>
         <fn id="d9691e709a1310">
            <label>16</label>
            <p>
               <mixed-citation id="d9691e716" publication-type="other">
Quintilian's application is interesting: rationem praestat praecipue analogia, nonnunquam et
etymologia (1.6.1)</mixed-citation>
            </p>
            <p>
               <mixed-citation id="d9691e725" publication-type="book">
A. Uhl, Servius als Sprachlehler: zur Sprachrichtigkeit in der exegetischen
Praxis des spätantiken Grammatikerunterrichts (Göttingen, 1998), 484<person-group>
                     <string-name>
                        <surname>Uhl</surname>
                     </string-name>
                  </person-group>
                  <fpage>484</fpage>
                  <source>Servius als Sprachlehler: zur Sprachrichtigkeit in der exegetischen Praxis des spätantiken Grammatikerunterrichts</source>
                  <year>1998</year>
               </mixed-citation>
            </p>
         </fn>
         <fn id="d9691e754a1310">
            <label>17</label>
            <p>
               <mixed-citation id="d9691e761" publication-type="journal">
NA 1.18.1<issue>18</issue>
                  <fpage>1</fpage>
                  <volume>1</volume>
                  <source>NA</source>
               </mixed-citation>
            </p>
            <p>
               <mixed-citation id="d9691e779" publication-type="other">
19.3.3</mixed-citation>
            </p>
         </fn>
         <fn id="d9691e786a1310">
            <label>18</label>
            <p>
               <mixed-citation id="d9691e793" publication-type="journal">
Brevis Expositio, in Verg. G. 1.21<object-id pub-id-type="doi">10.2307/2997540</object-id>
                  <fpage>21</fpage>
               </mixed-citation>
            </p>
         </fn>
         <fn id="d9691e807a1310">
            <label>19</label>
            <p>
               <mixed-citation id="d9691e814" publication-type="other">
Maltby (n. 8).</mixed-citation>
            </p>
         </fn>
         <fn id="d9691e821a1310">
            <label>20</label>
            <p>
               <mixed-citation id="d9691e828" publication-type="journal">
Varro, Ling 5.9<person-group>
                     <string-name>
                        <surname>Varro</surname>
                     </string-name>
                  </person-group>
                  <fpage>9</fpage>
                  <volume>5</volume>
                  <source>Ling</source>
               </mixed-citation>
            </p>
            <p>
               <mixed-citation id="d9691e852" publication-type="journal">
Gellius, NA 1.18.2<person-group>
                     <string-name>
                        <surname>Gellius</surname>
                     </string-name>
                  </person-group>
                  <issue>18</issue>
                  <fpage>2</fpage>
                  <volume>1</volume>
                  <source>NA</source>
               </mixed-citation>
            </p>
            <p>
               <mixed-citation id="d9691e880" publication-type="journal">
Brevis Expositio, in Verg. G 1.21<object-id pub-id-type="doi">10.2307/2997540</object-id>
                  <fpage>21</fpage>
               </mixed-citation>
            </p>
            <p>
               <mixed-citation id="d9691e893" publication-type="other">
Uhl
(n. 16), 491-2</mixed-citation>
            </p>
            <p>
               <mixed-citation id="d9691e902" publication-type="journal">
Sextus Empiricus, Adv. Math. 1.243<person-group>
                     <string-name>
                        <surname>Empiricus</surname>
                     </string-name>
                  </person-group>
                  <fpage>243</fpage>
                  <volume>1</volume>
                  <source>Adv. Math.</source>
               </mixed-citation>
            </p>
            <p>
               <mixed-citation id="d9691e926" publication-type="other">
Uhl (n. 16), 492-4</mixed-citation>
            </p>
            <p>
               <mixed-citation id="d9691e932" publication-type="other">
n. 38</mixed-citation>
            </p>
            <p>
               <mixed-citation id="d9691e938" publication-type="other">
495ff.</mixed-citation>
            </p>
         </fn>
         <fn id="d9691e945a1310">
            <label>21</label>
            <p>
               <mixed-citation id="d9691e952" publication-type="journal">
G.W. Most, Cornutus and the Stoic Allegoresis: A Preliminary Report, ANRW II.36.3 (1989),
2028<person-group>
                     <string-name>
                        <surname>Most</surname>
                     </string-name>
                  </person-group>
                  <issue>36</issue>
                  <fpage>3</fpage>
                  <volume>II</volume>
                  <source>ANRW</source>
                  <year>1989</year>
               </mixed-citation>
            </p>
            <p>
               <mixed-citation id="d9691e986" publication-type="book">
M. Fantuzzi (An Aristarchan reading of Apollonius' Argonautica',
Seminari Romani di cultura Greca, 3.2 [2000], 313-24)<person-group>
                     <string-name>
                        <surname>Fantuzzi</surname>
                     </string-name>
                  </person-group>
                  <comment content-type="section">An Aristarchan reading of Apollonius' Argonautica</comment>
                  <fpage>313</fpage>
                  <volume>3</volume>
                  <source>Seminari Romani di cultura Greca</source>
                  <year>2000</year>
               </mixed-citation>
            </p>
            <p>
               <mixed-citation id="d9691e1020" publication-type="journal">
A. Rengakos ('Aristarchus and
the Hellenistic poets', Seminari Romani di cultura Greca, 3.2 [2000], 325-35)<person-group>
                     <string-name>
                        <surname>Rengakos</surname>
                     </string-name>
                  </person-group>
                  <issue>2</issue>
                  <fpage>325</fpage>
                  <volume>3</volume>
                  <source>Seminari Romani di cultura Greca</source>
                  <year>2000</year>
               </mixed-citation>
            </p>
         </fn>
         <fn id="d9691e1055a1310">
            <label>22</label>
            <p>
               <mixed-citation id="d9691e1062" publication-type="book">
Augustine, de dialectica 6<person-group>
                     <string-name>
                        <surname>Augustine</surname>
                     </string-name>
                  </person-group>
                  <fpage>6</fpage>
                  <source>de dialectica</source>
               </mixed-citation>
            </p>
            <p>
               <mixed-citation id="d9691e1083" publication-type="other">
Maltby (n. 5 ), 263</mixed-citation>
            </p>
         </fn>
         <fn id="d9691e1090a1310">
            <label>25</label>
            <p>
               <mixed-citation id="d9691e1097" publication-type="other">
Above, p. 478.</mixed-citation>
            </p>
         </fn>
         <fn id="d9691e1104a1310">
            <label>26</label>
            <p>
               <mixed-citation id="d9691e1111" publication-type="other">
above, p. 514</mixed-citation>
            </p>
         </fn>
         <fn id="d9691e1119a1310">
            <label>27</label>
            <p>
               <mixed-citation id="d9691e1126" publication-type="journal">
Gell. NA 5.7.1<issue>7</issue>
                  <fpage>1</fpage>
                  <volume>5</volume>
                  <source>NA</source>
               </mixed-citation>
            </p>
            <p>
               <mixed-citation id="d9691e1144" publication-type="other">
Maltby (n. 8)</mixed-citation>
            </p>
         </fn>
         <fn id="d9691e1151a1310">
            <label>28</label>
            <p>
               <mixed-citation id="d9691e1158" publication-type="book">
I. Sluiter, 'Commentaries and the didactic tradition', in G. Most (ed.), Commentaries-
Kommentare, Aporemata' 4 (Göttingen, 1999), 178<person-group>
                     <string-name>
                        <surname>Sluiter</surname>
                     </string-name>
                  </person-group>
                  <comment content-type="section">Commentaries and the didactic tradition</comment>
                  <fpage>178</fpage>
                  <volume>4</volume>
                  <source>Commentaries Kommentare, Aporemata'</source>
                  <year>1999</year>
               </mixed-citation>
            </p>
            <p>
               <mixed-citation id="d9691e1192" publication-type="book">
H. U. Gumbrecht, 'Fill up your margins!
About commentary and copia', in Most (ibid.), 443<person-group>
                     <string-name>
                        <surname>Gumbrecht</surname>
                     </string-name>
                  </person-group>
                  <comment content-type="section">Fill up your margins! About commentary and copia</comment>
                  <fpage>443</fpage>
                  <source>Commentaries Kommentare, Aporemata'</source>
                  <year>1999</year>
               </mixed-citation>
            </p>
         </fn>
         <fn id="d9691e1224a1310">
            <label>29</label>
            <p>
               <mixed-citation id="d9691e1231" publication-type="journal">
D. Sedley, 'The etymologies in Plato's Cratylus', JRS 118 (1998), 140-1.<person-group>
                     <string-name>
                        <surname>Sedley</surname>
                     </string-name>
                  </person-group>
                  <fpage>140</fpage>
                  <volume>118</volume>
                  <source>JRS</source>
                  <year>1998</year>
               </mixed-citation>
            </p>
         </fn>
         <fn id="d9691e1260a1310">
            <label>30</label>
            <p>
               <mixed-citation id="d9691e1267" publication-type="other">
Ibid., 140.</mixed-citation>
            </p>
         </fn>
         <fn id="d9691e1274a1310">
            <label>31</label>
            <p>
               <mixed-citation id="d9691e1281" publication-type="journal">
Aristotle, de int. 4.17al-2<person-group>
                     <string-name>
                        <surname>Aristotle</surname>
                     </string-name>
                  </person-group>
                  <fpage>17al</fpage>
                  <volume>4</volume>
                  <source>de int.</source>
               </mixed-citation>
            </p>
            <p>
               <mixed-citation id="d9691e1305" publication-type="other">
Sedley (n. 29)</mixed-citation>
            </p>
            <p>
               <mixed-citation id="d9691e1311" publication-type="other">
141, n. 3</mixed-citation>
            </p>
            <p>
               <mixed-citation id="d9691e1318" publication-type="other">
Crat. 388b-c</mixed-citation>
            </p>
         </fn>
         <fn id="d9691e1325a1310">
            <label>32</label>
            <p>
               <mixed-citation id="d9691e1332" publication-type="other">
Most (n. 21), 2020-1</mixed-citation>
            </p>
            <p>
               <mixed-citation id="d9691e1338" publication-type="book">
H. G. Snyder, Teachers and Texts in the Ancient World. Philosophers,
Jews and Christians (London and New York, 2000), 7<person-group>
                     <string-name>
                        <surname>Snyder</surname>
                     </string-name>
                  </person-group>
                  <fpage>7</fpage>
                  <source>Teachers and Texts in the Ancient World. Philosophers, Jews and Christians</source>
                  <year>2000</year>
               </mixed-citation>
            </p>
         </fn>
         <fn id="d9691e1368a1310">
            <label>33</label>
            <p>
               <mixed-citation id="d9691e1375" publication-type="other">
Iliad</mixed-citation>
            </p>
            <p>
               <mixed-citation id="d9691e1381" publication-type="book">
H. Erbse, Scholia Graeca in Homeri Iliadem (Berlin, 1969-88)<person-group>
                     <string-name>
                        <surname>Erbse</surname>
                     </string-name>
                  </person-group>
                  <source>Scholia Graeca in Homeri Iliadem</source>
                  <year>1988</year>
               </mixed-citation>
            </p>
            <p>
               <mixed-citation id="d9691e1402" publication-type="other">
Odyssey</mixed-citation>
            </p>
            <p>
               <mixed-citation id="d9691e1409" publication-type="book">
G. Dindorf, Scholia Graeca in Homeri Odysseam ex codicibus aucta et
emendata (Oxford, 1855)<person-group>
                     <string-name>
                        <surname>Dindorf</surname>
                     </string-name>
                  </person-group>
                  <source>Scholia Graeca in Homeri Odysseam ex codicibus aucta et emendata</source>
                  <year>1855</year>
               </mixed-citation>
            </p>
         </fn>
         <fn id="d9691e1434a1310">
            <label>34</label>
            <p>
               <mixed-citation id="d9691e1441" publication-type="book">
R. R. Schlunk, The Homeric Scholia and the Aeneid. A Study of the Influence of Ancient
Homeric Literary Criticism on Vergil (Ann Arbor, 1974), 6<person-group>
                     <string-name>
                        <surname>Schlunk</surname>
                     </string-name>
                  </person-group>
                  <fpage>6</fpage>
                  <source>The Homeric Scholia and the Aeneid. A Study of the Influence of Ancient Homeric Literary Criticism on Vergil</source>
                  <year>1974</year>
               </mixed-citation>
            </p>
         </fn>
         <fn id="d9691e1470a1310">
            <label>35</label>
            <p>
               <mixed-citation id="d9691e1477" publication-type="book">
H. Peraki-Kyriakidou, 'Homer's etymologising in the Aeneid. Simile and the point of
concentration', in Proceedings of the Cambridge Conference on Ancient Etymology (forthcoming).<person-group>
                     <string-name>
                        <surname>Peraki-Kyriakidou</surname>
                     </string-name>
                  </person-group>
                  <comment content-type="section">Homer's etymologising in the Aeneid. Simile and the point of concentration</comment>
                  <source>Proceedings of the Cambridge Conference on Ancient Etymology</source>
               </mixed-citation>
            </p>
         </fn>
         <fn id="d9691e1502a1310">
            <label>36</label>
            <p>
               <mixed-citation id="d9691e1509" publication-type="other">
schl. D/(?) II. 4.315a</mixed-citation>
            </p>
         </fn>
         <fn id="d9691e1516a1310">
            <label>37</label>
            <p>
               <mixed-citation id="d9691e1523" publication-type="other">
Cic., Top. 36-7</mixed-citation>
            </p>
         </fn>
         <fn id="d9691e1530a1310">
            <label>40</label>
            <p>
               <mixed-citation id="d9691e1537" publication-type="other">
Or at 420a.</mixed-citation>
            </p>
         </fn>
         <fn id="d9691e1545a1310">
            <label>41</label>
            <p>
               <mixed-citation id="d9691e1552" publication-type="journal">
Varro, Ling. 9.1<person-group>
                     <string-name>
                        <surname>Varro</surname>
                     </string-name>
                  </person-group>
                  <fpage>1</fpage>
                  <volume>9</volume>
                  <source>Ling.</source>
               </mixed-citation>
            </p>
            <p>
               <mixed-citation id="d9691e1576" publication-type="journal">
S VF 2.151 (Arnim)<fpage>151</fpage>
                  <volume>2</volume>
                  <source>S VF</source>
               </mixed-citation>
            </p>
            <p>
               <mixed-citation id="d9691e1591" publication-type="journal">
Gellius, NA 11.12<person-group>
                     <string-name>
                        <surname>Gellius</surname>
                     </string-name>
                  </person-group>
                  <fpage>12</fpage>
                  <volume>11</volume>
                  <source>NA</source>
               </mixed-citation>
            </p>
            <p>
               <mixed-citation id="d9691e1616" publication-type="journal">
SVF 2.152 (Arnim)<fpage>152</fpage>
                  <volume>2</volume>
                  <source>SVF</source>
               </mixed-citation>
            </p>
            <p>
               <mixed-citation id="d9691e1631" publication-type="book">
S. Kyriakidis, Narrative Structure and Poetics in the
Aeneid. The Frame of Book 6 (Bari, 1998), 168-9<person-group>
                     <string-name>
                        <surname>Kyriakidis</surname>
                     </string-name>
                  </person-group>
                  <fpage>168</fpage>
                  <volume>6</volume>
                  <source>Narrative Structure and Poetics in the Aeneid. The Frame of Book</source>
                  <year>1998</year>
               </mixed-citation>
            </p>
            <p>
               <mixed-citation id="d9691e1662" publication-type="other">
n. 22</mixed-citation>
            </p>
         </fn>
         <fn id="d9691e1669a1310">
            <label>42</label>
            <p>
               <mixed-citation id="d9691e1676" publication-type="other">
Etym. Gud., p. 493.6</mixed-citation>
            </p>
         </fn>
         <fn id="d9691e1683a1310">
            <label>43</label>
            <p>
               <mixed-citation id="d9691e1690" publication-type="other">
Maltby (n. 9), s.v. scopulus.</mixed-citation>
            </p>
         </fn>
         <fn id="d9691e1697a1310">
            <label>44</label>
            <p>
               <mixed-citation id="d9691e1704" publication-type="journal">
ad Aen. 8.403<fpage>403</fpage>
                  <volume>8</volume>
                  <source>ad Aen.</source>
               </mixed-citation>
            </p>
            <p>
               <mixed-citation id="d9691e1719" publication-type="journal">
ad Aen. 4.705<fpage>705</fpage>
                  <volume>4</volume>
                  <source>ad Aen.</source>
               </mixed-citation>
            </p>
         </fn>
         <fn id="d9691e1735a1310">
            <label>45</label>
            <p>
               <mixed-citation id="d9691e1742" publication-type="other">
143.1 Bekker</mixed-citation>
            </p>
         </fn>
         <fn id="d9691e1749a1310">
            <label>46</label>
            <p>
               <mixed-citation id="d9691e1756" publication-type="other">
Sch ex. II. 2.396</mixed-citation>
            </p>
         </fn>
         <fn id="d9691e1764a1310">
            <label>47</label>
            <p>
               <mixed-citation id="d9691e1771" publication-type="book">
J. J. O'Hara, True Names. Vergil and the Alexandrian Tradition of Etymological Wordplay
(Michigan, 1996), 119<person-group>
                     <string-name>
                        <surname>O'Hara</surname>
                     </string-name>
                  </person-group>
                  <fpage>119</fpage>
                  <source>True Names. Vergil and the Alexandrian Tradition of Etymological Wordplay</source>
                  <year>1996</year>
               </mixed-citation>
            </p>
            <p>
               <mixed-citation id="d9691e1799" publication-type="other">
Kyriakidis (n. 41), 62-3</mixed-citation>
            </p>
            <p>
               <mixed-citation id="d9691e1805" publication-type="book">
A. Michalopoulos, Ancient Etymologies in Ovid's
Metamorphoses. A Commented Lexicon (Leeds, 2001), 156<person-group>
                     <string-name>
                        <surname>Michalopoulos</surname>
                     </string-name>
                  </person-group>
                  <fpage>156</fpage>
                  <source>Ancient Etymologies in Ovid's Metamorphoses. A Commented Lexicon</source>
                  <year>2001</year>
               </mixed-citation>
            </p>
         </fn>
         <fn id="d9691e1834a1310">
            <label>49</label>
            <p>
               <mixed-citation id="d9691e1841" publication-type="journal">
ad Aen. 7.686<fpage>686</fpage>
                  <volume>7</volume>
                  <source>ad Aen.</source>
               </mixed-citation>
            </p>
            <p>
               <mixed-citation id="d9691e1856" publication-type="other">
8.447</mixed-citation>
            </p>
            <p>
               <mixed-citation id="d9691e1862" publication-type="book">
M. Paschalis, Virgil's Aeneid. Semantic Relations and
Proper Names (Oxford, 1997), 141-2<person-group>
                     <string-name>
                        <surname>Paschalis</surname>
                     </string-name>
                  </person-group>
                  <fpage>141</fpage>
                  <source>Virgil's Aeneid. Semantic Relations and Proper Names</source>
                  <year>1997</year>
               </mixed-citation>
            </p>
         </fn>
         <fn id="d9691e1891a1310">
            <label>50</label>
            <p>
               <mixed-citation id="d9691e1898" publication-type="other">
Maltby (n. 9), s.v. clipeus.</mixed-citation>
            </p>
         </fn>
         <fn id="d9691e1905a1310">
            <label>51</label>
            <p>
               <mixed-citation id="d9691e1912" publication-type="book">
E. Tsitsibakou-Vasalos, 'Aphrodite in Homer and the Homeric hymns. Poetic etymology', in
Proceedings of the Cambridge Conference on Ancient Etymology (forthcoming).<person-group>
                     <string-name>
                        <surname>Tsitsibakou-Vasalos</surname>
                     </string-name>
                  </person-group>
                  <comment content-type="section">Aphrodite in Homer and the Homeric hymns. Poetic etymology</comment>
                  <source>Proceedings of the Cambridge Conference on Ancient Etymology</source>
               </mixed-citation>
            </p>
         </fn>
         <fn id="d9691e1937a1310">
            <label>53</label>
            <p>
               <mixed-citation id="d9691e1944" publication-type="other">
E. Vasalos and H. Kyriakidou, A Lexicon of Etymologies in the Homeric Scholia (forth-
coming), s.v. [Unrepresented Characters].</mixed-citation>
            </p>
         </fn>
         <fn id="d9691e1954a1310">
            <label>54</label>
            <p>
               <mixed-citation id="d9691e1961" publication-type="other">
Sedley (n. 29), 142, n. 11.</mixed-citation>
            </p>
         </fn>
         <fn id="d9691e1969a1310">
            <label>55</label>
            <p>
               <mixed-citation id="d9691e1976" publication-type="other">
Peraki-Kyriakidou (n. 35), 3.</mixed-citation>
            </p>
         </fn>
         <fn id="d9691e1983a1310">
            <label>56</label>
            <p>
               <mixed-citation id="d9691e1990" publication-type="other">
S. Hinds, 'Venus, Varro and the vates: exploring the limits of etymologising interpretation',
unpublished paper (Leeds, 1996), 9.</mixed-citation>
            </p>
         </fn>
         <fn id="d9691e2000a1310">
            <label>57</label>
            <p>
               <mixed-citation id="d9691e2007" publication-type="book">
W B. Stanford, Ambiguity in Greek Literature (New York and London, repr. 1972), 34ff.<person-group>
                     <string-name>
                        <surname>Stanford</surname>
                     </string-name>
                  </person-group>
                  <fpage>34</fpage>
                  <source>Ambiguity in Greek Literature</source>
                  <year>1972</year>
               </mixed-citation>
            </p>
         </fn>
         <fn id="d9691e2032a1310">
            <label>58</label>
            <p>
               <mixed-citation id="d9691e2039" publication-type="other">
Most (n. 21), 2028.</mixed-citation>
            </p>
         </fn>
         <fn id="d9691e2046a1310">
            <label>60</label>
            <p>
               <mixed-citation id="d9691e2053" publication-type="other">
Peraki-Kyriakidou (n. 35).</mixed-citation>
            </p>
         </fn>
         <fn id="d9691e2060a1310">
            <label>61</label>
            <p>
               <mixed-citation id="d9691e2067" publication-type="book">
G. S. Kirk, The Iliad: A Commentary. Books 1-4 (Cambridge, 1985), on line 2.38.<person-group>
                     <string-name>
                        <surname>Kirk</surname>
                     </string-name>
                  </person-group>
                  <source>The Iliad: A Commentary</source>
                  <year>1985</year>
               </mixed-citation>
            </p>
         </fn>
         <fn id="d9691e2090a1310">
            <label>62</label>
            <p>
               <mixed-citation id="d9691e2097" publication-type="journal">
J. Griffin, 'Homeric pathos and objectivity', CQ 70 (1976), 165-6.<object-id pub-id-type="jstor">10.2307/638263</object-id>
                  <fpage>165</fpage>
               </mixed-citation>
            </p>
         </fn>
         <fn id="d9691e2110a1310">
            <label>63</label>
            <p>
               <mixed-citation id="d9691e2117" publication-type="journal">
N. J. Richardson, 'Literary criticism in the exegetical scholia to the Iliad:
a sketch', CQ 30 (1980), 276; also 283<object-id pub-id-type="jstor">10.2307/638496</object-id>
                  <fpage>276</fpage>
               </mixed-citation>
            </p>
         </fn>
         <fn id="d9691e2133a1310">
            <label>64</label>
            <p>
               <mixed-citation id="d9691e2140" publication-type="other">
O'Hara (n. 47), 64</mixed-citation>
            </p>
            <p>
               <mixed-citation id="d9691e2146" publication-type="other">
n. 320</mixed-citation>
            </p>
         </fn>
         <fn id="d9691e2153a1310">
            <label>65</label>
            <p>
               <mixed-citation id="d9691e2160" publication-type="other">
Maltby (n. 9), s.vv. animalanimus</mixed-citation>
            </p>
            <p>
               <mixed-citation id="d9691e2166" publication-type="other">
Michalopoulos (n. 47), 27ff.</mixed-citation>
            </p>
         </fn>
         <fn id="d9691e2173a1310">
            <label>66</label>
            <p>
               <mixed-citation id="d9691e2180" publication-type="journal">
sch. ex. Il. 15.192-3<fpage>192</fpage>
                  <volume>15</volume>
                  <source>Il.</source>
               </mixed-citation>
            </p>
         </fn>
         <fn id="d9691e2196a1310">
            <label>67</label>
            <p>
               <mixed-citation id="d9691e2203" publication-type="other">
Maltby (n. 9), s.v. fornax</mixed-citation>
            </p>
            <p>
               <mixed-citation id="d9691e2209" publication-type="other">
Michalopoulos (n. 47), 81</mixed-citation>
            </p>
         </fn>
         <fn id="d9691e2217a1310">
            <label>68</label>
            <p>
               <mixed-citation id="d9691e2224" publication-type="other">
O'Hara (n. 47)</mixed-citation>
            </p>
            <p>
               <mixed-citation id="d9691e2230" publication-type="other">
Paschalis (n. 49)</mixed-citation>
            </p>
            <p>
               <mixed-citation id="d9691e2236" publication-type="other">
Michalopoulos (n. 47)</mixed-citation>
            </p>
            <p>
               <mixed-citation id="d9691e2243" publication-type="other">
Ovid's Met</mixed-citation>
            </p>
            <p>
               <mixed-citation id="d9691e2249" publication-type="book">
E Cairns, Tibullus. A Hellenistic Poet at Rome (Cambridge, 1979), 101ff.<person-group>
                     <string-name>
                        <surname>Cairns</surname>
                     </string-name>
                  </person-group>
                  <fpage>101</fpage>
                  <source>Tibullus. A Hellenistic Poet at Rome</source>
                  <year>1979</year>
               </mixed-citation>
            </p>
         </fn>
         <fn id="d9691e2274a1310">
            <label>69</label>
            <p>
               <mixed-citation id="d9691e2281" publication-type="other">
Peraki-Kyriakidou (n. 35).</mixed-citation>
            </p>
         </fn>
         <fn id="d9691e2288a1310">
            <label>70</label>
            <p>
               <mixed-citation id="d9691e2295" publication-type="journal">
Qu. Hom. 56.4<fpage>4</fpage>
                  <volume>56</volume>
                  <source>Hom.</source>
               </mixed-citation>
            </p>
            <p>
               <mixed-citation id="d9691e2310" publication-type="other">
Pfeiffer (n. 6), 3</mixed-citation>
            </p>
         </fn>
         <fn id="d9691e2317a1310">
            <label>71</label>
            <p>
               <mixed-citation id="d9691e2324" publication-type="other">
above, p. 478</mixed-citation>
            </p>
         </fn>
         <fn id="d9691e2331a1310">
            <label>72</label>
            <p>
               <mixed-citation id="d9691e2338" publication-type="book">
H. Lausberg, Handbook of Literary Rhetoric. A Foundation for Literary Study (Leiden,
Boston, Köln, 1998), /ss1095.<person-group>
                     <string-name>
                        <surname>Lausberg</surname>
                     </string-name>
                  </person-group>
                  <fpage>1095</fpage>
                  <source>Handbook of Literary Rhetoric. A Foundation for Literary Study</source>
                  <year>1998</year>
               </mixed-citation>
            </p>
         </fn>
         <fn id="d9691e2367a1310">
            <label>73</label>
            <p>
               <mixed-citation id="d9691e2374" publication-type="book">
Alexander the Rhetor (De Figuris, 30, 14, Spengel)<person-group>
                     <string-name>
                        <surname>Alexander</surname>
                     </string-name>
                  </person-group>
                  <fpage>14</fpage>
                  <volume>30</volume>
                  <source>De Figuris</source>
               </mixed-citation>
            </p>
         </fn>
         <fn id="d9691e2400a1310">
            <label>74</label>
            <p>
               <mixed-citation id="d9691e2407" publication-type="other">
Lausberg (n. 72), /ss651</mixed-citation>
            </p>
            <p>
               <mixed-citation id="d9691e2413" publication-type="other">
/ss542</mixed-citation>
            </p>
         </fn>
         <fn id="d9691e2420a1310">
            <label>75</label>
            <p>
               <mixed-citation id="d9691e2427" publication-type="other">
Sluiter (n. 28), 178</mixed-citation>
            </p>
         </fn>
         <fn id="d9691e2434a1310">
            <label>76</label>
            <p>
               <mixed-citation id="d9691e2441" publication-type="book">
M. Fantuzzi, 'Il Sistema Letterario della Poesia Alessandrina', in G. Cambiano,
L. Canfora, and D. Lanza (edd.), Lo Spazio Letterario della Grecia Antica 1 (1993), tomo II, 33<person-group>
                     <string-name>
                        <surname>Fantuzzi</surname>
                     </string-name>
                  </person-group>
                  <comment content-type="section">Il Sistema Letterario della Poesia Alessandrina</comment>
                  <fpage>33</fpage>
                  <volume>1</volume>
                  <source>Lo Spazio Letterario della Grecia Antica</source>
                  <year>1993</year>
               </mixed-citation>
            </p>
         </fn>
         <fn id="d9691e2476a1310">
            <label>77</label>
            <p>
               <mixed-citation id="d9691e2483" publication-type="other">
Snyder (n. 32), 10</mixed-citation>
            </p>
            <p>
               <mixed-citation id="d9691e2489" publication-type="book">
G. Most, 'Preface', in G. Most (ed.), Editing Textsl Texte edieren,
Aporemata' 2 (Göttingen, 1998), vii<person-group>
                     <string-name>
                        <surname>Most</surname>
                     </string-name>
                  </person-group>
                  <comment content-type="section">Preface</comment>
                  <fpage>vii</fpage>
                  <volume>2</volume>
                  <source>Editing Textsl Texte edieren, Aporemata</source>
                  <year>1998</year>
               </mixed-citation>
            </p>
            <p>
               <mixed-citation id="d9691e2523" publication-type="book">
S. Goldhill, 'Wipe your glosses' in Most (n. 28), 381<person-group>
                     <string-name>
                        <surname>Goldhill</surname>
                     </string-name>
                  </person-group>
                  <fpage>381</fpage>
                  <source>Wipe your glosses</source>
               </mixed-citation>
            </p>
         </fn>
         <fn id="d9691e2545a1310">
            <label>78</label>
            <p>
               <mixed-citation id="d9691e2552" publication-type="book">
D. J. Thompson, 'Literacy and power in Ptolemaic Egypt', in A. Bowman and G. Woolf
(edd.), Literacy and Power in the Ancient World (Cambridge, 1994), 79, 82<person-group>
                     <string-name>
                        <surname>Thompson</surname>
                     </string-name>
                  </person-group>
                  <comment content-type="section">Literacy and power in Ptolemaic Egypt</comment>
                  <fpage>79</fpage>
                  <source>Literacy and Power in the Ancient World</source>
                  <year>1994</year>
               </mixed-citation>
            </p>
            <p>
               <mixed-citation id="d9691e2583" publication-type="other">
Most (n. 28), ix ff.</mixed-citation>
            </p>
            <p>
               <mixed-citation id="d9691e2589" publication-type="other">
Sluiter (n. 28), 173</mixed-citation>
            </p>
            <p>
               <mixed-citation id="d9691e2596" publication-type="other">
Snyder (n. 32), 3</mixed-citation>
            </p>
         </fn>
         <fn id="d9691e2603a1310">
            <label>79</label>
            <p>
               <mixed-citation id="d9691e2610" publication-type="other">
Sluiter (n. 28), 180.</mixed-citation>
            </p>
         </fn>
         <fn id="d9691e2618a1310">
            <label>80</label>
            <p>
               <mixed-citation id="d9691e2625" publication-type="other">
Ibid.</mixed-citation>
            </p>
            <p>
               <mixed-citation id="d9691e2631" publication-type="other">
Most (n. 28), x</mixed-citation>
            </p>
         </fn>
         <fn id="d9691e2638a1310">
            <label>81</label>
            <p>
               <mixed-citation id="d9691e2645" publication-type="other">
Sluiter (n. 28), 180</mixed-citation>
            </p>
         </fn>
         <fn id="d9691e2652a1310">
            <label>82</label>
            <p>
               <mixed-citation id="d9691e2659" publication-type="journal">
R. E Thomas, 'Virgil's Georgics and the art of reference', HSCP 90 (1986)<person-group>
                     <string-name>
                        <surname>Thomas</surname>
                     </string-name>
                  </person-group>
                  <volume>90</volume>
                  <source>HSCP</source>
                  <year>1986</year>
               </mixed-citation>
            </p>
            <p>
               <mixed-citation id="d9691e2683" publication-type="book">
Reading
Virgil and his Texts. Studies in Intertextuality (Ann Arbor, 1999), 114-15<fpage>114</fpage>
                  <source>Reading Virgil and his Texts. Studies in Intertextuality</source>
                  <year>1999</year>
               </mixed-citation>
            </p>
         </fn>
         <fn id="d9691e2702a1310">
            <label>83</label>
            <p>
               <mixed-citation id="d9691e2709" publication-type="other">
Pfeiffer (n. 6), 124.</mixed-citation>
            </p>
         </fn>
         <fn id="d9691e2716a1310">
            <label>84</label>
            <p>
               <mixed-citation id="d9691e2723" publication-type="other">
E Montanari, 'L' erudizione, la
filologia et la grammatica', in Gambiano et al. (n. 76), 250f., 259</mixed-citation>
            </p>
         </fn>
         <fn id="d9691e2733a1310">
            <label>85</label>
            <p>
               <mixed-citation id="d9691e2740" publication-type="other">
Above, pp. 481-2</mixed-citation>
            </p>
            <p>
               <mixed-citation id="d9691e2746" publication-type="other">
Maltby ([n. 8], 3)</mixed-citation>
            </p>
         </fn>
         <fn id="d9691e2754a1310">
            <label>86</label>
            <p>
               <mixed-citation id="d9691e2761" publication-type="other">
Sluiter (n. 28), 173.</mixed-citation>
            </p>
         </fn>
         <fn id="d9691e2768a1310">
            <label>87</label>
            <p>
               <mixed-citation id="d9691e2775" publication-type="book">
R. Blum, Kallimachos. The Alexandrian Library and the Origins of
Bibliography, trans. H. H. Wellisch (Madison, 1991), 50<person-group>
                     <string-name>
                        <surname>Blum</surname>
                     </string-name>
                  </person-group>
                  <fpage>50</fpage>
                  <source>Kallimachos. The Alexandrian Library and the Origins of Bibliography</source>
                  <year>1991</year>
               </mixed-citation>
            </p>
         </fn>
         <fn id="d9691e2804a1310">
            <label>88</label>
            <p>
               <mixed-citation id="d9691e2811" publication-type="other">
Sluiter (n. 28), 176ff.</mixed-citation>
            </p>
         </fn>
         <fn id="d9691e2818a1310">
            <label>89</label>
            <p>
               <mixed-citation id="d9691e2825" publication-type="other">
Ibid., 178; or 179</mixed-citation>
            </p>
         </fn>
         <fn id="d9691e2832a1310">
            <label>90</label>
            <p>
               <mixed-citation id="d9691e2839" publication-type="other">
Ibid., 186-7, esp. 187</mixed-citation>
            </p>
            <p>
               <mixed-citation id="d9691e2845" publication-type="other">
Goldhill (n. 77), 381</mixed-citation>
            </p>
         </fn>
         <fn id="d9691e2852a1310">
            <label>91</label>
            <p>
               <mixed-citation id="d9691e2859" publication-type="other">
Blum (n. 87), 122</mixed-citation>
            </p>
            <p>
               <mixed-citation id="d9691e2865" publication-type="other">
n. 71, 127</mixed-citation>
            </p>
            <p>
               <mixed-citation id="d9691e2871" publication-type="other">
Pfeiffer (n. 6), 92, 98</mixed-citation>
            </p>
         </fn>
         <fn id="d9691e2879a1310">
            <label>92</label>
            <p>
               <mixed-citation id="d9691e2886" publication-type="other">
Richardson (n. 63), 265-87</mixed-citation>
            </p>
            <p>
               <mixed-citation id="d9691e2892" publication-type="journal">
K. Snipes, 'Literary
interpretation in the Homeric scholia: the similes of the Iliad', AJP 109.2 (1988), 198, 221-2<object-id pub-id-type="doi">10.2307/294579</object-id>
                  <fpage>198</fpage>
               </mixed-citation>
            </p>
         </fn>
         <fn id="d9691e2908a1310">
            <label>93</label>
            <p>
               <mixed-citation id="d9691e2915" publication-type="journal">
A. Rengakos, 'Homerische Wörter bei Kallimachos', ZPE 94 (1992),
21-47<person-group>
                     <string-name>
                        <surname>Rengakos</surname>
                     </string-name>
                  </person-group>
                  <fpage>21</fpage>
                  <volume>94</volume>
                  <source>ZPE</source>
                  <year>1992</year>
               </mixed-citation>
            </p>
            <p>
               <mixed-citation id="d9691e2946" publication-type="other">
Der Homertext und die hellenistischen Dichter (Stuttgart, 1993)</mixed-citation>
            </p>
            <p>
               <mixed-citation id="d9691e2952" publication-type="other">
Apollonios Rhodios und die
antike Homererklärung (Munich, 1994)</mixed-citation>
            </p>
         </fn>
         <fn id="d9691e2962a1310">
            <label>94</label>
            <p>
               <mixed-citation id="d9691e2969" publication-type="other">
Blum (n. 87), 98.</mixed-citation>
            </p>
         </fn>
         <fn id="d9691e2976a1310">
            <label>95</label>
            <p>
               <mixed-citation id="d9691e2983" publication-type="book">
E. Magnelli, Alexandri Aetoli Testimonia et Fragmenta (Firenze, 1999), 12ff.<person-group>
                     <string-name>
                        <surname>Magnelli</surname>
                     </string-name>
                  </person-group>
                  <fpage>12</fpage>
                  <source>Alexandri Aetoli Testimonia et Fragmenta</source>
                  <year>1999</year>
               </mixed-citation>
            </p>
         </fn>
         <fn id="d9691e3008a1310">
            <label>96</label>
            <p>
               <mixed-citation id="d9691e3015" publication-type="book">
Lycophron's Alexandra, Pfeiffer (n. 6), 120<person-group>
                     <string-name>
                        <surname>Lycophron</surname>
                     </string-name>
                  </person-group>
                  <fpage>120</fpage>
                  <source>Alexandra</source>
               </mixed-citation>
            </p>
         </fn>
         <fn id="d9691e3037a1310">
            <label>97</label>
            <p>
               <mixed-citation id="d9691e3044" publication-type="other">
Blum (n. 87), 98, 127.</mixed-citation>
            </p>
         </fn>
         <fn id="d9691e3052a1310">
            <label>98</label>
            <p>
               <mixed-citation id="d9691e3059" publication-type="book">
E Montanari, 'Zenodotus, Aristarchus and the ekdosis of Homer', in Most (n. 77), 1-2.<person-group>
                     <string-name>
                        <surname>Montanari</surname>
                     </string-name>
                  </person-group>
                  <fpage>1</fpage>
                  <source>Zenodotus, Aristarchus and the ekdosis of Homer</source>
               </mixed-citation>
            </p>
         </fn>
         <fn id="d9691e3081a1310">
            <label>99</label>
            <p>
               <mixed-citation id="d9691e3088" publication-type="other">
Blum (n. 87), 111</mixed-citation>
            </p>
         </fn>
         <fn id="d9691e3095a1310">
            <label>100</label>
            <p>
               <mixed-citation id="d9691e3102" publication-type="other">
above n. 28</mixed-citation>
            </p>
         </fn>
         <fn id="d9691e3109a1310">
            <label>102</label>
            <p>
               <mixed-citation id="d9691e3116" publication-type="journal">
Th. Papadopoulou, 'Tradition
and invention in the Greek tragic scholia: some examples of terminology', SIFC 3rd ser. 16.2
(1998), 202-32<person-group>
                     <string-name>
                        <surname>Papadopoulou</surname>
                     </string-name>
                  </person-group>
                  <issue>2</issue>
                  <comment content-type="series title">3rd ser.</comment>
                  <fpage>202</fpage>
                  <volume>16</volume>
                  <source>SIFC</source>
                  <year>1998</year>
               </mixed-citation>
            </p>
         </fn>
         <fn id="d9691e3157a1310">
            <label>103</label>
            <p>
               <mixed-citation id="d9691e3164" publication-type="other">
Gumbrecht (n. 28), 444ff.</mixed-citation>
            </p>
         </fn>
         <fn id="d9691e3171a1310">
            <label>104</label>
            <p>
               <mixed-citation id="d9691e3178" publication-type="book">
M. Craig-Martin, in Clive Phillpot and Andrea Tarsin (edd.), Live in Your Head Concept
and Experiment in Britain 1965-75 (London: Whitechapel, 2000), 66-7.<person-group>
                     <string-name>
                        <surname>Craig-Martin</surname>
                     </string-name>
                  </person-group>
                  <fpage>66</fpage>
                  <source>Live in Your Head Concept and Experiment in Britain 1965-75</source>
                  <year>2000</year>
               </mixed-citation>
            </p>
         </fn>
      </fn-group>
   </back>
</article>
