<article xmlns:xsi="http://www.w3.org/2001/XMLSchema-instance"
         xmlns:xlink="http://www.w3.org/1999/xlink"
         xmlns:mml="http://www.w3.org/1998/Math/MathML"
         dtd-version="1.0"
         article-type="research-article">
   <front>
      <journal-meta>
         <journal-id journal-id-type="jstor">clasquar</journal-id>
         <journal-id journal-id-type="jstor">j100124</journal-id>
         <journal-title-group>
            <journal-title>The Classical Quarterly</journal-title>
         </journal-title-group>
         <publisher>
            <publisher-name>Oxford University Press</publisher-name>
         </publisher>
         <issn pub-type="ppub">00098388</issn>
         <issn pub-type="epub">14716844</issn>
      </journal-meta>
      <article-meta>
         <article-id pub-id-type="jstor">3556435</article-id>
         <article-categories>
            <subj-group>
               <subject>Shorter Notes</subject>
            </subj-group>
         </article-categories>
         <title-group>
            <article-title>Ovid and the Lectisternium (Metamorphoses 8. 651-60)</article-title>
         </title-group>
         <contrib-group>
            <contrib contrib-type="author">
               <string-name>
                  <given-names>Matthew</given-names>
                  <surname>Leigh</surname>
               </string-name>
            </contrib>
         </contrib-group>
         <pub-date>
            <day>1</day>
            <month>1</month>
            <year>2002</year>
         </pub-date>
         <volume>52</volume>
         <issue>2</issue>
         <issue-id>i369252</issue-id>
         <fpage>625</fpage>
         <lpage>627</lpage>
         <page-range>625-627</page-range>
         <permissions>
            <copyright-statement>Copyright 2002 Oxford University Press</copyright-statement>
         </permissions>
         <self-uri xlink:href="http://www.jstor.org/stable/3556435"/>
         <custom-meta-group>
            <custom-meta>
               <meta-name>lang</meta-name>
               <meta-value>eng</meta-value>
            </custom-meta>
         </custom-meta-group>
      </article-meta>
   </front>
   <back>
      <fn-group>
         <title>[Footnotes]</title>
         <fn id="d9740e123a1310">
            <label>2</label>
            <p>
               <mixed-citation id="d9740e130" publication-type="journal">
Bömer at Ov. Met. 8.657-8<person-group>
                     <string-name>
                        <surname>Bömer</surname>
                     </string-name>
                  </person-group>
                  <fpage>657</fpage>
                  <volume>8</volume>
                  <source>Ov. Met.</source>
               </mixed-citation>
            </p>
            <p>
               <mixed-citation id="d9740e154" publication-type="journal">
Ov. Met. 6.431<fpage>431</fpage>
                  <volume>6</volume>
                  <source>Ov. Met.</source>
               </mixed-citation>
            </p>
         </fn>
         <fn id="d9740e170a1310">
            <label>3</label>
            <p>
               <mixed-citation id="d9740e177" publication-type="other">
Livy 22.1.19</mixed-citation>
            </p>
            <p>
               <mixed-citation id="d9740e183" publication-type="journal">
Aug. De civ. Dei 3.17.2<issue>17</issue>
                  <fpage>2</fpage>
                  <volume>3</volume>
                  <source>De civ. Dei</source>
               </mixed-citation>
            </p>
         </fn>
         <fn id="d9740e202a1310">
            <label>4</label>
            <p>
               <mixed-citation id="d9740e209" publication-type="other">
Livy 5.13.6-8, 7.2.2, 7.27.1, 8.25.1</mixed-citation>
            </p>
            <p>
               <mixed-citation id="d9740e215" publication-type="other">
21.62.8, 22.1.18-20, 22.10.9, 36.1.2, 40.59.7; 42.30.8</mixed-citation>
            </p>
            <p>
               <mixed-citation id="d9740e221" publication-type="journal">
Macrob. Sat. 1.6.13<issue>6</issue>
                  <fpage>13</fpage>
                  <volume>1</volume>
                  <source>Sat.</source>
               </mixed-citation>
            </p>
            <p>
               <mixed-citation id="d9740e240" publication-type="book">
K. Latte, Römische Religionsgeschichte (Munich, 1960), 242-4<person-group>
                     <string-name>
                        <surname>Latte</surname>
                     </string-name>
                  </person-group>
                  <fpage>242</fpage>
                  <source>Römische Religionsgeschichte</source>
                  <year>1960</year>
               </mixed-citation>
            </p>
            <p>
               <mixed-citation id="d9740e264" publication-type="other">
Ogilvie at Livy
5.13.6-8</mixed-citation>
            </p>
            <p>
               <mixed-citation id="d9740e273" publication-type="book">
M. Beard, J. North, and S. Price, Religions of Rome 1 (Cambridge, 1998) 63<person-group>
                     <string-name>
                        <surname>Beard</surname>
                     </string-name>
                  </person-group>
                  <fpage>63</fpage>
                  <volume>1</volume>
                  <source>Religions of Rome</source>
                  <year>1998</year>
               </mixed-citation>
            </p>
            <p>
               <mixed-citation id="d9740e301" publication-type="other">
Fordyce at Catull. 64.47</mixed-citation>
            </p>
         </fn>
         <fn id="d9740e308a1310">
            <label>5</label>
            <p>
               <mixed-citation id="d9740e315" publication-type="other">
Livy 5.13.6-8</mixed-citation>
            </p>
            <p>
               <mixed-citation id="d9740e321" publication-type="other">
L. Calpurnius Piso Censorius fr. 25 Peter =
fr. 32 Forsythe = Dion. Hal. Ant. Rom. 12.9</mixed-citation>
            </p>
            <p>
               <mixed-citation id="d9740e330" publication-type="other">
Livy 5.13.7</mixed-citation>
            </p>
            <p>
               <mixed-citation id="d9740e337" publication-type="journal">
Dion. Hal. Ant. Rom. 12.9.3<issue>9</issue>
                  <fpage>3</fpage>
                  <volume>12</volume>
                  <source>Hal. Ant. Rom.</source>
               </mixed-citation>
            </p>
            <p>
               <mixed-citation id="d9740e355" publication-type="other">
esp.
Athen. Deipn. 639b-640a</mixed-citation>
            </p>
            <p>
               <mixed-citation id="d9740e364" publication-type="other">
esp. Livy 22.1.18-20</mixed-citation>
            </p>
         </fn>
         <fn id="d9740e372a1310">
            <label>6</label>
            <p>
               <mixed-citation id="d9740e379" publication-type="other">
Livy 5.13.4-5, 7.2.2-3, 7.27.1</mixed-citation>
            </p>
            <p>
               <mixed-citation id="d9740e385" publication-type="other">
Val. Max. 2.4.5</mixed-citation>
            </p>
            <p>
               <mixed-citation id="d9740e391" publication-type="journal">
Aug. De civ. Dei 3.17.2<issue>17</issue>
                  <fpage>2</fpage>
                  <volume>3</volume>
                  <source>De civ. Dei</source>
               </mixed-citation>
            </p>
         </fn>
         <fn id="d9740e410a1310">
            <label>7</label>
            <p>
               <mixed-citation id="d9740e417" publication-type="other">
L. Calpurnius Piso Censorius fr. 25 Peter = fr. 32 Forsythe</mixed-citation>
            </p>
            <p>
               <mixed-citation id="d9740e423" publication-type="journal">
Dion. Hal. Ant. Rom. 12.9<fpage>9</fpage>
                  <volume>12</volume>
                  <source>Hal. Ant. Rom.</source>
               </mixed-citation>
            </p>
         </fn>
         <fn id="d9740e439a1310">
            <label>8</label>
            <p>
               <mixed-citation id="d9740e446" publication-type="journal">
Ov. Met. 8.629<fpage>629</fpage>
                  <volume>8</volume>
                  <source>Ov. Met.</source>
               </mixed-citation>
            </p>
         </fn>
      </fn-group>
   </back>
</article>
