<article xmlns:xsi="http://www.w3.org/2001/XMLSchema-instance"
         xmlns:xlink="http://www.w3.org/1999/xlink"
         xmlns:mml="http://www.w3.org/1998/Math/MathML"
         dtd-version="1.0"
         article-type="research-article">
   <front>
      <journal-meta>
         <journal-id journal-id-type="jstor">clasquar</journal-id>
         <journal-id journal-id-type="jstor">j100124</journal-id>
         <journal-title-group>
            <journal-title>The Classical Quarterly</journal-title>
         </journal-title-group>
         <publisher>
            <publisher-name>Oxford University Press</publisher-name>
         </publisher>
         <issn pub-type="ppub">00098388</issn>
         <issn pub-type="epub">14716844</issn>
      </journal-meta>
      <article-meta>
         <article-id pub-id-type="jstor">3556454</article-id>
         <title-group>
            <article-title>Plato's Psychogonia in Later Platonism</article-title>
         </title-group>
         <contrib-group>
            <contrib contrib-type="author">
               <string-name>
                  <given-names>John</given-names>
                  <surname>Phillips</surname>
               </string-name>
            </contrib>
         </contrib-group>
         <pub-date>
            <day>1</day>
            <month>1</month>
            <year>2002</year>
         </pub-date>
         <volume>52</volume>
         <issue>1</issue>
         <issue-id>i369251</issue-id>
         <fpage>231</fpage>
         <lpage>247</lpage>
         <page-range>231-247</page-range>
         <permissions>
            <copyright-statement/>
         </permissions>
         <self-uri xlink:href="http://www.jstor.org/stable/3556454"/>
         <custom-meta-group>
            <custom-meta>
               <meta-name>lang</meta-name>
               <meta-value>eng</meta-value>
            </custom-meta>
         </custom-meta-group>
      </article-meta>
   </front>
   <back>
      <fn-group>
         <title>[Footnotes]</title>
         <fn id="d2133e113a1310">
            <label>1</label>
            <p>
               <mixed-citation id="d2133e120" publication-type="journal">
G. M. A. Grube, 'The composition of the World-Soul in Timaeus 35A-B',
JP 27 (1932), n. 1, 80-2<person-group>
                     <string-name>
                        <surname>Grube</surname>
                     </string-name>
                  </person-group>
                  <fpage>80</fpage>
                  <volume>27</volume>
                  <source>JP</source>
                  <year>1932</year>
               </mixed-citation>
            </p>
         </fn>
         <fn id="d2133e152a1310">
            <label>2</label>
            <p>
               <mixed-citation id="d2133e159" publication-type="journal">
In Tim. 2.154.6ff<issue>154</issue>
                  <fpage>6</fpage>
                  <volume>2</volume>
                  <source>In Tim</source>
               </mixed-citation>
            </p>
         </fn>
         <fn id="d2133e178a1310">
            <label>3</label>
            <p>
               <mixed-citation id="d2133e185" publication-type="journal">
In Tim.
2.152.24-9<issue>152</issue>
                  <fpage>24</fpage>
                  <volume>2</volume>
                  <source>In Tim.</source>
               </mixed-citation>
            </p>
         </fn>
         <fn id="d2133e208a1310">
            <label>4</label>
            <p>
               <mixed-citation id="d2133e215" publication-type="book">
W. Deuse, Untersuchungen zur mittelplatonischen
und neuplatonischen Seelenlehre (Wiesbaden, 1983), 48ff.<person-group>
                     <string-name>
                        <surname>Deuse</surname>
                     </string-name>
                  </person-group>
                  <fpage>48</fpage>
                  <source>Untersuchungen zur mittelplatonischen und neuplatonischen Seelenlehre</source>
                  <year>1983</year>
               </mixed-citation>
            </p>
            <p>
               <mixed-citation id="d2133e243" publication-type="book">
J. Dillon, The Middle Platonists, rev.
edn (Ithaca, 1996), 444-5<person-group>
                     <string-name>
                        <surname>Dillon</surname>
                     </string-name>
                  </person-group>
                  <fpage>444</fpage>
                  <source>The Middle Platonists</source>
                  <year>1996</year>
               </mixed-citation>
            </p>
            <p>
               <mixed-citation id="d2133e271" publication-type="book">
M. Baltes, 'Zur Philosophie des Platonikers Attikos', in H.-D. Blume
and F. Mann (edd.), Platonismus und Christentum. Festschrift für Heinrich Dörrie (Münster,
1983), 46-7<person-group>
                     <string-name>
                        <surname>Baltes</surname>
                     </string-name>
                  </person-group>
                  <comment content-type="section">Zur Philosophie des Platonikers Attikos</comment>
                  <fpage>46</fpage>
                  <source>Platonismus und Christentum. Festschrift für Heinrich Dörrie</source>
                  <year>1983</year>
               </mixed-citation>
            </p>
         </fn>
         <fn id="d2133e307a1310">
            <label>5</label>
            <p>
               <mixed-citation id="d2133e314" publication-type="journal">
In Tim. 1.381ff. and 391.4ff<fpage>381</fpage>
                  <volume>1</volume>
                  <source>In Tim.</source>
               </mixed-citation>
            </p>
            <p>
               <mixed-citation id="d2133e329" publication-type="other">
Timaeus 30a3-4</mixed-citation>
            </p>
         </fn>
         <fn id="d2133e336a1310">
            <label>6</label>
            <p>
               <mixed-citation id="d2133e343" publication-type="other">
Timaeus 34c</mixed-citation>
            </p>
            <p>
               <mixed-citation id="d2133e349" publication-type="other">
Laws 714e and 89ab</mixed-citation>
            </p>
         </fn>
         <fn id="d2133e356a1310">
            <label>7</label>
            <p>
               <mixed-citation id="d2133e363" publication-type="other">
Plutarch's 'Soul-in-itself'</mixed-citation>
            </p>
            <p>
               <mixed-citation id="d2133e369" publication-type="other">
Deuse (n. 4), 12ff. and 42ff</mixed-citation>
            </p>
         </fn>
         <fn id="d2133e376a1310">
            <label>8</label>
            <p>
               <mixed-citation id="d2133e383" publication-type="other">
1025ab, 161, 5ff.</mixed-citation>
            </p>
         </fn>
         <fn id="d2133e390a1310">
            <label>9</label>
            <p>
               <mixed-citation id="d2133e397" publication-type="other">
1022f-1023a, 156, 9ff.</mixed-citation>
            </p>
         </fn>
         <fn id="d2133e404a1310">
            <label>10</label>
            <p>
               <mixed-citation id="d2133e411" publication-type="book">
H. Dörrie, 'Die Lehre
von der Seele', in Porphyre, Fondation Hardt, Entretiens sur l'antiquité classique (Vandoeuvres and
Genéve, 1965), 176ff<person-group>
                     <string-name>
                        <surname>Dörrie</surname>
                     </string-name>
                  </person-group>
                  <comment content-type="section">Die Lehre von der Seele</comment>
                  <fpage>176</fpage>
                  <source>Porphyre, Fondation Hardt, Entretiens sur l'antiquité classique</source>
                  <year>1965</year>
               </mixed-citation>
            </p>
         </fn>
         <fn id="d2133e447a1310">
            <label>11</label>
            <p>
               <mixed-citation id="d2133e454" publication-type="other">
In Tim. 1.300.1ff., 383ff.</mixed-citation>
            </p>
            <p>
               <mixed-citation id="d2133e460" publication-type="other">
396.1ff.</mixed-citation>
            </p>
            <p>
               <mixed-citation id="d2133e466" publication-type="other">
2.102.6ff</mixed-citation>
            </p>
         </fn>
         <fn id="d2133e473a1310">
            <label>12</label>
            <p>
               <mixed-citation id="d2133e480" publication-type="other">
Proclus' treatise De malorum subsistentia</mixed-citation>
            </p>
         </fn>
         <fn id="d2133e487a1310">
            <label>13</label>
            <p>
               <mixed-citation id="d2133e494" publication-type="other">
In Tim. 2.154.1</mixed-citation>
            </p>
         </fn>
         <fn id="d2133e501a1310">
            <label>14</label>
            <p>
               <mixed-citation id="d2133e508" publication-type="other">
In Tim. 2.149.4ff., 152.24ff.</mixed-citation>
            </p>
            <p>
               <mixed-citation id="d2133e514" publication-type="other">
155.3-156.24</mixed-citation>
            </p>
            <p>
               <mixed-citation id="d2133e520" publication-type="journal">
J. Trouillard, 'Proclos définit
l'ăme contre Aristote', Diotima 3 (1975), 133-4<person-group>
                     <string-name>
                        <surname>Trouillard</surname>
                     </string-name>
                  </person-group>
                  <fpage>133</fpage>
                  <volume>3</volume>
                  <source>Diotima</source>
                  <year>1975</year>
               </mixed-citation>
            </p>
            <p>
               <mixed-citation id="d2133e552" publication-type="book">
id., 'Übereinstimmung der Definitionen der Seele bei Proklos', in C. Zintzen (ed.),
Die Philosophie des Neuplatonismus (Darmstadt, 1977), 313<person-group>
                     <string-name>
                        <surname>Trouillard</surname>
                     </string-name>
                  </person-group>
                  <comment content-type="section">Übereinstimmung der Definitionen der Seele bei Proklos</comment>
                  <fpage>313</fpage>
                  <source>Die Philosophie des Neuplatonismus</source>
                  <year>1977</year>
               </mixed-citation>
            </p>
         </fn>
         <fn id="d2133e584a1310">
            <label>15</label>
            <p>
               <mixed-citation id="d2133e591" publication-type="other">
In Tim. 1.383.25ff.</mixed-citation>
            </p>
            <p>
               <mixed-citation id="d2133e597" publication-type="other">
2.119.16ff. and 155.3ff.</mixed-citation>
            </p>
            <p>
               <mixed-citation id="d2133e603" publication-type="other">
P.T. 3.9, p. 37, 15ff.</mixed-citation>
            </p>
            <p>
               <mixed-citation id="d2133e610" publication-type="other">
In Tim. 2.126.26-7</mixed-citation>
            </p>
         </fn>
         <fn id="d2133e617a1310">
            <label>16</label>
            <p>
               <mixed-citation id="d2133e624" publication-type="book">
J. H. Waszink, 'Porphyrios und Numenios', in C. Zintzen (ed.), Die Philosophie des
Neuplatonismus (Darmstadt, 1977), 67-8 and 76-7<person-group>
                     <string-name>
                        <surname>Waszink</surname>
                     </string-name>
                  </person-group>
                  <comment content-type="section">Porphyrios und Numenios</comment>
                  <fpage>67</fpage>
                  <source>Die Philosophie des Neuplatonismus</source>
                  <year>1977</year>
               </mixed-citation>
            </p>
            <p>
               <mixed-citation id="d2133e655" publication-type="book">
J. C. M. Van Winden, Calcidius on Matter.
His Doctrine and Sources (Leiden 1959), 114<person-group>
                     <string-name>
                        <surname>Van Winden</surname>
                     </string-name>
                  </person-group>
                  <fpage>114</fpage>
                  <source>Calcidius on Matter. His Doctrine and Sources</source>
                  <year>1959</year>
               </mixed-citation>
            </p>
            <p>
               <mixed-citation id="d2133e683" publication-type="book">
K. Alt, Weltflucht und Weltbejahung zur Frage des
Dualismus bei Plutarch, Numenios, Plotin (Stuttgart, 1993), 38-9<person-group>
                     <string-name>
                        <surname>Alt</surname>
                     </string-name>
                  </person-group>
                  <fpage>38</fpage>
                  <source>Weltflucht und Weltbejahung zur Frage des Dualismus bei Plutarch, Numenios, Plotin</source>
                  <year>1993</year>
               </mixed-citation>
            </p>
            <p>
               <mixed-citation id="d2133e712" publication-type="journal">
M. Baltes, 'Numenios von
Apamea und der Platonische Timaios', Vigiliae Christianae 29 (1975, n. 1), 268-9<object-id pub-id-type="doi">10.2307/1582870</object-id>
                  <fpage>268</fpage>
               </mixed-citation>
            </p>
            <p>
               <mixed-citation id="d2133e727" publication-type="other">
Deuse (n. 4),
70ff</mixed-citation>
            </p>
         </fn>
         <fn id="d2133e738a1310">
            <label>17</label>
            <p>
               <mixed-citation id="d2133e745" publication-type="other">
Alt (n. 16), 31 and 40</mixed-citation>
            </p>
            <p>
               <mixed-citation id="d2133e751" publication-type="other">
Baltes (n. 16), 252-3</mixed-citation>
            </p>
         </fn>
         <fn id="d2133e758a1310">
            <label>18</label>
            <p>
               <mixed-citation id="d2133e765" publication-type="book">
J. H. Waszink (ed.), Timaeus a Calcidio translatus commentarioque instructus. In societatem
operis coniuncto PJ Jensen. Plato Latinus IV (Londinii et Leidae, 1962), xlix-liii<person-group>
                     <string-name>
                        <surname>Waszink</surname>
                     </string-name>
                  </person-group>
                  <fpage>xlix</fpage>
                  <volume>IV</volume>
                  <source>Timaeus a Calcidio translatus commentarioque instructus. In societatem operis coniuncto PJ Jensen. Plato Latinus</source>
                  <year>1962</year>
               </mixed-citation>
            </p>
            <p>
               <mixed-citation id="d2133e796" publication-type="book">
J. C. M. Van Winden, 'Supplementary notes to the
photographic reprint', Calcidius on Matter (Leiden, 1965), 254ff<person-group>
                     <string-name>
                        <surname>Van Winden</surname>
                     </string-name>
                  </person-group>
                  <comment content-type="section">Supplementary notes to the photographic reprint</comment>
                  <fpage>254</fpage>
                  <source>Calcidius on Matter</source>
                  <year>1965</year>
               </mixed-citation>
            </p>
            <p>
               <mixed-citation id="d2133e827" publication-type="other">
Waszink, cf. Deuse (n. 4), 73ff</mixed-citation>
            </p>
            <p>
               <mixed-citation id="d2133e834" publication-type="other">
'Porphyrios und Numenios' (n. 16), 74</mixed-citation>
            </p>
            <p>
               <mixed-citation id="d2133e840" publication-type="other">
n. 3</mixed-citation>
            </p>
            <p>
               <mixed-citation id="d2133e846" publication-type="other">
ibid. 249</mixed-citation>
            </p>
            <p>
               <mixed-citation id="d2133e852" publication-type="other">
n. 1</mixed-citation>
            </p>
            <p>
               <mixed-citation id="d2133e858" publication-type="other">
(n. 16), 247</mixed-citation>
            </p>
            <p>
               <mixed-citation id="d2133e864" publication-type="other">
n. 28</mixed-citation>
            </p>
         </fn>
         <fn id="d2133e871a1310">
            <label>19</label>
            <p>
               <mixed-citation id="d2133e878" publication-type="other">
n. 3</mixed-citation>
            </p>
            <p>
               <mixed-citation id="d2133e884" publication-type="other">
(n. 16), 255</mixed-citation>
            </p>
         </fn>
         <fn id="d2133e891a1310">
            <label>20</label>
            <p>
               <mixed-citation id="d2133e898" publication-type="other">
Calcidius, In Tim.
c. 31, p. 80, 19-81, 7 Waszink</mixed-citation>
            </p>
         </fn>
         <fn id="d2133e908a1310">
            <label>21</label>
            <p>
               <mixed-citation id="d2133e915" publication-type="book">
J. Mansfeld, Heresiography in Context. Hippolytus' Elenchos as a Source for Greek
Philosophy (Leiden, 1992), 295ff<person-group>
                     <string-name>
                        <surname>Mansfeld</surname>
                     </string-name>
                  </person-group>
                  <fpage>295</fpage>
                  <source>Heresiography in Context. Hippolytus' Elenchos as a Source for Greek Philosophy</source>
                  <year>1992</year>
               </mixed-citation>
            </p>
         </fn>
         <fn id="d2133e944a1310">
            <label>22</label>
            <p>
               <mixed-citation id="d2133e951" publication-type="other">
c. 27, p. 78, 4</mixed-citation>
            </p>
            <p>
               <mixed-citation id="d2133e957" publication-type="other">
c. 29, p. 79, 15</mixed-citation>
            </p>
            <p>
               <mixed-citation id="d2133e963" publication-type="other">
c. 31, p. 80, 11-12</mixed-citation>
            </p>
            <p>
               <mixed-citation id="d2133e970" publication-type="other">
p. 81, 8-9</mixed-citation>
            </p>
         </fn>
         <fn id="d2133e978a1310">
            <label>23</label>
            <p>
               <mixed-citation id="d2133e985" publication-type="other">
c. 27, p. 78, 3-6</mixed-citation>
            </p>
            <p>
               <mixed-citation id="d2133e991" publication-type="other">
c. 31, p. 81, 9-10</mixed-citation>
            </p>
            <p>
               <mixed-citation id="d2133e997" publication-type="other">
Proclus, In Tim. 2.153.17-25</mixed-citation>
            </p>
         </fn>
         <fn id="d2133e1004a1310">
            <label>24</label>
            <p>
               <mixed-citation id="d2133e1011" publication-type="other">
(n. 16), 248</mixed-citation>
            </p>
            <p>
               <mixed-citation id="d2133e1017" publication-type="other">
n. 33</mixed-citation>
            </p>
            <p>
               <mixed-citation id="d2133e1023" publication-type="other">
Alt (n. 16), 32</mixed-citation>
            </p>
            <p>
               <mixed-citation id="d2133e1030" publication-type="other">
Waszink (n. 16), 68-9</mixed-citation>
            </p>
         </fn>
         <fn id="d2133e1037a1310">
            <label>25</label>
            <p>
               <mixed-citation id="d2133e1044" publication-type="other">
Baltes (n. 16), 247-8</mixed-citation>
            </p>
            <p>
               <mixed-citation id="d2133e1050" publication-type="other">
Alt (n. 16), 32</mixed-citation>
            </p>
            <p>
               <mixed-citation id="d2133e1056" publication-type="other">
Waszink (n. 16), 68-9</mixed-citation>
            </p>
            <p>
               <mixed-citation id="d2133e1063" publication-type="other">
Baltes (n. 16), 247</mixed-citation>
            </p>
         </fn>
         <fn id="d2133e1070a1310">
            <label>26</label>
            <p>
               <mixed-citation id="d2133e1077" publication-type="other">
Calcidius, In Tim. c. 297, p. 299, 14-18</mixed-citation>
            </p>
            <p>
               <mixed-citation id="d2133e1083" publication-type="other">
Waszink (= fr. 52, p. 97, 64-70 des Places)</mixed-citation>
            </p>
         </fn>
         <fn id="d2133e1090a1310">
            <label>27</label>
            <p>
               <mixed-citation id="d2133e1097" publication-type="other">
Phaedrus 245e5-7</mixed-citation>
            </p>
            <p>
               <mixed-citation id="d2133e1103" publication-type="other">
Timaeus
30a3-6</mixed-citation>
            </p>
            <p>
               <mixed-citation id="d2133e1112" publication-type="other">
Plutarch De an. procr. 1014c</mixed-citation>
            </p>
            <p>
               <mixed-citation id="d2133e1119" publication-type="other">
Plat. quaest. 1003a</mixed-citation>
            </p>
         </fn>
         <fn id="d2133e1126a1310">
            <label>29</label>
            <p>
               <mixed-citation id="d2133e1133" publication-type="other">
bodies: c. 28</mixed-citation>
            </p>
            <p>
               <mixed-citation id="d2133e1139" publication-type="other">
Soul: c. 52</mixed-citation>
            </p>
         </fn>
         <fn id="d2133e1147a1310">
            <label>31</label>
            <p>
               <mixed-citation id="d2133e1154" publication-type="other">
Calcidius, In Tim. c. 51-5</mixed-citation>
            </p>
         </fn>
         <fn id="d2133e1161a1310">
            <label>32</label>
            <p>
               <mixed-citation id="d2133e1168" publication-type="other">
Eusebius, Pr. Ev., 11.17.11-18</mixed-citation>
            </p>
            <p>
               <mixed-citation id="d2133e1174" publication-type="other">
p. 536d-537b V.; 2</mixed-citation>
            </p>
            <p>
               <mixed-citation id="d2133e1180" publication-type="other">
p. 40, 9-41, 5</mixed-citation>
            </p>
            <p>
               <mixed-citation id="d2133e1187" publication-type="other">
Mras (= fr. 11, p. 53 des
Places)</mixed-citation>
            </p>
         </fn>
         <fn id="d2133e1197a1310">
            <label>33</label>
            <p>
               <mixed-citation id="d2133e1204" publication-type="other">
Calcidius c. 31</mixed-citation>
            </p>
         </fn>
         <fn id="d2133e1211a1310">
            <label>34</label>
            <p>
               <mixed-citation id="d2133e1218" publication-type="journal">
Iamblichus, [Unrepresented Chrecters], ap. Stob. Anthol. 1.49.32<person-group>
                     <string-name>
                        <surname>Iamblichus</surname>
                     </string-name>
                  </person-group>
                  <issue>49</issue>
                  <fpage>32</fpage>
                  <volume>1</volume>
                  <source>Stob. Anthol.</source>
               </mixed-citation>
            </p>
            <p>
               <mixed-citation id="d2133e1246" publication-type="other">
p. 365, 5-21 and 67</mixed-citation>
            </p>
            <p>
               <mixed-citation id="d2133e1252" publication-type="other">
p. 458, 3-4</mixed-citation>
            </p>
            <p>
               <mixed-citation id="d2133e1259" publication-type="other">
Wachsmuth (= frs. 41 and 42, p. 90 des Places)</mixed-citation>
            </p>
         </fn>
         <fn id="d2133e1266a1310">
            <label>35</label>
            <p>
               <mixed-citation id="d2133e1273" publication-type="journal">
Porphyry, [Unrepresented Characters], ap. Stob., Anthol. 1.49.25a<person-group>
                     <string-name>
                        <surname>Porphyry</surname>
                     </string-name>
                  </person-group>
                  <issue>49</issue>
                  <fpage>25a</fpage>
                  <volume>1</volume>
                  <source>Stob., Anthol.</source>
               </mixed-citation>
            </p>
            <p>
               <mixed-citation id="d2133e1301" publication-type="other">
p. 350, 25-351, 1</mixed-citation>
            </p>
            <p>
               <mixed-citation id="d2133e1307" publication-type="other">
Baltes (n. 16), 244ff</mixed-citation>
            </p>
            <p>
               <mixed-citation id="d2133e1314" publication-type="other">
Waszink (n. 16), 76-7</mixed-citation>
            </p>
         </fn>
         <fn id="d2133e1321a1310">
            <label>36</label>
            <p>
               <mixed-citation id="d2133e1328" publication-type="other">
De an. procr. 1012d, p. 144, 19</mixed-citation>
            </p>
            <p>
               <mixed-citation id="d2133e1334" publication-type="other">
1013b-d, p. 146</mixed-citation>
            </p>
            <p>
               <mixed-citation id="d2133e1340" publication-type="book">
P Thevenaz, L'dme du monde. Le devenir et
la matilere chez Plutarque (Paris, 1938), 62<person-group>
                     <string-name>
                        <surname>Thevenaz</surname>
                     </string-name>
                  </person-group>
                  <fpage>62</fpage>
                  <source>L'dme du monde. Le devenir et la matilere chez Plutarque</source>
                  <year>1938</year>
               </mixed-citation>
            </p>
         </fn>
         <fn id="d2133e1370a1310">
            <label>37</label>
            <p>
               <mixed-citation id="d2133e1377" publication-type="journal">
John Philoponus, In Aristot. De anima, p. 9, 35-38<person-group>
                     <string-name>
                        <surname>Philoponus</surname>
                     </string-name>
                  </person-group>
                  <fpage>9</fpage>
                  <source>In Aristot. De anima</source>
               </mixed-citation>
            </p>
            <p>
               <mixed-citation id="d2133e1398" publication-type="other">
Hayduck (= fr. 47, p. 93, 1-5 des
Places)</mixed-citation>
            </p>
            <p>
               <mixed-citation id="d2133e1407" publication-type="other">
Alt
(n. 16), 39-40</mixed-citation>
            </p>
            <p>
               <mixed-citation id="d2133e1417" publication-type="other">
Baltes (n. 16), 244</mixed-citation>
            </p>
         </fn>
         <fn id="d2133e1424a1310">
            <label>38</label>
            <p>
               <mixed-citation id="d2133e1431" publication-type="other">
Calcidius, In Tim., c. 297, p. 300, 1-2</mixed-citation>
            </p>
            <p>
               <mixed-citation id="d2133e1437" publication-type="other">
(= fr. 52, p. 97, 70-3 des Places)</mixed-citation>
            </p>
         </fn>
         <fn id="d2133e1444a1310">
            <label>39</label>
            <p>
               <mixed-citation id="d2133e1451" publication-type="other">
Nature a insepar-
abili corporum comite, id est stirpea (c. 31, p. 80, 11-12)</mixed-citation>
            </p>
         </fn>
         <fn id="d2133e1461a1310">
            <label>40</label>
            <p>
               <mixed-citation id="d2133e1468" publication-type="book">
Nemesius, [Unrepresented Characters], 2, 8-14<person-group>
                     <string-name>
                        <surname>Nemesius</surname>
                     </string-name>
                  </person-group>
                  <fpage>8</fpage>
                  <volume>2</volume>
                  <source>[Unrepresented Characters]</source>
               </mixed-citation>
            </p>
            <p>
               <mixed-citation id="d2133e1492" publication-type="other">
pp. 69-72</mixed-citation>
            </p>
            <p>
               <mixed-citation id="d2133e1498" publication-type="other">
C. F Matthaei (= fr. 4b, pp. 46-7 des Places)</mixed-citation>
            </p>
         </fn>
         <fn id="d2133e1505a1310">
            <label>41</label>
            <p>
               <mixed-citation id="d2133e1512" publication-type="other">
Deuse (n. 4), 117-18</mixed-citation>
            </p>
            <p>
               <mixed-citation id="d2133e1518" publication-type="other">
Timaeus 35a</mixed-citation>
            </p>
            <p>
               <mixed-citation id="d2133e1524" publication-type="book">
P. P. Matter, Zum Einfluss
des platonischen 'Timaios' auf das Denken Plotins (Winterthur, 1964), 26-7 and 57-8<person-group>
                     <string-name>
                        <surname>Matter</surname>
                     </string-name>
                  </person-group>
                  <fpage>26</fpage>
                  <source>Zum Einfluss des platonischen 'Timaios' auf das Denken Plotins</source>
                  <year>1964</year>
               </mixed-citation>
            </p>
         </fn>
         <fn id="d2133e1553a1310">
            <label>42</label>
            <p>
               <mixed-citation id="d2133e1560" publication-type="journal">
J. Trouillard, 'L'âme du Timée et l'un du
Parmenide dans la perspective néoplatonicienne', Rev. Int. Philos. 24 (1970), 239<person-group>
                     <string-name>
                        <surname>Trouillard</surname>
                     </string-name>
                  </person-group>
                  <fpage>239</fpage>
                  <volume>24</volume>
                  <source>Rev. Int. Philos.</source>
                  <year>1970</year>
               </mixed-citation>
            </p>
         </fn>
         <fn id="d2133e1593a1310">
            <label>43</label>
            <p>
               <mixed-citation id="d2133e1600" publication-type="other">
4.1.1.40ff.; 4.2.1; 4.3.4 and 19; 4.9.2-3</mixed-citation>
            </p>
            <p>
               <mixed-citation id="d2133e1606" publication-type="other">
Soul (immunis ab incorporatione in mundo intellegibili
semper)</mixed-citation>
            </p>
            <p>
               <mixed-citation id="d2133e1615" publication-type="other">
Soul (modo eiusdem naturae contemplaretur divinitatem attollens aciem
ad sublimia, modo ad ima sedemque diversae naturae vergens)</mixed-citation>
            </p>
            <p>
               <mixed-citation id="d2133e1625" publication-type="book">
P. Henry,
Études Plotiniennes I. Les états du texte de Plotin (Paris, 1961), 38-9<person-group>
                     <string-name>
                        <surname>Henry</surname>
                     </string-name>
                  </person-group>
                  <fpage>38</fpage>
                  <source>Études Plotiniennes I. Les états du texte de Plotin</source>
                  <year>1961</year>
               </mixed-citation>
            </p>
            <p>
               <mixed-citation id="d2133e1653" publication-type="book">
M. A. Elferink, La descente de l'âme d'après Macrobe (Leiden,
1968), 27<person-group>
                     <string-name>
                        <surname>Elferink</surname>
                     </string-name>
                  </person-group>
                  <fpage>27</fpage>
                  <source>La descente de l'âme d'après Macrobe</source>
                  <year>1968</year>
               </mixed-citation>
            </p>
         </fn>
         <fn id="d2133e1682a1310">
            <label>44</label>
            <p>
               <mixed-citation id="d2133e1689" publication-type="other">
4.2.1.1ff.</mixed-citation>
            </p>
            <p>
               <mixed-citation id="d2133e1695" publication-type="other">
4.1.1.50ff</mixed-citation>
            </p>
         </fn>
         <fn id="d2133e1702a1310">
            <label>45</label>
            <p>
               <mixed-citation id="d2133e1709" publication-type="other">
3.9.1.32-3; 1.1.8; 4.3.5.13-14</mixed-citation>
            </p>
         </fn>
         <fn id="d2133e1716a1310">
            <label>46</label>
            <p>
               <mixed-citation id="d2133e1723" publication-type="other">
1.1.8</mixed-citation>
            </p>
            <p>
               <mixed-citation id="d2133e1729" publication-type="other">
Soul's eadem et item diversa natura</mixed-citation>
            </p>
            <p>
               <mixed-citation id="d2133e1735" publication-type="other">
Calcidius, In Tim. c. 53, p. 101, 17</mixed-citation>
            </p>
         </fn>
         <fn id="d2133e1742a1310">
            <label>47</label>
            <p>
               <mixed-citation id="d2133e1751" publication-type="book">
H. Dörrie, Porphyrios' 'Symmikta Zetemata' (Munich,
1959), 187-98<person-group>
                     <string-name>
                        <surname>Dörrie</surname>
                     </string-name>
                  </person-group>
                  <fpage>187</fpage>
                  <source>Porphyrios' 'Symmikta Zetemata'</source>
                  <year>1959</year>
               </mixed-citation>
            </p>
            <p>
               <mixed-citation id="d2133e1779" publication-type="other">
Elferink (n. 43), 29-30</mixed-citation>
            </p>
            <p>
               <mixed-citation id="d2133e1786" publication-type="other">
Timaeus 35a ff</mixed-citation>
            </p>
         </fn>
         <fn id="d2133e1793a1310">
            <label>48</label>
            <p>
               <mixed-citation id="d2133e1800" publication-type="journal">
H.-R. Schwyzer, 'Zu Plotins Interpretation von Platons Timaeus 35A', RLM NF 84 (1935),
360-8<person-group>
                     <string-name>
                        <surname>Schwyzer</surname>
                     </string-name>
                  </person-group>
                  <fpage>360</fpage>
                  <volume>84</volume>
                  <source>RLM NF</source>
                  <year>1935</year>
               </mixed-citation>
            </p>
            <p>
               <mixed-citation id="d2133e1831" publication-type="other">
Elferink,
(n. 43), 27 and 53</mixed-citation>
            </p>
            <p>
               <mixed-citation id="d2133e1840" publication-type="other">
n. 75</mixed-citation>
            </p>
         </fn>
         <fn id="d2133e1848a1310">
            <label>50</label>
            <p>
               <mixed-citation id="d2133e1855" publication-type="other">
4.1.2</mixed-citation>
            </p>
            <p>
               <mixed-citation id="d2133e1861" publication-type="other">
3.9.1.30ff</mixed-citation>
            </p>
         </fn>
         <fn id="d2133e1868a1310">
            <label>52</label>
            <p>
               <mixed-citation id="d2133e1875" publication-type="other">
Schwyzer ([n. 48], 364)</mixed-citation>
            </p>
         </fn>
         <fn id="d2133e1882a1310">
            <label>53</label>
            <p>
               <mixed-citation id="d2133e1889" publication-type="other">
3.3.4.37ff.; 3.6.7.8-9</mixed-citation>
            </p>
            <p>
               <mixed-citation id="d2133e1895" publication-type="other">
1.8.14.34</mixed-citation>
            </p>
         </fn>
         <fn id="d2133e1902a1310">
            <label>54</label>
            <p>
               <mixed-citation id="d2133e1909" publication-type="other">
3.6.11.19ff</mixed-citation>
            </p>
            <p>
               <mixed-citation id="d2133e1915" publication-type="other">
1.1.12; 1.8.4
and 11-13</mixed-citation>
            </p>
            <p>
               <mixed-citation id="d2133e1924" publication-type="other">
1.1.12 and 1.8.5.20ff.</mixed-citation>
            </p>
            <p>
               <mixed-citation id="d2133e1931" publication-type="other">
Timaeus 47e</mixed-citation>
            </p>
            <p>
               <mixed-citation id="d2133e1937" publication-type="other">
3.2.2 and 3.3.6-7</mixed-citation>
            </p>
            <p>
               <mixed-citation id="d2133e1943" publication-type="other">
1.2.2; 1.8.14-15; 3.6.7</mixed-citation>
            </p>
         </fn>
         <fn id="d2133e1950a1310">
            <label>55</label>
            <p>
               <mixed-citation id="d2133e1957" publication-type="book">
VP 14, 10ff.<fpage>10</fpage>
                  <volume>14</volume>
                  <source>VP</source>
               </mixed-citation>
            </p>
            <p>
               <mixed-citation id="d2133e1972" publication-type="other">
3, 44ff</mixed-citation>
            </p>
            <p>
               <mixed-citation id="d2133e1978" publication-type="other">
VP 17 and 21</mixed-citation>
            </p>
            <p>
               <mixed-citation id="d2133e1985" publication-type="book">
E. R.
Dodds, 'Numenius and Ammonius', in Les sources de Plotin, Fondation Hardt, Entretiens sur
l'antiquité classique (Vandoeuvres and Genève, 1957), 18ff<person-group>
                     <string-name>
                        <surname>Dodds</surname>
                     </string-name>
                  </person-group>
                  <comment content-type="section">Numenius and Ammonius</comment>
                  <fpage>18</fpage>
                  <source>Les sources de Plotin, Fondation Hardt, Entretiens sur l'antiquité classique</source>
                  <year>1957</year>
               </mixed-citation>
            </p>
         </fn>
      </fn-group>
   </back>
</article>
