<article xmlns:xsi="http://www.w3.org/2001/XMLSchema-instance"
         xmlns:xlink="http://www.w3.org/1999/xlink"
         xmlns:mml="http://www.w3.org/1998/Math/MathML"
         dtd-version="1.0"
         article-type="research-article">
   <front>
      <journal-meta>
         <journal-id journal-id-type="jstor">clasquar</journal-id>
         <journal-id journal-id-type="jstor">j100124</journal-id>
         <journal-title-group>
            <journal-title>The Classical Quarterly</journal-title>
         </journal-title-group>
         <publisher>
            <publisher-name>Oxford University Press</publisher-name>
         </publisher>
         <issn pub-type="ppub">00098388</issn>
         <issn pub-type="epub">14716844</issn>
      </journal-meta>
      <article-meta>
         <article-id pub-id-type="jstor">3556265</article-id>
         <article-categories>
            <subj-group>
               <subject>Shorter Notes</subject>
            </subj-group>
         </article-categories>
         <title-group>
            <article-title>Spartan Tarentum? Resisting Decline in "Odes" 3.5</article-title>
         </title-group>
         <contrib-group>
            <contrib contrib-type="author">
               <string-name>
                  <given-names>Llewelyn</given-names>
                  <surname>Morgan</surname>
               </string-name>
            </contrib>
         </contrib-group>
         <pub-date>
            <day>1</day>
            <month>5</month>
            <year>2005</year>
         </pub-date>
         <volume>55</volume>
         <issue>1</issue>
         <issue-id>i369257</issue-id>
         <fpage>320</fpage>
         <lpage>323</lpage>
         <page-range>320-323</page-range>
         <permissions>
            <copyright-statement>Copyright 2005 The Classical Association</copyright-statement>
         </permissions>
         <self-uri xlink:href="http://www.jstor.org/stable/3556265"/>
         <custom-meta-group>
            <custom-meta>
               <meta-name>lang</meta-name>
               <meta-value>eng</meta-value>
            </custom-meta>
         </custom-meta-group>
      </article-meta>
   </front>
   <back>
      <fn-group>
         <title>[Footnotes]</title>
         <fn id="d8112e123a1310">
            <label>1</label>
            <p>
               <mixed-citation id="d8112e130" publication-type="journal">
An abridged version of this argument appeared in Ad Familiares, the journal of the Friends
of Classics, vol. 21 (October 2001)<issue>October</issue>
                  <volume>21</volume>
                  <source>Ad Familiares</source>
                  <year>2001</year>
               </mixed-citation>
            </p>
         </fn>
         <fn id="d8112e153a1310">
            <label>2</label>
            <p>
               <mixed-citation id="d8112e160" publication-type="book">
D. West, Horace Odes II: Vatis Amici (Oxford, 1998), xx<person-group>
                     <string-name>
                        <surname>West</surname>
                     </string-name>
                  </person-group>
                  <fpage>xx</fpage>
                  <source>Horace Odes II: Vatis Amici</source>
                  <year>1998</year>
               </mixed-citation>
            </p>
            <p>
               <mixed-citation id="d8112e184" publication-type="book">
J. Henderson, Fighting for Rome: Poets and Caesars, History and Civil War (Cambridge,
1998), 160-2<person-group>
                     <string-name>
                        <surname>Henderson</surname>
                     </string-name>
                  </person-group>
                  <fpage>160</fpage>
                  <source>Fighting for Rome: Poets and Caesars, History and Civil War</source>
                  <year>1998</year>
               </mixed-citation>
            </p>
         </fn>
         <fn id="d8112e213a1310">
            <label>3</label>
            <p>
               <mixed-citation id="d8112e220" publication-type="other">
n. 2</mixed-citation>
            </p>
         </fn>
         <fn id="d8112e227a1310">
            <label>5</label>
            <p>
               <mixed-citation id="d8112e234" publication-type="other">
Livy 5.54.7</mixed-citation>
            </p>
            <p>
               <mixed-citation id="d8112e240" publication-type="book">
D. West, Horace Odes III: Dulce Periculum (Oxford, 2002), 57.<person-group>
                     <string-name>
                        <surname>West</surname>
                     </string-name>
                  </person-group>
                  <fpage>57</fpage>
                  <source>Horace Odes III: Dulce Periculum</source>
                  <year>2002</year>
               </mixed-citation>
            </p>
         </fn>
         <fn id="d8112e266a1310">
            <label>6</label>
            <p>
               <mixed-citation id="d8112e273" publication-type="book">
H. P. Syndikus, Die Lyrik des Horaz: eine Interpretation der Oden 2
(Darmstadt, 1973), 85<person-group>
                     <string-name>
                        <surname>Syndikus</surname>
                     </string-name>
                  </person-group>
                  <fpage>85</fpage>
                  <volume>2</volume>
                  <source>Die Lyrik des Horaz: eine Interpretation der Oden</source>
                  <year>1973</year>
               </mixed-citation>
            </p>
            <p>
               <mixed-citation id="d8112e304" publication-type="book">
S. Commager, The Odes of Horace: A Critical Study (New Haven, 1962), 112<person-group>
                     <string-name>
                        <surname>Commager</surname>
                     </string-name>
                  </person-group>
                  <fpage>112</fpage>
                  <source>The Odes of Horace: A Critical Study</source>
                  <year>1962</year>
               </mixed-citation>
            </p>
            <p>
               <mixed-citation id="d8112e328" publication-type="journal">
S. J. Harrison, 'Philosophical
imagery in Horace, Odes 3.5', CQ 36 (1986), 502-7, at 504-7<object-id pub-id-type="jstor">10.2307/639292</object-id>
                  <fpage>502</fpage>
               </mixed-citation>
            </p>
         </fn>
         <fn id="d8112e344a1310">
            <label>7</label>
            <p>
               <mixed-citation id="d8112e351" publication-type="other">
Cicero at
Pis. 43: ille M. Regulus quem Carthaginienses resectis palpebris inligatum in machina uigi-
lando necauerunt</mixed-citation>
            </p>
         </fn>
         <fn id="d8112e364a1310">
            <label>8</label>
            <p>
               <mixed-citation id="d8112e371" publication-type="journal">
Nep. Alc. 11.4<fpage>4</fpage>
                  <volume>11</volume>
                  <source>Alc.</source>
               </mixed-citation>
            </p>
            <p>
               <mixed-citation id="d8112e386" publication-type="journal">
Tusc. 5.77<fpage>77</fpage>
                  <volume>5</volume>
                  <source>Tusc.</source>
               </mixed-citation>
            </p>
         </fn>
         <fn id="d8112e402a1310">
            <label>9</label>
            <p>
               <mixed-citation id="d8112e409" publication-type="journal">
Macrobius (Sat. 3.18.13)<person-group>
                     <string-name>
                        <surname>Macrobius</surname>
                     </string-name>
                  </person-group>
                  <issue>18</issue>
                  <fpage>13</fpage>
                  <volume>3</volume>
                  <source>Sat.</source>
               </mixed-citation>
            </p>
            <p>
               <mixed-citation id="d8112e437" publication-type="book">
F. Muecke, Horace, Satires II (Warminster, 1993), ad 2.4.34<person-group>
                     <string-name>
                        <surname>Muecke</surname>
                     </string-name>
                  </person-group>
                  <source>Horace, Satires II</source>
                  <year>1993</year>
               </mixed-citation>
            </p>
         </fn>
         <fn id="d8112e459a1310">
            <label>10</label>
            <p>
               <mixed-citation id="d8112e466" publication-type="book">
R. G. M. Nisbet and M. Hubbard, A Commentary on Horace: Odes Book II (Oxford,
1978), 95<person-group>
                     <string-name>
                        <surname>Nisbet</surname>
                     </string-name>
                  </person-group>
                  <fpage>95</fpage>
                  <source>A Commentary on Horace: Odes Book II</source>
                  <year>1978</year>
               </mixed-citation>
            </p>
            <p>
               <mixed-citation id="d8112e494" publication-type="other">
Harrison (n. 6), 504</mixed-citation>
            </p>
         </fn>
         <fn id="d8112e501a1310">
            <label>11</label>
            <p>
               <mixed-citation id="d8112e508" publication-type="journal">
Cic. Inv. Rhet. 2.1.1<issue>1</issue>
                  <fpage>1</fpage>
                  <volume>2</volume>
                  <source>Inv. Rhet.</source>
               </mixed-citation>
            </p>
            <p>
               <mixed-citation id="d8112e526" publication-type="other">
Livy 23.30.6</mixed-citation>
            </p>
            <p>
               <mixed-citation id="d8112e532" publication-type="journal">
F. I. Zeitlin,
'Romanus Petronius: a study of the Troiae Halosis and the Bellum Civile', Latomus 30
(1971), 56-82, at 67-73<person-group>
                     <string-name>
                        <surname>Zeitlin</surname>
                     </string-name>
                  </person-group>
                  <fpage>56</fpage>
                  <volume>30</volume>
                  <source>Latomus</source>
                  <year>1971</year>
               </mixed-citation>
            </p>
            <p>
               <mixed-citation id="d8112e567" publication-type="other">
Petronius' Croton, urbem antiquissimam et aliquando
Italiae primam which is now given over entirely to captatio (Sat. 116)</mixed-citation>
            </p>
            <p>
               <mixed-citation id="d8112e576" publication-type="other">
6.1.13</mixed-citation>
            </p>
         </fn>
      </fn-group>
   </back>
</article>
