<article xmlns:xsi="http://www.w3.org/2001/XMLSchema-instance"
         xmlns:xlink="http://www.w3.org/1999/xlink"
         xmlns:mml="http://www.w3.org/1998/Math/MathML"
         dtd-version="1.0"
         article-type="research-article">
   <front>
      <journal-meta>
         <journal-id journal-id-type="jstor">clasquar</journal-id>
         <journal-id journal-id-type="jstor">j100124</journal-id>
         <journal-title-group>
            <journal-title>The Classical Quarterly</journal-title>
         </journal-title-group>
         <publisher>
            <publisher-name>Oxford University Press</publisher-name>
         </publisher>
         <issn pub-type="ppub">00098388</issn>
         <issn pub-type="epub">14716844</issn>
      </journal-meta>
      <article-meta>
         <article-id pub-id-type="jstor">3556436</article-id>
         <article-categories>
            <subj-group>
               <subject>Shorter Notes</subject>
            </subj-group>
         </article-categories>
         <title-group>
            <article-title>Tacitus, Annals 1.7.1-5</article-title>
         </title-group>
         <contrib-group>
            <contrib contrib-type="author">
               <string-name>
                  <given-names>Robin</given-names>
                  <surname>Seager</surname>
               </string-name>
            </contrib>
         </contrib-group>
         <pub-date>
            <day>1</day>
            <month>1</month>
            <year>2002</year>
         </pub-date>
         <volume>52</volume>
         <issue>2</issue>
         <issue-id>i369252</issue-id>
         <fpage>627</fpage>
         <lpage>629</lpage>
         <page-range>627-629</page-range>
         <permissions>
            <copyright-statement>Copyright 2002 Oxford University Press</copyright-statement>
         </permissions>
         <self-uri xlink:href="http://www.jstor.org/stable/3556436"/>
         <custom-meta-group>
            <custom-meta>
               <meta-name>lang</meta-name>
               <meta-value>eng</meta-value>
            </custom-meta>
         </custom-meta-group>
      </article-meta>
   </front>
   <back>
      <fn-group>
         <title>[Footnotes]</title>
         <fn id="d9782e123a1310">
            <label>1</label>
            <p>
               <mixed-citation id="d9782e130" publication-type="book">
A. J. Woodman, 'Tacitus on Tiberius' accession', in Tacitus Reviewed (Oxford, 1998), 40-69<person-group>
                     <string-name>
                        <surname>Woodman</surname>
                     </string-name>
                  </person-group>
                  <comment content-type="section">Tacitus on Tiberius' accession</comment>
                  <fpage>40</fpage>
                  <source>Tacitus Reviewed</source>
                  <year>1998</year>
               </mixed-citation>
            </p>
         </fn>
         <fn id="d9782e159a1310">
            <label>2</label>
            <p>
               <mixed-citation id="d9782e166" publication-type="other">
Ibid., 42ff.</mixed-citation>
            </p>
         </fn>
         <fn id="d9782e173a1310">
            <label>3</label>
            <p>
               <mixed-citation id="d9782e180" publication-type="other">
Ibid., 46-7, 50ff.</mixed-citation>
            </p>
         </fn>
         <fn id="d9782e187a1310">
            <label>4</label>
            <p>
               <mixed-citation id="d9782e194" publication-type="other">
Ibid., 56ff.</mixed-citation>
            </p>
         </fn>
         <fn id="d9782e202a1310">
            <label>5</label>
            <p>
               <mixed-citation id="d9782e209" publication-type="other">
Ibid., 53ff., 63ff.</mixed-citation>
            </p>
         </fn>
         <fn id="d9782e216a1310">
            <label>6</label>
            <p>
               <mixed-citation id="d9782e223" publication-type="other">
Ibid., 64ff.</mixed-citation>
            </p>
         </fn>
         <fn id="d9782e230a1310">
            <label>7</label>
            <p>
               <mixed-citation id="d9782e237" publication-type="other">
Ibid., 67-8</mixed-citation>
            </p>
         </fn>
         <fn id="d9782e244a1310">
            <label>8</label>
            <p>
               <mixed-citation id="d9782e251" publication-type="other">
Ibid., 54-5.</mixed-citation>
            </p>
         </fn>
         <fn id="d9782e258a1310">
            <label>9</label>
            <p>
               <mixed-citation id="d9782e265" publication-type="book">
I. Malkin and Z. Rubinsohn (edd.), Leaders and
Masses in the Roman World (Leiden, 1995), 37-8<person-group>
                     <string-name>
                        <surname>Malkin</surname>
                     </string-name>
                  </person-group>
                  <fpage>37</fpage>
                  <source>Leaders and Masses in the Roman World</source>
                  <year>1995</year>
               </mixed-citation>
            </p>
         </fn>
         <fn id="d9782e294a1310">
            <label>10</label>
            <p>
               <mixed-citation id="d9782e301" publication-type="book">
Seager, Tiberius (London, 1972), 52<person-group>
                     <string-name>
                        <surname>Seager</surname>
                     </string-name>
                  </person-group>
                  <fpage>52</fpage>
                  <source>Tiberius</source>
                  <year>1972</year>
               </mixed-citation>
            </p>
            <p>
               <mixed-citation id="d9782e325" publication-type="journal">
Suet.
Tib. 17.2<fpage>2</fpage>
                  <volume>17</volume>
                  <source>Tib.</source>
               </mixed-citation>
            </p>
            <p>
               <mixed-citation id="d9782e343" publication-type="book">
A. H. M. Jones, Roman
Government and Law (Oxford, 1960), 13-15<person-group>
                     <string-name>
                        <surname>Jones</surname>
                     </string-name>
                  </person-group>
                  <fpage>13</fpage>
                  <source>Roman Government and Law</source>
                  <year>1960</year>
               </mixed-citation>
            </p>
            <p>
               <mixed-citation id="d9782e372" publication-type="other">
Dio under 12 B.C. (54.30.4)</mixed-citation>
            </p>
         </fn>
         <fn id="d9782e380a1310">
            <label>11</label>
            <p>
               <mixed-citation id="d9782e387" publication-type="journal">
Tac. Hist. 1.8, 4.9, A. 1.6<fpage>8</fpage>
                  <volume>1</volume>
                  <source>Hist.</source>
               </mixed-citation>
            </p>
            <p>
               <mixed-citation id="d9782e402" publication-type="journal">
Plin. Pan. 5.5<fpage>5</fpage>
                  <volume>5</volume>
                  <source>Pan.</source>
               </mixed-citation>
            </p>
            <p>
               <mixed-citation id="d9782e417" publication-type="journal">
Suet. Claud. 3.2<fpage>2</fpage>
                  <volume>3</volume>
                  <source>Claud.</source>
               </mixed-citation>
            </p>
            <p>
               <mixed-citation id="d9782e433" publication-type="journal">
Galb. 4.1<fpage>1</fpage>
                  <volume>4</volume>
                  <source>Galb.</source>
               </mixed-citation>
            </p>
         </fn>
         <fn id="d9782e449a1310">
            <label>12</label>
            <p>
               <mixed-citation id="d9782e456" publication-type="other">
Cic. Font. 16</mixed-citation>
            </p>
            <p>
               <mixed-citation id="d9782e462" publication-type="other">
Arch. 21</mixed-citation>
            </p>
            <p>
               <mixed-citation id="d9782e468" publication-type="journal">
Att. 6.1.2<issue>1</issue>
                  <fpage>2</fpage>
                  <volume>6</volume>
                  <source>Att.</source>
               </mixed-citation>
            </p>
            <p>
               <mixed-citation id="d9782e487" publication-type="journal">
Caes. BG 7.17.5<issue>17</issue>
                  <fpage>5</fpage>
                  <volume>7</volume>
                  <source>BG</source>
               </mixed-citation>
            </p>
         </fn>
         <fn id="d9782e506a1310">
            <label>13</label>
            <p>
               <mixed-citation id="d9782e513" publication-type="journal">
Cic. Leg. 3.6<object-id pub-id-type="jstor">10.2307/439676</object-id>
                  <fpage>6</fpage>
               </mixed-citation>
            </p>
            <p>
               <mixed-citation id="d9782e525" publication-type="journal">
Sall. BJ 85.11<fpage>11</fpage>
                  <volume>85</volume>
                  <source>BJ</source>
               </mixed-citation>
            </p>
            <p>
               <mixed-citation id="d9782e540" publication-type="journal">
Liv. 22.26.7<issue>26</issue>
                  <fpage>7</fpage>
                  <volume>22</volume>
                  <source>Liv.</source>
               </mixed-citation>
            </p>
            <p>
               <mixed-citation id="d9782e559" publication-type="journal">
Liv. 23.32.9<issue>32</issue>
                  <fpage>9</fpage>
                  <volume>23</volume>
                  <source>Liv.</source>
               </mixed-citation>
            </p>
            <p>
               <mixed-citation id="d9782e577" publication-type="journal">
PL 9[4].15.3<issue>4</issue>
                  <fpage>3</fpage>
                  <volume>9</volume>
                  <source>PL</source>
               </mixed-citation>
            </p>
         </fn>
         <fn id="d9782e596a1310">
            <label>14</label>
            <p>
               <mixed-citation id="d9782e603" publication-type="other">
Woodman (n. 1), 69.</mixed-citation>
            </p>
         </fn>
      </fn-group>
   </back>
</article>
