<article xmlns:xsi="http://www.w3.org/2001/XMLSchema-instance"
         xmlns:xlink="http://www.w3.org/1999/xlink"
         xmlns:mml="http://www.w3.org/1998/Math/MathML"
         dtd-version="1.0"
         article-type="research-article">
   <front>
      <journal-meta>
         <journal-id journal-id-type="jstor">clasquar</journal-id>
         <journal-id journal-id-type="jstor">j100124</journal-id>
         <journal-title-group>
            <journal-title>The Classical Quarterly</journal-title>
         </journal-title-group>
         <publisher>
            <publisher-name>Oxford University Press</publisher-name>
         </publisher>
         <issn pub-type="ppub">00098388</issn>
         <issn pub-type="epub">14716844</issn>
      </journal-meta>
      <article-meta>
         <article-id pub-id-type="jstor">3556362</article-id>
         <article-categories>
            <subj-group>
               <subject>Shorter Notes</subject>
            </subj-group>
         </article-categories>
         <title-group>
            <article-title>The Epitome de Caesaribus and the Chronicle of Marcellinus</article-title>
         </title-group>
         <contrib-group>
            <contrib contrib-type="author">
               <string-name>
                  <given-names>Alan</given-names>
                  <surname>Cameron</surname>
               </string-name>
            </contrib>
         </contrib-group>
         <pub-date>
            <day>1</day>
            <month>1</month>
            <year>2001</year>
         </pub-date>
         <volume>51</volume>
         <issue>1</issue>
         <issue-id>i369249</issue-id>
         <fpage>324</fpage>
         <lpage>327</lpage>
         <page-range>324-327</page-range>
         <permissions>
            <copyright-statement/>
         </permissions>
         <self-uri xlink:href="http://www.jstor.org/stable/3556362"/>
         <custom-meta-group>
            <custom-meta>
               <meta-name>lang</meta-name>
               <meta-value>eng</meta-value>
            </custom-meta>
         </custom-meta-group>
      </article-meta>
   </front>
   <back>
      <fn-group>
         <title>[Footnotes]</title>
         <fn id="d9470e122a1310">
            <label>1</label>
            <p>
               <mixed-citation id="d9470e129" publication-type="other">
F. Pichlmayr (Teubner, 1911</mixed-citation>
            </p>
            <p>
               <mixed-citation id="d9470e135" publication-type="other">
corr. R. Gruendel, 1961</mixed-citation>
            </p>
            <p>
               <mixed-citation id="d9470e141" publication-type="book">
J. Schlumberger, Die Epitome de Caesaribus: Untersuchungen zur heidnischen
Geschichtsschreibung des 4 Jhdts n. Chr. (Munich, 1974), 245<person-group>
                     <string-name>
                        <surname>Schlumberger</surname>
                     </string-name>
                  </person-group>
                  <fpage>245</fpage>
                  <source>Die Epitome de Caesaribus: Untersuchungen zur heidnischen Geschichtsschreibung des 4 Jhdts n. Chr.</source>
                  <year>1974</year>
               </mixed-citation>
            </p>
            <p>
               <mixed-citation id="d9470e170" publication-type="journal">
T. D. Barnes, CP 71 (1976),
258-68<object-id pub-id-type="jstor">10.2307/267967</object-id>
                  <fpage>258</fpage>
               </mixed-citation>
            </p>
            <p>
               <mixed-citation id="d9470e185" publication-type="journal">
P. L. Schmidt, RE Suppl. 15 (1978), 1671-6<person-group>
                     <string-name>
                        <surname>Schmidt</surname>
                     </string-name>
                  </person-group>
                  <issue>15</issue>
                  <fpage>1671</fpage>
                  <source>RE</source>
                  <year>1978</year>
               </mixed-citation>
            </p>
         </fn>
         <fn id="d9470e214a1310">
            <label>2</label>
            <p>
               <mixed-citation id="d9470e221" publication-type="journal">
P. Grierson, 'The Tombs and Obits of the Byzantine Emperors', DOP 16 (1962), 42-3<object-id pub-id-type="doi">10.2307/1291157</object-id>
                  <fpage>42</fpage>
               </mixed-citation>
            </p>
            <p>
               <mixed-citation id="d9470e233" publication-type="other">
Constantine Porphyrogenitus's De
Caerimoniis</mixed-citation>
            </p>
            <p>
               <mixed-citation id="d9470e242" publication-type="book">
C. Mango and I. Sevcenko, 'Additional Note', ibid. 61-3<person-group>
                     <string-name>
                        <surname>Mango</surname>
                     </string-name>
                  </person-group>
                  <comment content-type="section">Additional Note</comment>
                  <fpage>61</fpage>
                  <source>De Caerimoniis</source>
               </mixed-citation>
            </p>
         </fn>
         <fn id="d9470e267a1310">
            <label>3</label>
            <p>
               <mixed-citation id="d9470e274" publication-type="other">
below n. 7</mixed-citation>
            </p>
         </fn>
         <fn id="d9470e281a1310">
            <label>4</label>
            <p>
               <mixed-citation id="d9470e288" publication-type="other">
Marcellinus s.a. 395.2</mixed-citation>
            </p>
            <p>
               <mixed-citation id="d9470e294" publication-type="journal">
(Mommsen, Chron. Min. 2 [1894], 64)<person-group>
                     <string-name>
                        <surname>Mommsen</surname>
                     </string-name>
                  </person-group>
                  <fpage>64</fpage>
                  <volume>2</volume>
                  <source>Chron. Min.</source>
                  <year>1894</year>
               </mixed-citation>
            </p>
         </fn>
         <fn id="d9470e324a1310">
            <label>5</label>
            <p>
               <mixed-citation id="d9470e331" publication-type="book">
Brian Croke, The Chronicle of Marcellinus: a Translation and Commentary (Sydney,
1995), xxii-xxv<person-group>
                     <string-name>
                        <surname>Croke</surname>
                     </string-name>
                  </person-group>
                  <fpage>xxii</fpage>
                  <source>The Chronicle of Marcellinus: a Translation and Commentary</source>
                  <year>1995</year>
               </mixed-citation>
            </p>
         </fn>
         <fn id="d9470e360a1310">
            <label>6</label>
            <p>
               <mixed-citation id="d9470e367" publication-type="book">
Roger S. Bagnall, Alan Cameron, Seth R. Schwartz, and K. A. Worp, Consuls of the Later
Roman Empire (Atlanta, 1987), 89<person-group>
                     <string-name>
                        <surname>Bagnall</surname>
                     </string-name>
                  </person-group>
                  <fpage>89</fpage>
                  <source>Consuls of the Later Roman Empire</source>
                  <year>1987</year>
               </mixed-citation>
            </p>
            <p>
               <mixed-citation id="d9470e395" publication-type="book">
R. W. Burgess, The Chronicle of Hydatius and the Consularia
Constantinopolitana (Oxford, 1993), 197<person-group>
                     <string-name>
                        <surname>Burgess</surname>
                     </string-name>
                  </person-group>
                  <fpage>197</fpage>
                  <source>The Chronicle of Hydatius and the Consularia Constantinopolitana</source>
                  <year>1993</year>
               </mixed-citation>
            </p>
         </fn>
         <fn id="d9470e424a1310">
            <label>7</label>
            <p>
               <mixed-citation id="d9470e431" publication-type="other">
Burgess (n. 6), 237-42</mixed-citation>
            </p>
            <p>
               <mixed-citation id="d9470e437" publication-type="other">
ipse = idem</mixed-citation>
            </p>
            <p>
               <mixed-citation id="d9470e443" publication-type="book">
E. Loufstedt, Philologischer Kommentar zur
Peregrinatio Aetheriae (Uppsala, 1911), 65-6<person-group>
                     <string-name>
                        <surname>Loufstedt</surname>
                     </string-name>
                  </person-group>
                  <fpage>65</fpage>
                  <source>Philologischer Kommentar zur Peregrinatio Aetheriae</source>
                  <year>1911</year>
               </mixed-citation>
            </p>
         </fn>
         <fn id="d9470e472a1310">
            <label>8</label>
            <p>
               <mixed-citation id="d9470e479" publication-type="journal">
HE 6.1.3<object-id pub-id-type="doi">10.2307/1466959</object-id>
                  <fpage>3</fpage>
               </mixed-citation>
            </p>
            <p>
               <mixed-citation id="d9470e491" publication-type="journal">
(ibid.
1.1)<object-id pub-id-type="doi">10.2307/1466971</object-id>
                  <fpage>1</fpage>
               </mixed-citation>
            </p>
         </fn>
         <fn id="d9470e507a1310">
            <label>10</label>
            <p>
               <mixed-citation id="d9470e514" publication-type="book">
T. Mommsen, Jordanis Romana et Getica
(Berlin, 1882), xxiii-xxix<person-group>
                     <string-name>
                        <surname>Mommsen</surname>
                     </string-name>
                  </person-group>
                  <fpage>xxiii</fpage>
                  <source>Jordanis Romana et Getica</source>
                  <year>1882</year>
               </mixed-citation>
            </p>
         </fn>
         <fn id="d9470e543a1310">
            <label>12</label>
            <p>
               <mixed-citation id="d9470e550" publication-type="journal">
HR 12.8<object-id pub-id-type="jstor">10.2307/1061827</object-id>
                  <fpage>8</fpage>
               </mixed-citation>
            </p>
            <p>
               <mixed-citation id="d9470e562" publication-type="book">
(A. Crivellucci, Pauli Diaconi Historia Romana 1 [Rome, 1914], 167.18-19)<person-group>
                     <string-name>
                        <surname>Crivellucci</surname>
                     </string-name>
                  </person-group>
                  <fpage>18</fpage>
                  <volume>1</volume>
                  <source>Pauli Diaconi Historia Romana</source>
                  <year>1914</year>
               </mixed-citation>
            </p>
         </fn>
         <fn id="d9470e592a1310">
            <label>13</label>
            <p>
               <mixed-citation id="d9470e599" publication-type="book">
A. Crivellucci, Landolfi Sagacis Historia Romana 1 (Rome, 1912), xxv<person-group>
                     <string-name>
                        <surname>Crivellucci</surname>
                     </string-name>
                  </person-group>
                  <fpage>xxv</fpage>
                  <volume>1</volume>
                  <source>Landolfi Sagacis Historia Romana</source>
                  <year>1912</year>
               </mixed-citation>
            </p>
            <p>
               <mixed-citation id="d9470e627" publication-type="other">
Pichlmayr (n. 1),
xx</mixed-citation>
            </p>
            <p>
               <mixed-citation id="d9470e636" publication-type="book">
H. Droysen's text of both in his wide-ranging edition of Eutropius, Eutropii
Breviarium cum versionibus et continuationibus (Berlin, 1879)<person-group>
                     <string-name>
                        <surname>Droysen</surname>
                     </string-name>
                  </person-group>
                  <source>Eutropii Breviarium cum versionibus et continuationibus</source>
                  <year>1879</year>
               </mixed-citation>
            </p>
         </fn>
         <fn id="d9470e661a1310">
            <label>14</label>
            <p>
               <mixed-citation id="d9470e668" publication-type="journal">
HM 13.18, p. 344<issue>18</issue>
                  <fpage>344</fpage>
                  <volume>13</volume>
                  <source>HM</source>
               </mixed-citation>
            </p>
            <p>
               <mixed-citation id="d9470e686" publication-type="other">
1-5 Crivellucci</mixed-citation>
            </p>
         </fn>
         <fn id="d9470e693a1310">
            <label>15</label>
            <p>
               <mixed-citation id="d9470e700" publication-type="book">
Cassiodorus-Epiphanius, Historia Ecclesiastica Tripartita ed. W. Jacob and R. Hanslik
(Vienna, 1952), 10.1 (translating tirar ZEl'a as anno).<person-group>
                     <string-name>
                        <surname>Cassiodorus-Epiphanius</surname>
                     </string-name>
                  </person-group>
                  <fpage>1</fpage>
                  <volume>10</volume>
                  <source>Historia Ecclesiastica Tripartita</source>
                  <year>1952</year>
               </mixed-citation>
            </p>
         </fn>
         <fn id="d9470e732a1310">
            <label>16</label>
            <p>
               <mixed-citation id="d9470e741" publication-type="book">
A. Momigliano, Secondo Contributo alla storia degli studi classici (Rome,
1960), 152-4<person-group>
                     <string-name>
                        <surname>Momigliano</surname>
                     </string-name>
                  </person-group>
                  <fpage>152</fpage>
                  <source>Secondo Contributo alla storia degli studi classici</source>
                  <year>1960</year>
               </mixed-citation>
            </p>
         </fn>
         <fn id="d9470e770a1310">
            <label>18</label>
            <p>
               <mixed-citation id="d9470e777" publication-type="book">
H. Peter, Die geschichtliche Literatur über die rdmische Kaiserzeit bis Theodosius I 1 (Leipzig,
1897), 156, n. 1<person-group>
                     <string-name>
                        <surname>Peter</surname>
                     </string-name>
                  </person-group>
                  <fpage>156</fpage>
                  <volume>1</volume>
                  <source>Die geschichtliche Literatur über die römische Kaiserzeit bis Theodosius I</source>
                  <year>1897</year>
               </mixed-citation>
            </p>
            <p>
               <mixed-citation id="d9470e808" publication-type="book">
R. Syme, Emperors and Biography (Oxford, 1971), 102<person-group>
                     <string-name>
                        <surname>Syme</surname>
                     </string-name>
                  </person-group>
                  <fpage>102</fpage>
                  <source>Emperors and Biography</source>
                  <year>1971</year>
               </mixed-citation>
            </p>
            <p>
               <mixed-citation id="d9470e832" publication-type="other">
Schlumberger (n. 1), 245</mixed-citation>
            </p>
         </fn>
         <fn id="d9470e839a1310">
            <label>19</label>
            <p>
               <mixed-citation id="d9470e846" publication-type="other">
Barnes (n. 1), 266</mixed-citation>
            </p>
         </fn>
      </fn-group>
   </back>
</article>
