<article xmlns:xsi="http://www.w3.org/2001/XMLSchema-instance"
         xmlns:xlink="http://www.w3.org/1999/xlink"
         xmlns:mml="http://www.w3.org/1998/Math/MathML"
         dtd-version="1.0"
         article-type="research-article">
   <front>
      <journal-meta>
         <journal-id journal-id-type="jstor">clasquar</journal-id>
         <journal-id journal-id-type="jstor">j100124</journal-id>
         <journal-title-group>
            <journal-title>The Classical Quarterly</journal-title>
         </journal-title-group>
         <publisher>
            <publisher-name>Oxford University Press</publisher-name>
         </publisher>
         <issn pub-type="ppub">00098388</issn>
         <issn pub-type="epub">14716844</issn>
      </journal-meta>
      <article-meta>
         <article-id pub-id-type="jstor">3556207</article-id>
         <title-group>
            <article-title>Mapping Phleious: Politics and Myth-Making in Bacchylides 9</article-title>
         </title-group>
         <contrib-group>
            <contrib contrib-type="author">
               <string-name>
                  <given-names>David</given-names>
                  <surname>Fearn</surname>
               </string-name>
            </contrib>
         </contrib-group>
         <pub-date>
            <day>1</day>
            <month>11</month>
            <year>2003</year>
         </pub-date>
         <volume>53</volume>
         <issue>2</issue>
         <issue-id>i369254</issue-id>
         <fpage>347</fpage>
         <lpage>367</lpage>
         <page-range>347-367</page-range>
         <permissions>
            <copyright-statement>Copyright 2003 The Classical Association</copyright-statement>
         </permissions>
         <self-uri xlink:href="http://www.jstor.org/stable/3556207"/>
         <custom-meta-group>
            <custom-meta>
               <meta-name>lang</meta-name>
               <meta-value>eng</meta-value>
            </custom-meta>
         </custom-meta-group>
      </article-meta>
   </front>
   <back>
      <fn-group>
         <title>[Footnotes]</title>
         <fn id="d7018e150a1310">
            <label>1</label>
            <p>
               <mixed-citation id="d7018e157" publication-type="book">
G. W Bond, Euripides Hypsipyle (Oxford, 1969)<person-group>
                     <string-name>
                        <surname>Bond</surname>
                     </string-name>
                  </person-group>
                  <source>Euripides Hypsipyle</source>
                  <year>1969</year>
               </mixed-citation>
            </p>
            <p>
               <mixed-citation id="d7018e178" publication-type="book">
J. B. Bury, The Nemean Odes of
Pindar (London, 1890)<person-group>
                     <string-name>
                        <surname>Bury</surname>
                     </string-name>
                  </person-group>
                  <source>The Nemean Odes of Pindar</source>
                  <year>1890</year>
               </mixed-citation>
            </p>
            <p>
               <mixed-citation id="d7018e202" publication-type="book">
W E. H. Cockle, Euripides Hypsipyle (Rome, 1987)<person-group>
                     <string-name>
                        <surname>Cockle</surname>
                     </string-name>
                  </person-group>
                  <source>Euripides Hypsipyle</source>
                  <year>1987</year>
               </mixed-citation>
            </p>
            <p>
               <mixed-citation id="d7018e224" publication-type="book">
R. L. Fowler, Early Greek Mythography I: Texts (Oxford, 2000) = EGM I<person-group>
                     <string-name>
                        <surname>Fowler</surname>
                     </string-name>
                  </person-group>
                  <source>Early Greek Mythography I: Texts</source>
                  <year>2000</year>
               </mixed-citation>
            </p>
            <p>
               <mixed-citation id="d7018e245" publication-type="book">
A. Griffin, Sikyon
(Oxford, 1982)<person-group>
                     <string-name>
                        <surname>Griffin</surname>
                     </string-name>
                  </person-group>
                  <source>Sikyon</source>
                  <year>1982</year>
               </mixed-citation>
            </p>
            <p>
               <mixed-citation id="d7018e269" publication-type="book">
J. M. Hall, Ethnic Identity in Greek Antiquity (Cambridge, 1997)<person-group>
                     <string-name>
                        <surname>Hall</surname>
                     </string-name>
                  </person-group>
                  <source>Ethnic Identity in Greek Antiquity</source>
                  <year>1997</year>
               </mixed-citation>
            </p>
            <p>
               <mixed-citation id="d7018e290" publication-type="book">
G. O. Hutchinson, Greek Lyric Poetry. A Commentary on Selected Larger Pieces
(Oxford, 2001)<person-group>
                     <string-name>
                        <surname>Hutchinson</surname>
                     </string-name>
                  </person-group>
                  <source>Greek Lyric Poetry. A Commentary on Selected Larger Pieces</source>
                  <year>2001</year>
               </mixed-citation>
            </p>
            <p>
               <mixed-citation id="d7018e314" publication-type="book">
G. Italie, Euripidis Hypsipyla. cum notis criticis et exegeticis
(Berlin, 1923)<person-group>
                     <string-name>
                        <surname>Italie</surname>
                     </string-name>
                  </person-group>
                  <source>Euripidis Hypsipyla. cum notis criticis et exegeticis</source>
                  <year>1923</year>
               </mixed-citation>
            </p>
            <p>
               <mixed-citation id="d7018e338" publication-type="book">
R. C. Jebb, Bacchylides, The Poems and Fragments (Cambridge, 1905)<person-group>
                     <string-name>
                        <surname>Jebb</surname>
                     </string-name>
                  </person-group>
                  <source>Bacchylides, The Poems and Fragments</source>
                  <year>1905</year>
               </mixed-citation>
            </p>
            <p>
               <mixed-citation id="d7018e360" publication-type="book">
F G. Kenyon, The Poems of Bacchylides (London, 1897)<person-group>
                     <string-name>
                        <surname>Kenyon</surname>
                     </string-name>
                  </person-group>
                  <source>The Poems of Bacchylides</source>
                  <year>1897</year>
               </mixed-citation>
            </p>
            <p>
               <mixed-citation id="d7018e381" publication-type="book">
L. Kurke, The Traffic in
Praise. Pindar and the Poetics of Social Economy (Ithaca, NY, 1991)<person-group>
                     <string-name>
                        <surname>Kurke</surname>
                     </string-name>
                  </person-group>
                  <source>The Traffic in Praise. Pindar and the Poetics of Social Economy</source>
                  <year>1991</year>
               </mixed-citation>
            </p>
            <p>
               <mixed-citation id="d7018e405" publication-type="other">
Kurke, Traffic</mixed-citation>
            </p>
            <p>
               <mixed-citation id="d7018e411" publication-type="book">
H. Maehler,
Die Lieder des Bakchylides, I. Die Siegeslieder (1: Text and Translation; 2: Commentary),
Mnemos. Suppl. 62 (Leiden, 1982)<person-group>
                     <string-name>
                        <surname>Maehler</surname>
                     </string-name>
                  </person-group>
                  <source>Die Lieder des Bakchylides, I. Die Siegeslieder</source>
                  <year>1982</year>
               </mixed-citation>
            </p>
            <p>
               <mixed-citation id="d7018e439" publication-type="other">
Maehler 1.1 and 1.2</mixed-citation>
            </p>
            <p>
               <mixed-citation id="d7018e445" publication-type="book">
W J. Slater, Lexicon to Pindar (Berlin,
1969)<person-group>
                     <string-name>
                        <surname>Slater</surname>
                     </string-name>
                  </person-group>
                  <source>Lexicon to Pindar</source>
                  <year>1969</year>
               </mixed-citation>
            </p>
            <p>
               <mixed-citation id="d7018e470" publication-type="book">
M. L. West, The Hesiodic Catalogue of Women (Oxford, 1985)<person-group>
                     <string-name>
                        <surname>West</surname>
                     </string-name>
                  </person-group>
                  <source>The Hesiodic Catalogue of Women</source>
                  <year>1985</year>
               </mixed-citation>
            </p>
         </fn>
         <fn id="d7018e492a1310">
            <label>2</label>
            <p>
               <mixed-citation id="d7018e499" publication-type="other">
below, n. 51</mixed-citation>
            </p>
         </fn>
         <fn id="d7018e506a1310">
            <label>3</label>
            <p>
               <mixed-citation id="d7018e513" publication-type="journal">
S. E. Alcock, 'Urban survey and the polis of Phlius', Hesp. 60 (1991), 462<person-group>
                     <string-name>
                        <surname>Alcock</surname>
                     </string-name>
                  </person-group>
                  <fpage>462</fpage>
                  <volume>60</volume>
                  <source>Hesp.</source>
                  <year>1991</year>
               </mixed-citation>
            </p>
         </fn>
         <fn id="d7018e542a1310">
            <label>4</label>
            <p>
               <mixed-citation id="d7018e549" publication-type="book">
G. M. Kirkwood, 'The narrative art of Bacchylides', in L. Wallach
(ed.), The Classical Tradition: Literary and Historical Studies in Honor of Harry Caplan (Ithaca,
NY, 1966), 105<person-group>
                     <string-name>
                        <surname>Kirkwood</surname>
                     </string-name>
                  </person-group>
                  <comment content-type="section">The narrative art of Bacchylides</comment>
                  <fpage>105</fpage>
                  <source>The Classical Tradition: Literary and Historical Studies in Honor of Harry Caplan</source>
                  <year>1966</year>
               </mixed-citation>
            </p>
         </fn>
         <fn id="d7018e585a1310">
            <label>5</label>
            <p>
               <mixed-citation id="d7018e592" publication-type="other">
Paus. 10.7.7</mixed-citation>
            </p>
            <p>
               <mixed-citation id="d7018e598" publication-type="other">
Maehler 1.2, 143</mixed-citation>
            </p>
         </fn>
         <fn id="d7018e605a1310">
            <label>6</label>
            <p>
               <mixed-citation id="d7018e612" publication-type="other">
Griffin, 58-9</mixed-citation>
            </p>
            <p>
               <mixed-citation id="d7018e618" publication-type="other">
Σ Pind. Nem. 9 inscr. 20, and 25b</mixed-citation>
            </p>
            <p>
               <mixed-citation id="d7018e624" publication-type="other">
Cleisthenes,
Pind. Nem. 9.9</mixed-citation>
            </p>
            <p>
               <mixed-citation id="d7018e634" publication-type="other">
Pind. Isthm. 3/4.44</mixed-citation>
            </p>
            <p>
               <mixed-citation id="d7018e640" publication-type="journal">
T. K. Hubbard, 'Remaking myth and rewriting history: cult tradition in Pindar's Ninth
Nemean', HSCP 94 (1992), 84, 85-6<object-id pub-id-type="doi">10.2307/311420</object-id>
                  <fpage>84</fpage>
               </mixed-citation>
            </p>
            <p>
               <mixed-citation id="d7018e655" publication-type="journal">
M. Visser, 'Worship your enemy: aspects
of the cult of heroes in ancient Greece', HTR 75.4 [1982], 403-28<object-id pub-id-type="jstor">10.2307/1509536</object-id>
                  <fpage>403</fpage>
               </mixed-citation>
            </p>
         </fn>
         <fn id="d7018e671a1310">
            <label>7</label>
            <p>
               <mixed-citation id="d7018e680" publication-type="other">
Hubbard (n. 6), 86, n. 17</mixed-citation>
            </p>
         </fn>
         <fn id="d7018e687a1310">
            <label>8</label>
            <p>
               <mixed-citation id="d7018e694" publication-type="other">
Xen. Hell. 7.2.1-2</mixed-citation>
            </p>
         </fn>
         <fn id="d7018e701a1310">
            <label>9</label>
            <p>
               <mixed-citation id="d7018e708" publication-type="other">
Griffin, 51</mixed-citation>
            </p>
            <p>
               <mixed-citation id="d7018e714" publication-type="book">
C. Morgan, Athletes and Oracles. The Transformation of Olympia and Delphi
in the Eighth Century B.c. (Cambridge, 1990), 215-16<person-group>
                     <string-name>
                        <surname>Morgan</surname>
                     </string-name>
                  </person-group>
                  <fpage>215</fpage>
                  <source>Athletes and Oracles. The Transformation of Olympia and Delphi in the Eighth Century B.c.</source>
                  <year>1990</year>
               </mixed-citation>
            </p>
            <p>
               <mixed-citation id="d7018e742" publication-type="book">
T. Kelly, A History of Argos to 500 B.c
(Minneapolis, 1976), 127 with n. 47<person-group>
                     <string-name>
                        <surname>Kelly</surname>
                     </string-name>
                  </person-group>
                  <fpage>127</fpage>
                  <source>A History of Argos to 500 B.C</source>
                  <year>1976</year>
               </mixed-citation>
            </p>
            <p>
               <mixed-citation id="d7018e771" publication-type="other">
Pind. Nem. 4.17</mixed-citation>
            </p>
            <p>
               <mixed-citation id="d7018e777" publication-type="other">
Nem.
10.42</mixed-citation>
            </p>
         </fn>
         <fn id="d7018e787a1310">
            <label>10</label>
            <p>
               <mixed-citation id="d7018e794" publication-type="journal">
RE
16.2322-7<fpage>2322</fpage>
                  <volume>16</volume>
                  <source>RE</source>
               </mixed-citation>
            </p>
            <p>
               <mixed-citation id="d7018e812" publication-type="book">
S. G. Miller,
Nemea. A Guide to the Site and Museum (Berkeley, 1990), 37-8 with fig. 11<person-group>
                     <string-name>
                        <surname>Miller</surname>
                     </string-name>
                  </person-group>
                  <fpage>37</fpage>
                  <source>Nemea. A Guide to the Site and Museum</source>
                  <year>1990</year>
               </mixed-citation>
            </p>
         </fn>
         <fn id="d7018e842a1310">
            <label>11</label>
            <p>
               <mixed-citation id="d7018e849" publication-type="other">
Diod. Sic. 11.65</mixed-citation>
            </p>
            <p>
               <mixed-citation id="d7018e855" publication-type="other">
Paus. 1.29.7-9</mixed-citation>
            </p>
            <p>
               <mixed-citation id="d7018e861" publication-type="other">
Thuc. 5.67.2</mixed-citation>
            </p>
            <p>
               <mixed-citation id="d7018e868" publication-type="journal">
S. G.
Miller, 'Kleonai, the Nemean Games and the Lamian War', in Studies in Athenian Architecture
Sculpture and Topography presented to Homer A. Thompson, Hesp. Suppl. 20 (1982), 105, n. 39<person-group>
                     <string-name>
                        <surname>Miller</surname>
                     </string-name>
                  </person-group>
                  <issue>20</issue>
                  <fpage>105</fpage>
                  <source>Studies in Athenian Architecture Sculpture and Topography presented to Homer A. Thompson, Hesp.</source>
                  <year>1982</year>
               </mixed-citation>
            </p>
         </fn>
         <fn id="d7018e903a1310">
            <label>12</label>
            <p>
               <mixed-citation id="d7018e910" publication-type="other">
Griffin, 65</mixed-citation>
            </p>
         </fn>
         <fn id="d7018e917a1310">
            <label>13</label>
            <p>
               <mixed-citation id="d7018e924" publication-type="book">
A. Pariente,
'Le monument argien des "sept contre Thebes" ', in M. Piérart (ed.), Polydipsion Argos: Argos de
la fin des palais mycéniens a la constitution de l'état classique, BCH Suppl. 22 (Paris 1992),
195-229<person-group>
                     <string-name>
                        <surname>Pariente</surname>
                     </string-name>
                  </person-group>
                  <comment content-type="section">Le monument argien des "sept contre Thèbes"</comment>
                  <fpage>195</fpage>
                  <source>Polydipsion Argos: Argos de la fin des palais mycéniens à la constitution de l'état classique, BCH</source>
                  <year>1992</year>
               </mixed-citation>
            </p>
            <p>
               <mixed-citation id="d7018e961" publication-type="other">
Hall, Ethnic Identity, 97</mixed-citation>
            </p>
         </fn>
         <fn id="d7018e968a1310">
            <label>14</label>
            <p>
               <mixed-citation id="d7018e975" publication-type="other">
σPind. Nem. hyp. d.16-19 (iii.4 Dr)</mixed-citation>
            </p>
            <p>
               <mixed-citation id="d7018e981" publication-type="book">
E. R. Gebhard, 'The early stadium at Isthmia and the
founding of the Isthmian Games' in W. Coulson and H. Kyrieleis (edd.), Proceedings of an
International Symposium on the Olympic Games (Athens, 1992), 74<person-group>
                     <string-name>
                        <surname>Gebhard</surname>
                     </string-name>
                  </person-group>
                  <comment content-type="section">The early stadium at Isthmia and the founding of the Isthmian Games</comment>
                  <fpage>74</fpage>
                  <source>Proceedings of an International Symposium on the Olympic Games</source>
                  <year>1992</year>
               </mixed-citation>
            </p>
         </fn>
         <fn id="d7018e1016a1310">
            <label>15</label>
            <p>
               <mixed-citation id="d7018e1023" publication-type="other">
Paus. 2.15.2-3</mixed-citation>
            </p>
            <p>
               <mixed-citation id="d7018e1029" publication-type="other">
Miller (n. 10), 28-9</mixed-citation>
            </p>
            <p>
               <mixed-citation id="d7018e1035" publication-type="other">
Morgan (n. 9), 216</mixed-citation>
            </p>
            <p>
               <mixed-citation id="d7018e1042" publication-type="journal">
Aeschylus' Nemea (TrGF III,
261-2)<person-group>
                     <string-name>
                        <surname>Aeschylus</surname>
                     </string-name>
                  </person-group>
                  <fpage>261</fpage>
                  <volume>III</volume>
                  <source>TrGF</source>
               </mixed-citation>
            </p>
            <p>
               <mixed-citation id="d7018e1070" publication-type="other">
Steph. Byz. 699.10</mixed-citation>
            </p>
            <p>
               <mixed-citation id="d7018e1076" publication-type="book">
R. Krumeich et al., Das
Griechische Satyrspiel [Darmstadt, 1999], 161-3<person-group>
                     <string-name>
                        <surname>Krumeich</surname>
                     </string-name>
                  </person-group>
                  <fpage>161</fpage>
                  <source>Das Griechische Satyrspiel</source>
                  <year>1999</year>
               </mixed-citation>
            </p>
            <p>
               <mixed-citation id="d7018e1104" publication-type="other">
Euripides' Hypsipyle</mixed-citation>
            </p>
            <p>
               <mixed-citation id="d7018e1110" publication-type="other">
Bond, 20</mixed-citation>
            </p>
            <p>
               <mixed-citation id="d7018e1116" publication-type="other">
AP 3.10.5</mixed-citation>
            </p>
            <p>
               <mixed-citation id="d7018e1123" publication-type="other">
IG II.32 5056</mixed-citation>
            </p>
            <p>
               <mixed-citation id="d7018e1129" publication-type="book">
W Burkert, 'Orpheus, Dionysos und die Euneiden in Athen' in A. Bierl
and P. v. Möllendorff [edd.], Orchestra. Drama, Mythos, Bühne [Stuttgart, 1994], 46, n. 21<person-group>
                     <string-name>
                        <surname>Burkert</surname>
                     </string-name>
                  </person-group>
                  <comment content-type="section">Orpheus, Dionysos und die Euneiden in Athen</comment>
                  <fpage>46</fpage>
                  <source>Orchestra. Drama, Mythos, Bühne</source>
                  <year>1994</year>
               </mixed-citation>
            </p>
            <p>
               <mixed-citation id="d7018e1160" publication-type="book">
R. C. T. Parker, Athenian Religion: A History [Oxford, 1996], 297-8<person-group>
                     <string-name>
                        <surname>Parker</surname>
                     </string-name>
                  </person-group>
                  <fpage>297</fpage>
                  <source>Athenian Religion: A History</source>
                  <year>1996</year>
               </mixed-citation>
            </p>
            <p>
               <mixed-citation id="d7018e1184" publication-type="book">
A. C. Cassio, 'Esametri
orfici, dialetto attico e musica dell'Asia Minore', in A. C. Cassio et al. [edd.], Synaulia. Cultura
Musicale in Grecia e Contatti Mediterranei. A.I.O.N 5 [Naples, 2000], 97-100<person-group>
                     <string-name>
                        <surname>Cassio</surname>
                     </string-name>
                  </person-group>
                  <comment content-type="section">Esametri orfici, dialetto attico e musica dell'Asia Minore</comment>
                  <fpage>97</fpage>
                  <volume>5</volume>
                  <source>Synaulia. Cultura Musicale in Grecia e Contatti Mediterranei. A.I.O.N</source>
                  <year>2000</year>
               </mixed-citation>
            </p>
            <p>
               <mixed-citation id="d7018e1221" publication-type="other">
Cockle, 41</mixed-citation>
            </p>
            <p>
               <mixed-citation id="d7018e1227" publication-type="journal">
S. G. Miller, 'Excavations at Nemea, 1976
Hesp. 46 (1977), 8-10 and n. 17<person-group>
                     <string-name>
                        <surname>Miller</surname>
                     </string-name>
                  </person-group>
                  <fpage>8</fpage>
                  <volume>46</volume>
                  <source>Hesp.</source>
                  <year>1977</year>
               </mixed-citation>
            </p>
            <p>
               <mixed-citation id="d7018e1259" publication-type="other">
Thuc. 5.60.3</mixed-citation>
            </p>
            <p>
               <mixed-citation id="d7018e1265" publication-type="other">
Griffin, 64</mixed-citation>
            </p>
         </fn>
         <fn id="d7018e1272a1310">
            <label>16</label>
            <p>
               <mixed-citation id="d7018e1279" publication-type="other">
Morgan (n. 9), 215.</mixed-citation>
            </p>
         </fn>
         <fn id="d7018e1287a1310">
            <label>17</label>
            <p>
               <mixed-citation id="d7018e1294" publication-type="other">
Hdt. 5.22</mixed-citation>
            </p>
            <p>
               <mixed-citation id="d7018e1300" publication-type="other">
Hall, Ethnic Identity, 64</mixed-citation>
            </p>
            <p>
               <mixed-citation id="d7018e1306" publication-type="book">
E. N. Borza, In the Shadow of Olympus.
The Emergence of Macedon (Princeton, 1990), 113<person-group>
                     <string-name>
                        <surname>Borza</surname>
                     </string-name>
                  </person-group>
                  <fpage>113</fpage>
                  <source>In the Shadow of Olympus. The Emergence of Macedon</source>
                  <year>1990</year>
               </mixed-citation>
            </p>
         </fn>
         <fn id="d7018e1335a1310">
            <label>18</label>
            <p>
               <mixed-citation id="d7018e1342" publication-type="other">
fr. 20B</mixed-citation>
            </p>
         </fn>
         <fn id="d7018e1349a1310">
            <label>19</label>
            <p>
               <mixed-citation id="d7018e1356" publication-type="other">
West, Catalogue, 148</mixed-citation>
            </p>
         </fn>
         <fn id="d7018e1363a1310">
            <label>20</label>
            <p>
               <mixed-citation id="d7018e1370" publication-type="journal">
R. L. Fowler, 'Genealogical thinking,
Hesiod's Catalogue, and the creation of the Hellenes', PCPS 44 (1998), 1-19<person-group>
                     <string-name>
                        <surname>Fowler</surname>
                     </string-name>
                  </person-group>
                  <fpage>1</fpage>
                  <volume>44</volume>
                  <source>PCPS</source>
                  <year>1998</year>
               </mixed-citation>
            </p>
            <p>
               <mixed-citation id="d7018e1401" publication-type="other">
Hall, Ethnic
Identity, passim</mixed-citation>
            </p>
         </fn>
         <fn id="d7018e1411a1310">
            <label>21</label>
            <p>
               <mixed-citation id="d7018e1418" publication-type="other">
Hall, Ethnic Identity, 93-9, esp. 98</mixed-citation>
            </p>
         </fn>
         <fn id="d7018e1425a1310">
            <label>22</label>
            <p>
               <mixed-citation id="d7018e1432" publication-type="journal">
J. M. Hall, 'How Argive was the "Argive" Heraion? The political and cultic geography of the
Argive Plain, 900-400 B.C.', AJA 99 (1995), 612<object-id pub-id-type="doi">10.2307/506184</object-id>
                  <fpage>612</fpage>
               </mixed-citation>
            </p>
            <p>
               <mixed-citation id="d7018e1447" publication-type="other">
Paus. 10.10.3-5</mixed-citation>
            </p>
            <p>
               <mixed-citation id="d7018e1453" publication-type="journal">
W. G. Forrest, 'Themistokles and Argos', CQ
10 (1960), 228<object-id pub-id-type="jstor">10.2307/638054</object-id>
                  <fpage>228</fpage>
               </mixed-citation>
            </p>
         </fn>
         <fn id="d7018e1470a1310">
            <label>24</label>
            <p>
               <mixed-citation id="d7018e1477" publication-type="other">
Pind. Nem. hyp. a.3-6 (iii. 1 Dr)</mixed-citation>
            </p>
            <p>
               <mixed-citation id="d7018e1483" publication-type="other">
Hall, Ethnic Identity, 95</mixed-citation>
            </p>
            <p>
               <mixed-citation id="d7018e1489" publication-type="other">
Hall (n. 22), 608-9</mixed-citation>
            </p>
            <p>
               <mixed-citation id="d7018e1496" publication-type="other">
Diod. Sic. 11.65.5</mixed-citation>
            </p>
         </fn>
         <fn id="d7018e1503a1310">
            <label>25</label>
            <p>
               <mixed-citation id="d7018e1510" publication-type="book">
S. G. Miller, 'The stadium at Nemea and the Nemean Games', in W. Coulson and
H. Kyrieleis (edd.), Proceedings of an International Symposium on the Olympic Games (Athens,
1992), 81<person-group>
                     <string-name>
                        <surname>Miller</surname>
                     </string-name>
                  </person-group>
                  <comment content-type="section">The stadium at Nemea and the Nemean Games</comment>
                  <fpage>81</fpage>
                  <source>Proceedings of an International Symposium on the Olympic Games</source>
                  <year>1992</year>
               </mixed-citation>
            </p>
            <p>
               <mixed-citation id="d7018e1544" publication-type="other">
Verg. G. 3.19</mixed-citation>
            </p>
            <p>
               <mixed-citation id="d7018e1550" publication-type="other">
Callim. Aet. 3</mixed-citation>
            </p>
            <p>
               <mixed-citation id="d7018e1557" publication-type="journal">
P. J. Parsons, 'Calli-
machus: Victoria Berenices', ZPE 25 (1977), 41<person-group>
                     <string-name>
                        <surname>Parsons</surname>
                     </string-name>
                  </person-group>
                  <fpage>41</fpage>
                  <volume>25</volume>
                  <source>ZPE</source>
                  <year>1977</year>
               </mixed-citation>
            </p>
            <p>
               <mixed-citation id="d7018e1588" publication-type="other">
Bacchyl. 13</mixed-citation>
            </p>
            <p>
               <mixed-citation id="d7018e1594" publication-type="other">
Aetia 3</mixed-citation>
            </p>
            <p>
               <mixed-citation id="d7018e1600" publication-type="other">
Bacchyl. 9</mixed-citation>
            </p>
         </fn>
         <fn id="d7018e1607a1310">
            <label>26</label>
            <p>
               <mixed-citation id="d7018e1614" publication-type="other">
M.-C. Doffey, 'Les mythes de fondation des concours néméens', in Pierart
(n. 13), 185-93</mixed-citation>
            </p>
            <p>
               <mixed-citation id="d7018e1623" publication-type="other">
Hall, Ethnic Identity, 95 with n. 147</mixed-citation>
            </p>
         </fn>
         <fn id="d7018e1630a1310">
            <label>28</label>
            <p>
               <mixed-citation id="d7018e1637" publication-type="other">
further below, with n. 78</mixed-citation>
            </p>
            <p>
               <mixed-citation id="d7018e1643" publication-type="other">
Bacchyl. 5.89-91</mixed-citation>
            </p>
         </fn>
         <fn id="d7018e1650a1310">
            <label>29</label>
            <p>
               <mixed-citation id="d7018e1657" publication-type="other">
Eur. Hyps. fr. 60 col. ii 15-16</mixed-citation>
            </p>
            <p>
               <mixed-citation id="d7018e1663" publication-type="other">
Bond, 114</mixed-citation>
            </p>
            <p>
               <mixed-citation id="d7018e1669" publication-type="other">
Bacchyl. 9.14</mixed-citation>
            </p>
            <p>
               <mixed-citation id="d7018e1676" publication-type="other">
Apollod. 3.6.4</mixed-citation>
            </p>
            <p>
               <mixed-citation id="d7018e1682" publication-type="journal">
' Clem. Alex. Protr. 2.34, p. 306.31-3 Stihlin<issue>34</issue>
                  <fpage>306</fpage>
                  <volume>2</volume>
                  <source>Protr.</source>
               </mixed-citation>
            </p>
            <p>
               <mixed-citation id="d7018e1700" publication-type="other">
Σ
Pind. Nem. hyp. c. 6-7 (iii.3 Dr)</mixed-citation>
            </p>
            <p>
               <mixed-citation id="d7018e1709" publication-type="other">
Stat. Theb. 5</mixed-citation>
            </p>
            <p>
               <mixed-citation id="d7018e1715" publication-type="other">
Archemorus (738-9)</mixed-citation>
            </p>
         </fn>
         <fn id="d7018e1722a1310">
            <label>30</label>
            <p>
               <mixed-citation id="d7018e1729" publication-type="other">
Ps.-Apollod. 3.6.2</mixed-citation>
            </p>
         </fn>
         <fn id="d7018e1737a1310">
            <label>31</label>
            <p>
               <mixed-citation id="d7018e1744" publication-type="other">
Ps.-Apollod. 3.6.4</mixed-citation>
            </p>
         </fn>
         <fn id="d7018e1751a1310">
            <label>32</label>
            <p>
               <mixed-citation id="d7018e1758" publication-type="other">
Bacchyl. 13.157</mixed-citation>
            </p>
         </fn>
         <fn id="d7018e1765a1310">
            <label>35</label>
            <p>
               <mixed-citation id="d7018e1772" publication-type="other">
Σ Pind. Ol. 6.144e (i.185 Dr)</mixed-citation>
            </p>
            <p>
               <mixed-citation id="d7018e1778" publication-type="other">
Paus. 2.153</mixed-citation>
            </p>
            <p>
               <mixed-citation id="d7018e1784" publication-type="other">
5.22.6</mixed-citation>
            </p>
            <p>
               <mixed-citation id="d7018e1791" publication-type="journal">
C. M. Bowra, 'The daughters of Asopus',
Hermes 73 (1938), 213-21<person-group>
                     <string-name>
                        <surname>Bowra</surname>
                     </string-name>
                  </person-group>
                  <fpage>213</fpage>
                  <volume>73</volume>
                  <source>Hermes</source>
                  <year>1938</year>
               </mixed-citation>
            </p>
         </fn>
         <fn id="d7018e1823a1310">
            <label>36</label>
            <p>
               <mixed-citation id="d7018e1830" publication-type="other">
Hall, Ethnic Identity, 97.</mixed-citation>
            </p>
         </fn>
         <fn id="d7018e1837a1310">
            <label>37</label>
            <p>
               <mixed-citation id="d7018e1844" publication-type="book">
A. Rengakos, 'Zu Bakchylides' Erzäihltechnik', in A. Bagordo and B. Zimmermann (edd.),
Bakchylides: 100 Jahre nach seiner Wiederentdeckung. Zetemata 106 (Munich, 2000), 107<person-group>
                     <string-name>
                        <surname>Rengakos</surname>
                     </string-name>
                  </person-group>
                  <comment content-type="section">Zu Bakchylides' Erzäihltechnik</comment>
                  <fpage>107</fpage>
                  <volume>106</volume>
                  <source>Bakchylides: 100 Jahre nach seiner Wiederentdeckung. Zetemata</source>
                  <year>2000</year>
               </mixed-citation>
            </p>
            <p>
               <mixed-citation id="d7018e1878" publication-type="other">
Pind. Pyth. 8</mixed-citation>
            </p>
         </fn>
         <fn id="d7018e1885a1310">
            <label>38</label>
            <p>
               <mixed-citation id="d7018e1892" publication-type="other">
Kurke, Traffic, esp. chs. 1 and 2.</mixed-citation>
            </p>
         </fn>
         <fn id="d7018e1900a1310">
            <label>39</label>
            <p>
               <mixed-citation id="d7018e1907" publication-type="other">
Σ Pind. Nem. 6.71a (iii. 110 Dr)</mixed-citation>
            </p>
            <p>
               <mixed-citation id="d7018e1913" publication-type="other">
Pind. Ol. 13.44</mixed-citation>
            </p>
            <p>
               <mixed-citation id="d7018e1919" publication-type="other">
Isthm.
3.11</mixed-citation>
            </p>
            <p>
               <mixed-citation id="d7018e1929" publication-type="journal">
D. E. Gerber, 'Pindar, Nemean Six: A Commentary', HSCP 99 (1999), 71 ad loc<object-id pub-id-type="doi">10.2307/311477</object-id>
                  <fpage>71</fpage>
               </mixed-citation>
            </p>
         </fn>
         <fn id="d7018e1942a1310">
            <label>40</label>
            <p>
               <mixed-citation id="d7018e1951" publication-type="other">
Aesch. Eum. 289-91, 669-73, and 762-74</mixed-citation>
            </p>
            <p>
               <mixed-citation id="d7018e1957" publication-type="book">
A. H. Sommerstein, Aeschylus, Eumenides (Cambridge, 1989), 26 and 30<person-group>
                     <string-name>
                        <surname>Sommerstein</surname>
                     </string-name>
                  </person-group>
                  <fpage>26</fpage>
                  <source>Aeschylus, Eumenides</source>
                  <year>1989</year>
               </mixed-citation>
            </p>
            <p>
               <mixed-citation id="d7018e1982" publication-type="other">
Thuc. 1.102</mixed-citation>
            </p>
         </fn>
         <fn id="d7018e1989a1310">
            <label>41</label>
            <p>
               <mixed-citation id="d7018e1996" publication-type="other">
Hdt. 5.86</mixed-citation>
            </p>
         </fn>
         <fn id="d7018e2003a1310">
            <label>42</label>
            <p>
               <mixed-citation id="d7018e2010" publication-type="other">
West, Catalogue, 100</mixed-citation>
            </p>
            <p>
               <mixed-citation id="d7018e2016" publication-type="other">
Diod. Sic. 4.72</mixed-citation>
            </p>
            <p>
               <mixed-citation id="d7018e2022" publication-type="other">
Ps.-Apollod. 3.12.6</mixed-citation>
            </p>
         </fn>
         <fn id="d7018e2029a1310">
            <label>43</label>
            <p>
               <mixed-citation id="d7018e2036" publication-type="journal">
G. A. Privitera, 'Pindaro, Nem. III 1-5, e l'acqua di Egina',
QUCC 58 (1988), 63-70<person-group>
                     <string-name>
                        <surname>Privitera</surname>
                     </string-name>
                  </person-group>
                  <fpage>63</fpage>
                  <volume>58</volume>
                  <source>QUCC</source>
                  <year>1988</year>
               </mixed-citation>
            </p>
         </fn>
         <fn id="d7018e2068a1310">
            <label>44</label>
            <p>
               <mixed-citation id="d7018e2075" publication-type="other">
West, Catalogue, 100-3</mixed-citation>
            </p>
            <p>
               <mixed-citation id="d7018e2081" publication-type="book">
J. L. Larson, Greek Nymphs: Myth, Cult, Lore (Oxford, 2001),
139-40<person-group>
                     <string-name>
                        <surname>Larson</surname>
                     </string-name>
                  </person-group>
                  <fpage>139</fpage>
                  <source>Greek Nymphs: Myth, Cult, Lore</source>
                  <year>2001</year>
               </mixed-citation>
            </p>
         </fn>
         <fn id="d7018e2111a1310">
            <label>45</label>
            <p>
               <mixed-citation id="d7018e2118" publication-type="other">
West, Catalogue, 7, 45-6</mixed-citation>
            </p>
            <p>
               <mixed-citation id="d7018e2124" publication-type="other">
EGM I fr. 22</mixed-citation>
            </p>
            <p>
               <mixed-citation id="d7018e2130" publication-type="other">
Hall [n. 22]
612</mixed-citation>
            </p>
            <p>
               <mixed-citation id="d7018e2140" publication-type="other">
EGM I fr. 77</mixed-citation>
            </p>
         </fn>
         <fn id="d7018e2147a1310">
            <label>46</label>
            <p>
               <mixed-citation id="d7018e2154" publication-type="other">
Ps.-Apollod. 3.12.6</mixed-citation>
            </p>
         </fn>
         <fn id="d7018e2161a1310">
            <label>47</label>
            <p>
               <mixed-citation id="d7018e2168" publication-type="other">
West, Catalogue,
3-7</mixed-citation>
            </p>
         </fn>
         <fn id="d7018e2178a1310">
            <label>48</label>
            <p>
               <mixed-citation id="d7018e2185" publication-type="book">
E. Stehle, Performance and Gender in Ancient Greece. Nondramatic Poetry in Its Setting
(Princeton, 1997), 106<person-group>
                     <string-name>
                        <surname>Stehle</surname>
                     </string-name>
                  </person-group>
                  <fpage>106</fpage>
                  <source>Performance and Gender in Ancient Greece. Nondramatic Poetry in Its Setting</source>
                  <year>1997</year>
               </mixed-citation>
            </p>
            <p>
               <mixed-citation id="d7018e2213" publication-type="journal">
T. Power, 'The Parthenoi of Bacchylides 13', HSCP 100 (2000), 67-81<object-id pub-id-type="doi">10.2307/3185209</object-id>
                  <fpage>67</fpage>
               </mixed-citation>
            </p>
         </fn>
         <fn id="d7018e2226a1310">
            <label>49</label>
            <p>
               <mixed-citation id="d7018e2233" publication-type="other">
Bacchyl. 13.84ff</mixed-citation>
            </p>
         </fn>
         <fn id="d7018e2240a1310">
            <label>50</label>
            <p>
               <mixed-citation id="d7018e2247" publication-type="other">
Paus. 2.5.1-3</mixed-citation>
            </p>
            <p>
               <mixed-citation id="d7018e2253" publication-type="other">
West, Catalogue, 100</mixed-citation>
            </p>
            <p>
               <mixed-citation id="d7018e2259" publication-type="other">
Maehler 1.2, 145</mixed-citation>
            </p>
         </fn>
         <fn id="d7018e2267a1310">
            <label>51</label>
            <p>
               <mixed-citation id="d7018e2274" publication-type="book">
D. Castriota, Myth, Ethos and Actuality. Official Art in Fifth-century B.c. Athens
(Madison, 1992), 47-53, 77-86, and 150-1<person-group>
                     <string-name>
                        <surname>Castriota</surname>
                     </string-name>
                  </person-group>
                  <fpage>47</fpage>
                  <source>Myth, Ethos and Actuality. Official Art in Fifth-century B.c. Athens</source>
                  <year>1992</year>
               </mixed-citation>
            </p>
            <p>
               <mixed-citation id="d7018e2302" publication-type="other">
Aesch. Suppl. 972-4</mixed-citation>
            </p>
            <p>
               <mixed-citation id="d7018e2308" publication-type="book">
E. Hall, Inventing the Barbarian. Greek Self-definition through Tragedy (Oxford, 1989), 118<person-group>
                     <string-name>
                        <surname>Hall</surname>
                     </string-name>
                  </person-group>
                  <fpage>118</fpage>
                  <source>Inventing the Barbarian. Greek Self-definition through Tragedy</source>
                  <year>1989</year>
               </mixed-citation>
            </p>
            <p>
               <mixed-citation id="d7018e2333" publication-type="other">
Bacchyl. 9</mixed-citation>
            </p>
         </fn>
         <fn id="d7018e2340a1310">
            <label>52</label>
            <p>
               <mixed-citation id="d7018e2347" publication-type="other">
Hall, Ethnic Identity, 25-6</mixed-citation>
            </p>
         </fn>
         <fn id="d7018e2354a1310">
            <label>53</label>
            <p>
               <mixed-citation id="d7018e2361" publication-type="other">
Pind. Isthm. 6</mixed-citation>
            </p>
            <p>
               <mixed-citation id="d7018e2367" publication-type="other">
Nem. 5</mixed-citation>
            </p>
            <p>
               <mixed-citation id="d7018e2373" publication-type="other">
Isthm. 5</mixed-citation>
            </p>
         </fn>
         <fn id="d7018e2380a1310">
            <label>54</label>
            <p>
               <mixed-citation id="d7018e2387" publication-type="other">
Maehler 1.2 ad loc.</mixed-citation>
            </p>
            <p>
               <mixed-citation id="d7018e2393" publication-type="other">
Ps.-Apollod. 3.12.6</mixed-citation>
            </p>
         </fn>
         <fn id="d7018e2400a1310">
            <label>55</label>
            <p>
               <mixed-citation id="d7018e2407" publication-type="other">
σ Pind. Nem. hyp. c. 9-10 (iii.3 Dr)</mixed-citation>
            </p>
            <p>
               <mixed-citation id="d7018e2413" publication-type="journal">
Aesch. Nemea (TrGF III, 261-2)<fpage>261</fpage>
                  <volume>III</volume>
                  <source>TrGF</source>
               </mixed-citation>
            </p>
            <p>
               <mixed-citation id="d7018e2428" publication-type="other">
n. 15 above</mixed-citation>
            </p>
         </fn>
         <fn id="d7018e2435a1310">
            <label>56</label>
            <p>
               <mixed-citation id="d7018e2442" publication-type="other">
Sim. PMG 553</mixed-citation>
            </p>
         </fn>
         <fn id="d7018e2450a1310">
            <label>57</label>
            <p>
               <mixed-citation id="d7018e2457" publication-type="other">
Delphi: Paus. 10.13.6</mixed-citation>
            </p>
            <p>
               <mixed-citation id="d7018e2463" publication-type="other">
Olympia: Paus. 5.22.6</mixed-citation>
            </p>
            <p>
               <mixed-citation id="d7018e2469" publication-type="other">
Bowra (n. 35), 215-16</mixed-citation>
            </p>
         </fn>
         <fn id="d7018e2476a1310">
            <label>58</label>
            <p>
               <mixed-citation id="d7018e2483" publication-type="other">
Larson (n. 44), 303, n. 44.</mixed-citation>
            </p>
         </fn>
         <fn id="d7018e2490a1310">
            <label>59</label>
            <p>
               <mixed-citation id="d7018e2497" publication-type="other">
II. 2.571</mixed-citation>
            </p>
            <p>
               <mixed-citation id="d7018e2503" publication-type="other">
Ap. Rhod. Argon. 1.115-17</mixed-citation>
            </p>
         </fn>
         <fn id="d7018e2510a1310">
            <label>60</label>
            <p>
               <mixed-citation id="d7018e2517" publication-type="other">
Maehler 1.2 ad loc.</mixed-citation>
            </p>
            <p>
               <mixed-citation id="d7018e2523" publication-type="other">
Bacchyl. 9.98</mixed-citation>
            </p>
            <p>
               <mixed-citation id="d7018e2529" publication-type="other">
Philitas fr. 4</mixed-citation>
            </p>
            <p>
               <mixed-citation id="d7018e2536" publication-type="other">
Ap. Rhod. Argon. 1.115</mixed-citation>
            </p>
         </fn>
         <fn id="d7018e2543a1310">
            <label>61</label>
            <p>
               <mixed-citation id="d7018e2550" publication-type="other">
Text above, p. 352.</mixed-citation>
            </p>
         </fn>
         <fn id="d7018e2557a1310">
            <label>62</label>
            <p>
               <mixed-citation id="d7018e2564" publication-type="other">
Maehler 1.2, 147-9</mixed-citation>
            </p>
         </fn>
         <fn id="d7018e2572a1310">
            <label>63</label>
            <p>
               <mixed-citation id="d7018e2579" publication-type="book">
M. S. Silk, Interaction in Poetic Imagery (Cambridge, 1974), 110; 111<person-group>
                     <string-name>
                        <surname>Silk</surname>
                     </string-name>
                  </person-group>
                  <fpage>110</fpage>
                  <source>Interaction in Poetic Imagery</source>
                  <year>1974</year>
               </mixed-citation>
            </p>
            <p>
               <mixed-citation id="d7018e2603" publication-type="journal">
A. Villarrubia,
'Los similes en la poesia de Baquilides', Habis 22 (1991), 87-8<person-group>
                     <string-name>
                        <surname>Villarrubia</surname>
                     </string-name>
                  </person-group>
                  <fpage>87</fpage>
                  <volume>22</volume>
                  <source>Habis</source>
                  <year>1991</year>
               </mixed-citation>
            </p>
         </fn>
         <fn id="d7018e2635a1310">
            <label>65</label>
            <p>
               <mixed-citation id="d7018e2642" publication-type="other">
Eust. Il. 729.21</mixed-citation>
            </p>
            <p>
               <mixed-citation id="d7018e2648" publication-type="book">
E. Stehle, 'Romantic sensuality, poetic sense: a response to Hallett
on Sappho', in E. Greene (ed.), Reading Sappho: Contemporary Approaches (Berkeley, 1996), 148<person-group>
                     <string-name>
                        <surname>Stehle</surname>
                     </string-name>
                  </person-group>
                  <comment content-type="section">Romantic sensuality, poetic sense: a response to Hallett on Sappho</comment>
                  <fpage>148</fpage>
                  <source>Reading Sappho: Contemporary Approaches</source>
                  <year>1996</year>
               </mixed-citation>
            </p>
         </fn>
         <fn id="d7018e2680a1310">
            <label>66</label>
            <p>
               <mixed-citation id="d7018e2687" publication-type="other">
Maehler 1.2 ad loc.</mixed-citation>
            </p>
         </fn>
         <fn id="d7018e2694a1310">
            <label>67</label>
            <p>
               <mixed-citation id="d7018e2701" publication-type="other">
Hutchinson, 178</mixed-citation>
            </p>
            <p>
               <mixed-citation id="d7018e2707" publication-type="journal">
R. Hague, 'Sappho's consolation for Atthis. fr. 96 LP', AJP 105 (1984),
34-5<object-id pub-id-type="doi">10.2307/294623</object-id>
                  <fpage>34</fpage>
               </mixed-citation>
            </p>
            <p>
               <mixed-citation id="d7018e2722" publication-type="journal">
T. McEvilley, 'Sappho, fragment ninety-four', Phoenix 25 (1971), 3, 10<object-id pub-id-type="doi">10.2307/1087377</object-id>
                  <fpage>3</fpage>
               </mixed-citation>
            </p>
            <p>
               <mixed-citation id="d7018e2735" publication-type="journal">
C. M. Macleod, 'Two comparisons in Sappho', ZPE 15 (1974), 217-20<person-group>
                     <string-name>
                        <surname>Macleod</surname>
                     </string-name>
                  </person-group>
                  <fpage>217</fpage>
                  <volume>15</volume>
                  <source>ZPE</source>
                  <year>1974</year>
               </mixed-citation>
            </p>
         </fn>
         <fn id="d7018e2764a1310">
            <label>68</label>
            <p>
               <mixed-citation id="d7018e2771" publication-type="other">
Slater,
Lexicon, s.v., b. a</mixed-citation>
            </p>
            <p>
               <mixed-citation id="d7018e2780" publication-type="book">
C. M. Bowra, Pindar (Oxford, 1964), 35-6<person-group>
                     <string-name>
                        <surname>Bowra</surname>
                     </string-name>
                  </person-group>
                  <fpage>35</fpage>
                  <source>Pindar</source>
                  <year>1964</year>
               </mixed-citation>
            </p>
            <p>
               <mixed-citation id="d7018e2804" publication-type="other">
Pind. Isthm. 3/4.41-2</mixed-citation>
            </p>
         </fn>
         <fn id="d7018e2811a1310">
            <label>69</label>
            <p>
               <mixed-citation id="d7018e2818" publication-type="other">
Stehle (n. 48), 302</mixed-citation>
            </p>
         </fn>
         <fn id="d7018e2826a1310">
            <label>70</label>
            <p>
               <mixed-citation id="d7018e2833" publication-type="journal">
C. Carey, 'Bacchylides experiments: Ode 11', Mnemos. 33 (1980), 227-8<person-group>
                     <string-name>
                        <surname>Carey</surname>
                     </string-name>
                  </person-group>
                  <fpage>227</fpage>
                  <volume>33</volume>
                  <source>Mnemos.</source>
                  <year>1980</year>
               </mixed-citation>
            </p>
            <p>
               <mixed-citation id="d7018e2861" publication-type="other">
Bacchyl. 5.37-41</mixed-citation>
            </p>
            <p>
               <mixed-citation id="d7018e2867" publication-type="other">
esp. 10.21-6</mixed-citation>
            </p>
         </fn>
         <fn id="d7018e2874a1310">
            <label>71</label>
            <p>
               <mixed-citation id="d7018e2881" publication-type="book">
W J. Slater, 'Nemean One: the
victor's return in poetry and politics', in D. E. Gerber (ed.), Greek Poetry and Philosophy. Studies
in Honour of Leonard Woodbury (Chico, CA, 1983), 244<person-group>
                     <string-name>
                        <surname>Slater</surname>
                     </string-name>
                  </person-group>
                  <comment content-type="section">Nemean One: the victor's return in poetry and politics</comment>
                  <fpage>244</fpage>
                  <source>Greek Poetry and Philosophy. Studies in Honour of Leonard Woodbury</source>
                  <year>1983</year>
               </mixed-citation>
            </p>
            <p>
               <mixed-citation id="d7018e2915" publication-type="other">
Slater, 244, with n. 17</mixed-citation>
            </p>
            <p>
               <mixed-citation id="d7018e2921" publication-type="other">
Xen. Symp. 1.8-10</mixed-citation>
            </p>
            <p>
               <mixed-citation id="d7018e2928" publication-type="journal">
T K. Hubbard, 'Pindar, Theoxenus, and the homoerotic
eye', Arethusa 35.2 (2002), 255-296<person-group>
                     <string-name>
                        <surname>Hubbard</surname>
                     </string-name>
                  </person-group>
                  <issue>2</issue>
                  <fpage>255</fpage>
                  <volume>35</volume>
                  <source>Arethusa</source>
                  <year>2002</year>
               </mixed-citation>
            </p>
            <p>
               <mixed-citation id="d7018e2962" publication-type="other">
Pind. fr. 123</mixed-citation>
            </p>
            <p>
               <mixed-citation id="d7018e2968" publication-type="journal">
D. Steiner, 'Moving images:
fifth-century victory monuments and the athlete's allure', CA 17 (1998), 149<person-group>
                     <string-name>
                        <surname>Steiner</surname>
                     </string-name>
                  </person-group>
                  <fpage>149</fpage>
                  <volume>17</volume>
                  <source>CA</source>
                  <year>1998</year>
               </mixed-citation>
            </p>
            <p>
               <mixed-citation id="d7018e2999" publication-type="other">
Bacchyl. 9</mixed-citation>
            </p>
         </fn>
         <fn id="d7018e3006a1310">
            <label>72</label>
            <p>
               <mixed-citation id="d7018e3013" publication-type="other">
Pind. Pyth. 8.95-7</mixed-citation>
            </p>
         </fn>
         <fn id="d7018e3020a1310">
            <label>73</label>
            <p>
               <mixed-citation id="d7018e3027" publication-type="other">
Leda, Tyro, and Thero at Hes. frs. 23a8, 30.25, and 252.4</mixed-citation>
            </p>
            <p>
               <mixed-citation id="d7018e3033" publication-type="other">
Maehler 1.2, 156-7 ad loc. 27-9</mixed-citation>
            </p>
         </fn>
         <fn id="d7018e3040a1310">
            <label>74</label>
            <p>
               <mixed-citation id="d7018e3047" publication-type="other">
Villarrubia (n. 63), 87</mixed-citation>
            </p>
            <p>
               <mixed-citation id="d7018e3053" publication-type="other">
Maehler 1.2 ad loc.</mixed-citation>
            </p>
            <p>
               <mixed-citation id="d7018e3059" publication-type="other">
Gow
on Theoc. 23.7</mixed-citation>
            </p>
            <p>
               <mixed-citation id="d7018e3069" publication-type="other">
Bacchyl. 9.36</mixed-citation>
            </p>
            <p>
               <mixed-citation id="d7018e3075" publication-type="other">
Ar. Av. 925</mixed-citation>
            </p>
            <p>
               <mixed-citation id="d7018e3081" publication-type="book">
C. Kugelmeier, Reflexe früher und zeitgenössicher
Lyrik in der Alten attischen Komödie (Stuttgart, 1996), 112-14<person-group>
                     <string-name>
                        <surname>Kugelmeier</surname>
                     </string-name>
                  </person-group>
                  <fpage>112</fpage>
                  <source>Reflexe früher und zeitgenössicher Lyrik in der Alten attischen Komödie</source>
                  <year>1996</year>
               </mixed-citation>
            </p>
            <p>
               <mixed-citation id="d7018e3109" publication-type="other">
Ap. Rhod. Arg.
3.288</mixed-citation>
            </p>
            <p>
               <mixed-citation id="d7018e3118" publication-type="other">
Sappho fr. 16</mixed-citation>
            </p>
         </fn>
         <fn id="d7018e3125a1310">
            <label>75</label>
            <p>
               <mixed-citation id="d7018e3132" publication-type="journal">
C. Brown, 'Anactoria and the [Unrepresented Characters]: Sappho fr. 16, 18 Voigt', QUCC
32.2 (1989), 9-10<person-group>
                     <string-name>
                        <surname>Brown</surname>
                     </string-name>
                  </person-group>
                  <issue>2</issue>
                  <fpage>9</fpage>
                  <volume>32</volume>
                  <source>QUCC</source>
                  <year>1989</year>
               </mixed-citation>
            </p>
            <p>
               <mixed-citation id="d7018e3166" publication-type="other">
frs. 43.4, 70.38, 73.3, 185.20, 196.6 M-W</mixed-citation>
            </p>
            <p>
               <mixed-citation id="d7018e3172" publication-type="other">
Etym. Gen. 589 s.v.</mixed-citation>
            </p>
         </fn>
         <fn id="d7018e3180a1310">
            <label>76</label>
            <p>
               <mixed-citation id="d7018e3187" publication-type="other">
fr. 16</mixed-citation>
            </p>
            <p>
               <mixed-citation id="d7018e3193" publication-type="other">
Anacreon PMG 444</mixed-citation>
            </p>
         </fn>
         <fn id="d7018e3200a1310">
            <label>77</label>
            <p>
               <mixed-citation id="d7018e3207" publication-type="other">
Ap. Rhod. Arg. 4.167-71</mixed-citation>
            </p>
            <p>
               <mixed-citation id="d7018e3213" publication-type="journal">
J. M. Bremer, 'Full moon and marriage in
Apollonius' Argonautica', CQ 37 (1987), 423-6<object-id pub-id-type="jstor">10.2307/638839</object-id>
                  <fpage>423</fpage>
               </mixed-citation>
            </p>
            <p>
               <mixed-citation id="d7018e3228" publication-type="other">
Pind. Isthm. 8.44-5</mixed-citation>
            </p>
            <p>
               <mixed-citation id="d7018e3235" publication-type="other">
Σ Pind. Isthm. 8.93a
(iii.275 Dr)</mixed-citation>
            </p>
            <p>
               <mixed-citation id="d7018e3244" publication-type="other">
Bremer,
423, n. 3</mixed-citation>
            </p>
            <p>
               <mixed-citation id="d7018e3253" publication-type="other">
HHAph. 82ff.</mixed-citation>
            </p>
            <p>
               <mixed-citation id="d7018e3259" publication-type="other">
Quint. Smyrn. 1.33-41</mixed-citation>
            </p>
            <p>
               <mixed-citation id="d7018e3265" publication-type="other">
Penthesilea, viewed as an ideal wife at 666-74</mixed-citation>
            </p>
            <p>
               <mixed-citation id="d7018e3271" publication-type="book">
E Vian,
Recherches sur les Posthomerica de Quintus de Smyrne (Paris, 1959), 20<person-group>
                     <string-name>
                        <surname>Vian</surname>
                     </string-name>
                  </person-group>
                  <fpage>20</fpage>
                  <source>Recherches sur les Posthomerica de Quintus de Smyrne</source>
                  <year>1959</year>
               </mixed-citation>
            </p>
         </fn>
         <fn id="d7018e3300a1310">
            <label>78</label>
            <p>
               <mixed-citation id="d7018e3307" publication-type="other">
Maehler 1.2 ad loc.</mixed-citation>
            </p>
            <p>
               <mixed-citation id="d7018e3313" publication-type="other">
Paus. 2.13.5-7</mixed-citation>
            </p>
            <p>
               <mixed-citation id="d7018e3319" publication-type="journal">
RE 20.1288<fpage>1288</fpage>
                  <volume>20</volume>
                  <source>RE</source>
               </mixed-citation>
            </p>
            <p>
               <mixed-citation id="d7018e3335" publication-type="book">
G. Casadio, Storia del Culto di
Dioniso in Argolide (Rome, 1994), 24-5 with n. 32<person-group>
                     <string-name>
                        <surname>Casadio</surname>
                     </string-name>
                  </person-group>
                  <fpage>24</fpage>
                  <source>Storia del Culto di Dioniso in Argolide</source>
                  <year>1994</year>
               </mixed-citation>
            </p>
         </fn>
         <fn id="d7018e3364a1310">
            <label>79</label>
            <p>
               <mixed-citation id="d7018e3371" publication-type="other">
Stehle (n. 48), 59; 148</mixed-citation>
            </p>
         </fn>
         <fn id="d7018e3378a1310">
            <label>80</label>
            <p>
               <mixed-citation id="d7018e3385" publication-type="other">
Casadio (n. 78), 24-5, n. 32</mixed-citation>
            </p>
         </fn>
         <fn id="d7018e3392a1310">
            <label>81</label>
            <p>
               <mixed-citation id="d7018e3399" publication-type="other">
Plut. Quaest. Rom. 112, 291a</mixed-citation>
            </p>
            <p>
               <mixed-citation id="d7018e3405" publication-type="other">
De Daed., fr. 157 Sandbach</mixed-citation>
            </p>
         </fn>
         <fn id="d7018e3413a1310">
            <label>82</label>
            <p>
               <mixed-citation id="d7018e3420" publication-type="other">
Casadio (n. 78), 24 n. 32.</mixed-citation>
            </p>
         </fn>
         <fn id="d7018e3427a1310">
            <label>83</label>
            <p>
               <mixed-citation id="d7018e3434" publication-type="other">
Bacchyl. 12.42</mixed-citation>
            </p>
            <p>
               <mixed-citation id="d7018e3440" publication-type="other">
Bacchyl. 3.44</mixed-citation>
            </p>
         </fn>
         <fn id="d7018e3447a1310">
            <label>84</label>
            <p>
               <mixed-citation id="d7018e3454" publication-type="other">
Maehler 1.2, 49 ad loc.</mixed-citation>
            </p>
            <p>
               <mixed-citation id="d7018e3460" publication-type="other">
Hutchinson ad loc</mixed-citation>
            </p>
         </fn>
         <fn id="d7018e3467a1310">
            <label>85</label>
            <p>
               <mixed-citation id="d7018e3474" publication-type="book">
F Bömer, P Ovidius Naso. Metamorphosen. Kommentar Buch VI-VII (Heidelberg,
1976), 108 ad loc.<person-group>
                     <string-name>
                        <surname>Bömer</surname>
                     </string-name>
                  </person-group>
                  <fpage>108</fpage>
                  <source>P Ovidius Naso. Metamorphosen. Kommentar Buch VI-VII</source>
                  <year>1976</year>
               </mixed-citation>
            </p>
            <p>
               <mixed-citation id="d7018e3502" publication-type="journal">
Ov. Met. 6.382-400<fpage>382</fpage>
                  <volume>6</volume>
                  <source>Met.</source>
               </mixed-citation>
            </p>
            <p>
               <mixed-citation id="d7018e3517" publication-type="journal">
RE 14.21986-95 s.v. Marsyas<fpage>21986</fpage>
                  <volume>14</volume>
                  <source>RE</source>
               </mixed-citation>
            </p>
            <p>
               <mixed-citation id="d7018e3533" publication-type="other">
Σ P1. Symp. 215b</mixed-citation>
            </p>
            <p>
               <mixed-citation id="d7018e3539" publication-type="other">
Min. 318b (64 and 294 Greene)</mixed-citation>
            </p>
            <p>
               <mixed-citation id="d7018e3545" publication-type="other">
Ps.-Plut. De Fluv. 10.1</mixed-citation>
            </p>
            <p>
               <mixed-citation id="d7018e3551" publication-type="other">
Alex Polyhist. FGrH 273 F 76</mixed-citation>
            </p>
            <p>
               <mixed-citation id="d7018e3557" publication-type="other">
Hyg.
Fab. 165</mixed-citation>
            </p>
         </fn>
         <fn id="d7018e3567a1310">
            <label>86</label>
            <p>
               <mixed-citation id="d7018e3574" publication-type="book">
P. Wilson, 'The aulos in Athens', in S. Goldhill and
R. Osborne (edd.), Performance Culture and Athenian Democracy (Cambridge, 1999), 58-95<person-group>
                     <string-name>
                        <surname>Wilson</surname>
                     </string-name>
                  </person-group>
                  <comment content-type="section">The aulos in Athens</comment>
                  <fpage>58</fpage>
                  <source>Performance Culture and Athenian Democracy</source>
                  <year>1999</year>
               </mixed-citation>
            </p>
         </fn>
         <fn id="d7018e3606a1310">
            <label>87</label>
            <p>
               <mixed-citation id="d7018e3613" publication-type="journal">
Il. 11.102<object-id pub-id-type="doi">10.2307/1349026</object-id>
                  <fpage>102</fpage>
               </mixed-citation>
            </p>
            <p>
               <mixed-citation id="d7018e3625" publication-type="other">
Slater, Lexicon, s.v.</mixed-citation>
            </p>
            <p>
               <mixed-citation id="d7018e3631" publication-type="other">
Ol. 2.11</mixed-citation>
            </p>
            <p>
               <mixed-citation id="d7018e3638" publication-type="other">
Dem. 9.30</mixed-citation>
            </p>
         </fn>
      </fn-group>
   </back>
</article>
