<article xmlns:xsi="http://www.w3.org/2001/XMLSchema-instance"
         xmlns:xlink="http://www.w3.org/1999/xlink"
         xmlns:mml="http://www.w3.org/1998/Math/MathML"
         dtd-version="1.0"
         article-type="research-article">
   <front>
      <journal-meta>
         <journal-id journal-id-type="jstor">clasquar</journal-id>
         <journal-id journal-id-type="jstor">j100124</journal-id>
         <journal-title-group>
            <journal-title>The Classical Quarterly</journal-title>
         </journal-title-group>
         <publisher>
            <publisher-name>Oxford University Press</publisher-name>
         </publisher>
         <custom-meta-group>
            <custom-meta>
               <meta-name>journal-series-title</meta-name>
               <meta-value>2</meta-value>
            </custom-meta>
         </custom-meta-group>
         <issn pub-type="ppub">00098388</issn>
         <issn pub-type="epub">14716844</issn>
      </journal-meta>
      <article-meta>
         <article-id pub-id-type="jstor">3556317</article-id>
         <article-categories>
            <subj-group>
               <subject>Shorter Notes</subject>
            </subj-group>
         </article-categories>
         <title-group>
            <article-title>Sophroniscus' Son Is Approaching: Porphyry, "Isagoge" 7.20-1</article-title>
         </title-group>
         <contrib-group>
            <contrib contrib-type="author">
               <string-name>
                  <given-names>Francesco</given-names>
                  <surname>Ademollo</surname>
               </string-name>
            </contrib>
         </contrib-group>
         <pub-date>
            <day>1</day>
            <month>5</month>
            <year>2004</year>
         </pub-date>
         <volume>54</volume>
         <issue>1</issue>
         <issue-id>i369255</issue-id>
         <fpage>322</fpage>
         <lpage>325</lpage>
         <page-range>322-325</page-range>
         <permissions>
            <copyright-statement>Copyright 2004 The Classical Association</copyright-statement>
         </permissions>
         <self-uri xlink:href="http://www.jstor.org/stable/3556317"/>
         <custom-meta-group>
            <custom-meta>
               <meta-name>lang</meta-name>
               <meta-value>eng</meta-value>
            </custom-meta>
         </custom-meta-group>
      </article-meta>
   </front>
   <back>
      <fn-group>
         <title>[Footnotes]</title>
         <fn id="d12542e123a1310">
            <label>1</label>
            <p>
               <mixed-citation id="d12542e130" publication-type="book">
A. de Libera and A. Ph. Segonds,
Porphyre: Isagoge (Paris, 1998)<person-group>
                     <string-name>
                        <surname>de Libera</surname>
                     </string-name>
                  </person-group>
                  <source>Porphyre: Isagoge</source>
                  <year>1998</year>
               </mixed-citation>
            </p>
         </fn>
         <fn id="d12542e155a1310">
            <label>2</label>
            <p>
               <mixed-citation id="d12542e162" publication-type="journal">
Porph. in Cat.
129.9-10<fpage>9</fpage>
                  <volume>129</volume>
                  <source>Cat.</source>
               </mixed-citation>
            </p>
            <p>
               <mixed-citation id="d12542e180" publication-type="journal">
Dexipp. in Cat. 30.20-6<fpage>20</fpage>
                  <volume>30</volume>
                  <source>Cat.</source>
               </mixed-citation>
            </p>
            <p>
               <mixed-citation id="d12542e195" publication-type="journal">
Simpl. in Cat. 55.3-5<fpage>3</fpage>
                  <volume>55</volume>
                  <source>Cat.</source>
               </mixed-citation>
            </p>
            <p>
               <mixed-citation id="d12542e211" publication-type="other">
229.16-8</mixed-citation>
            </p>
            <p>
               <mixed-citation id="d12542e217" publication-type="journal">
Philop. in An. Po.
437.11-438.2<issue>11</issue>
                  <fpage>2</fpage>
                  <volume>437</volume>
                  <source>An. Po.</source>
               </mixed-citation>
            </p>
            <p>
               <mixed-citation id="d12542e239" publication-type="journal">
Ammon. in
Porph. 89.18-90.23<issue>18</issue>
                  <fpage>23</fpage>
                  <volume>89</volume>
                  <source>Porph.</source>
               </mixed-citation>
            </p>
            <p>
               <mixed-citation id="d12542e261" publication-type="other">
Elias 76.2-11</mixed-citation>
            </p>
            <p>
               <mixed-citation id="d12542e267" publication-type="other">
David 167.18-171.22</mixed-citation>
            </p>
            <p>
               <mixed-citation id="d12542e273" publication-type="other">
ps.-Elias § 38.11-16</mixed-citation>
            </p>
            <p>
               <mixed-citation id="d12542e280" publication-type="journal">
Boeth. in &lt;latex&gt;$Porph.^2$&lt;/latex&gt;
233.20-236.6 Brandt<issue>20</issue>
                  <fpage>6</fpage>
                  <volume>233</volume>
                  <source>&lt;latex&gt;$Porph.^2$&lt;/latex&gt;</source>
               </mixed-citation>
            </p>
         </fn>
         <fn id="d12542e303a1310">
            <label>3</label>
            <p>
               <mixed-citation id="d12542e310" publication-type="journal">
R. Chiaradonna, 'La teoria dell'individuo in Porfirio e l'[Unrepresented Characters]
[Unrepresented Characters] stoico', Elenchos 21 (2000), 303-31<person-group>
                     <string-name>
                        <surname>Chiaradonna</surname>
                     </string-name>
                  </person-group>
                  <fpage>303</fpage>
                  <volume>21</volume>
                  <source>Elenchos</source>
                  <year>2000</year>
               </mixed-citation>
            </p>
            <p>
               <mixed-citation id="d12542e341" publication-type="book">
P. Hadot, Porphyre et Victorinus (Paris,
1968), 1.131, 2.99, n. 4<person-group>
                     <string-name>
                        <surname>Hadot</surname>
                     </string-name>
                  </person-group>
                  <fpage>131</fpage>
                  <volume>1</volume>
                  <source>Porphyre et Victorinus</source>
                  <year>1968</year>
               </mixed-citation>
            </p>
            <p>
               <mixed-citation id="d12542e372" publication-type="book">
R. Sorabji, Matter, Space and Motion. Theories in Antiquity and Their
Sequel (London, 1988), 44-59<person-group>
                     <string-name>
                        <surname>Sorabji</surname>
                     </string-name>
                  </person-group>
                  <fpage>44</fpage>
                  <source>Matter, Space and Motion. Theories in Antiquity and Their Sequel</source>
                  <year>1988</year>
               </mixed-citation>
            </p>
            <p>
               <mixed-citation id="d12542e401" publication-type="book">
A. C. Lloyd, The Anatomy of Neoplatonism (Oxford, 1990), 43-7<person-group>
                     <string-name>
                        <surname>Lloyd</surname>
                     </string-name>
                  </person-group>
                  <fpage>43</fpage>
                  <source>The Anatomy of Neoplatonism</source>
                  <year>1990</year>
               </mixed-citation>
            </p>
         </fn>
         <fn id="d12542e426a1310">
            <label>4</label>
            <p>
               <mixed-citation id="d12542e433" publication-type="other">
B = Parisinus Coislinianus 387 (tenth-eleventh century).</mixed-citation>
            </p>
         </fn>
         <fn id="d12542e441a1310">
            <label>5</label>
            <p>
               <mixed-citation id="d12542e448" publication-type="other">
2.17-18</mixed-citation>
            </p>
         </fn>
         <fn id="d12542e455a1310">
            <label>6</label>
            <p>
               <mixed-citation id="d12542e462" publication-type="other">
Porphyry's passage is not our knowledge of the referent's
identity</mixed-citation>
            </p>
            <p>
               <mixed-citation id="d12542e471" publication-type="other">
parallel 'this white thing here'</mixed-citation>
            </p>
         </fn>
         <fn id="d12542e478a1310">
            <label>7</label>
            <p>
               <mixed-citation id="d12542e485" publication-type="book">
Aristotelis Stagiritae Peripateticorum Principis Organum Iul. Pacius recensuit, Editio Secunda
(Francofurti, 1597), 13.<fpage>13</fpage>
                  <source>Aristotelis Stagiritae Peripateticorum Principis Organum</source>
                  <year>1597</year>
               </mixed-citation>
            </p>
         </fn>
         <fn id="d12542e504a1310">
            <label>8</label>
            <p>
               <mixed-citation id="d12542e511" publication-type="other">
Busse and Brandt (in his edition of Boethius' larger commentary, CSEL
48)</mixed-citation>
            </p>
         </fn>
         <fn id="d12542e521a1310">
            <label>9</label>
            <p>
               <mixed-citation id="d12542e528" publication-type="other">
Lg = Petropolitanus (olim Leninopolitanus), bibl. nat. (olim bibl. publ.) E V. class. lat. 7:
ninth century</mixed-citation>
            </p>
            <p>
               <mixed-citation id="d12542e537" publication-type="other">
He = Parisinus lat. 12949: ninth century</mixed-citation>
            </p>
            <p>
               <mixed-citation id="d12542e543" publication-type="other">
Kö = Coloniensis, bibl. Eccl. Metropol.
CXCI: eleventh century</mixed-citation>
            </p>
         </fn>
         <fn id="d12542e553a1310">
            <label>11</label>
            <p>
               <mixed-citation id="d12542e560" publication-type="other">
Porphyry: Introduction [Oxford, 2003]</mixed-citation>
            </p>
            <p>
               <mixed-citation id="d12542e566" publication-type="other">
Arist. An. Pr. 43a35-6</mixed-citation>
            </p>
            <p>
               <mixed-citation id="d12542e572" publication-type="journal">
Al. Aphr. in An.
Pr. 291.8<fpage>8</fpage>
                  <volume>291</volume>
                  <source>An. Pr.</source>
               </mixed-citation>
            </p>
         </fn>
      </fn-group>
   </back>
</article>
