<article xmlns:xsi="http://www.w3.org/2001/XMLSchema-instance"
         xmlns:xlink="http://www.w3.org/1999/xlink"
         xmlns:mml="http://www.w3.org/1998/Math/MathML"
         dtd-version="1.0"
         article-type="research-article">
   <front>
      <journal-meta>
         <journal-id journal-id-type="jstor">clasquar</journal-id>
         <journal-id journal-id-type="jstor">j100124</journal-id>
         <journal-title-group>
            <journal-title>The Classical Quarterly</journal-title>
         </journal-title-group>
         <publisher>
            <publisher-name>Oxford University Press</publisher-name>
         </publisher>
         <issn pub-type="ppub">00098388</issn>
         <issn pub-type="epub">14716844</issn>
      </journal-meta>
      <article-meta>
         <article-id pub-id-type="jstor">3556467</article-id>
         <article-categories>
            <subj-group>
               <subject>Shorter Notes</subject>
            </subj-group>
         </article-categories>
         <title-group>
            <article-title>Words Amiss at Plato, Phaedo 118a1-4</article-title>
         </title-group>
         <contrib-group>
            <contrib contrib-type="author">
               <string-name>
                  <given-names>Archibald</given-names>
                  <surname>Allen</surname>
               </string-name>
            </contrib>
         </contrib-group>
         <pub-date>
            <day>1</day>
            <month>1</month>
            <year>2002</year>
         </pub-date>
         <volume>52</volume>
         <issue>1</issue>
         <issue-id>i369251</issue-id>
         <fpage>381</fpage>
         <lpage>383</lpage>
         <page-range>381-383</page-range>
         <permissions>
            <copyright-statement/>
         </permissions>
         <self-uri xlink:href="http://www.jstor.org/stable/3556467"/>
         <custom-meta-group>
            <custom-meta>
               <meta-name>lang</meta-name>
               <meta-value>eng</meta-value>
            </custom-meta>
         </custom-meta-group>
      </article-meta>
   </front>
   <back>
      <fn-group>
         <title>[Footnotes]</title>
         <fn id="d2161e122a1310">
            <label>1</label>
            <p>
               <mixed-citation id="d2161e129" publication-type="book">
R. D. Archer Hind, The Phaedo of Plato (London, 1883)<person-group>
                     <string-name>
                        <surname>Hind</surname>
                     </string-name>
                  </person-group>
                  <source>The Phaedo of Plato</source>
                  <year>1883</year>
               </mixed-citation>
            </p>
            <p>
               <mixed-citation id="d2161e150" publication-type="other">
ad loc.</mixed-citation>
            </p>
         </fn>
         <fn id="d2161e157a1310">
            <label>2</label>
            <p>
               <mixed-citation id="d2161e164" publication-type="book">
C. Rowe (ed.), Plato.
Phaedo (Cambridge, 1993), ad loc<person-group>
                     <string-name>
                        <surname>Rowe</surname>
                     </string-name>
                  </person-group>
                  <source>Plato. Phaedo</source>
                  <year>1993</year>
               </mixed-citation>
            </p>
            <p>
               <mixed-citation id="d2161e188" publication-type="book">
R. Renehan, Greek Textual Criticism. A Reader
(Cambridge, MA, 1969), 77-85<person-group>
                     <string-name>
                        <surname>Renehan</surname>
                     </string-name>
                  </person-group>
                  <fpage>77</fpage>
                  <source>Greek Textual Criticism. A Reader</source>
                  <year>1969</year>
               </mixed-citation>
            </p>
            <p>
               <mixed-citation id="d2161e216" publication-type="journal">
C. Watkins, 'An Indo-European construction in
Greek and Latin', HSCP 71 (1966), pp. 115-19<person-group>
                     <string-name>
                        <surname>Watkins</surname>
                     </string-name>
                  </person-group>
                  <fpage>115</fpage>
                  <volume>71</volume>
                  <source>HSCP</source>
                  <year>1966</year>
               </mixed-citation>
            </p>
         </fn>
         <fn id="d2161e248a1310">
            <label>3</label>
            <p>
               <mixed-citation id="d2161e255" publication-type="book">
R. Hackforth, Plato's Phaedo (Cambridge, 1955), 190, n. 2<person-group>
                     <string-name>
                        <surname>Hackforth</surname>
                     </string-name>
                  </person-group>
                  <fpage>190</fpage>
                  <source>Plato's Phaedo</source>
                  <year>1955</year>
               </mixed-citation>
            </p>
         </fn>
         <fn id="d2161e280a1310">
            <label>4</label>
            <p>
               <mixed-citation id="d2161e287" publication-type="book">
J. Burnet, Plato's Phaedo (Oxford, 1911)<person-group>
                     <string-name>
                        <surname>Burnet</surname>
                     </string-name>
                  </person-group>
                  <source>Plato's Phaedo</source>
                  <year>1911</year>
               </mixed-citation>
            </p>
            <p>
               <mixed-citation id="d2161e308" publication-type="other">
ad loc.</mixed-citation>
            </p>
            <p>
               <mixed-citation id="d2161e314" publication-type="book">
L. F Heindorf, Platonis Dialogi
Selecti 4 (Berlin, 1809)<person-group>
                     <string-name>
                        <surname>Heindorf</surname>
                     </string-name>
                  </person-group>
                  <fpage>4</fpage>
                  <source>Platonis Dialogi Selecti</source>
                  <year>1809</year>
               </mixed-citation>
            </p>
            <p>
               <mixed-citation id="d2161e343" publication-type="other">
ad loc.</mixed-citation>
            </p>
         </fn>
         <fn id="d2161e351a1310">
            <label>5</label>
            <p>
               <mixed-citation id="d2161e358" publication-type="other">
Rowe (n. 2), ad loc.</mixed-citation>
            </p>
         </fn>
         <fn id="d2161e365a1310">
            <label>6</label>
            <p>
               <mixed-citation id="d2161e372" publication-type="journal">
W. J. Verdenius, Mnemosyme 11 (1958), 243.<person-group>
                     <string-name>
                        <surname>Verdenius</surname>
                     </string-name>
                  </person-group>
                  <fpage>243</fpage>
                  <volume>11</volume>
                  <source>Mnemosyme</source>
                  <year>1958</year>
               </mixed-citation>
            </p>
         </fn>
         <fn id="d2161e401a1310">
            <label>7</label>
            <p>
               <mixed-citation id="d2161e408" publication-type="book">
L. Robin, Platon, Phédon (Paris, 1926).<person-group>
                     <string-name>
                        <surname>Robin</surname>
                     </string-name>
                  </person-group>
                  <source>Platon, Phédon</source>
                  <year>1926</year>
               </mixed-citation>
            </p>
         </fn>
         <fn id="d2161e430a1310">
            <label>8</label>
            <p>
               <mixed-citation id="d2161e437" publication-type="other">
Burnet (n. 4) ad loc.</mixed-citation>
            </p>
            <p>
               <mixed-citation id="d2161e443" publication-type="other">
Kühner-Gerth (1.653)</mixed-citation>
            </p>
         </fn>
         <fn id="d2161e450a1310">
            <label>9</label>
            <p>
               <mixed-citation id="d2161e457" publication-type="book">
J.D. Denniston, The Greek Particles (Oxford, 1934), 320 (and 317).<person-group>
                     <string-name>
                        <surname>Denniston</surname>
                     </string-name>
                  </person-group>
                  <fpage>320</fpage>
                  <source>The Greek Particles</source>
                  <year>1934</year>
               </mixed-citation>
            </p>
         </fn>
         <fn id="d2161e482a1310">
            <label>11</label>
            <p>
               <mixed-citation id="d2161e489" publication-type="journal">
C. Gill, 'The death of Socrates', CQ 23 (1973), 25-8.<object-id pub-id-type="jstor">10.2307/638122</object-id>
                  <fpage>25</fpage>
               </mixed-citation>
            </p>
         </fn>
         <fn id="d2161e503a1310">
            <label>12</label>
            <p>
               <mixed-citation id="d2161e510" publication-type="other">
Burnet, in Appendix I of his edition (above, n. 4)</mixed-citation>
            </p>
            <p>
               <mixed-citation id="d2161e516" publication-type="journal">
G. W. Most, 'A cock for Asclepius',
CQ 43 [1993], 96-111<object-id pub-id-type="jstor">10.2307/639455</object-id>
                  <fpage>96</fpage>
               </mixed-citation>
            </p>
         </fn>
         <fn id="d2161e532a1310">
            <label>13</label>
            <p>
               <mixed-citation id="d2161e539" publication-type="book">
W. D. Geddes, Platonis Phaedo (London, 1885), 188<person-group>
                     <string-name>
                        <surname>Geddes</surname>
                     </string-name>
                  </person-group>
                  <fpage>188</fpage>
                  <source>Platonis Phaedo</source>
                  <year>1885</year>
               </mixed-citation>
            </p>
         </fn>
      </fn-group>
   </back>
</article>
