<article xmlns:xsi="http://www.w3.org/2001/XMLSchema-instance"
         xmlns:xlink="http://www.w3.org/1999/xlink"
         xmlns:mml="http://www.w3.org/1998/Math/MathML"
         dtd-version="1.0"
         article-type="research-article">
   <front>
      <journal-meta>
         <journal-id journal-id-type="jstor">clasquar</journal-id>
         <journal-id journal-id-type="jstor">j100124</journal-id>
         <journal-title-group>
            <journal-title>The Classical Quarterly</journal-title>
         </journal-title-group>
         <publisher>
            <publisher-name>Oxford University Press</publisher-name>
         </publisher>
         <custom-meta-group>
            <custom-meta>
               <meta-name>journal-series-title</meta-name>
               <meta-value>2</meta-value>
            </custom-meta>
         </custom-meta-group>
         <issn pub-type="ppub">00098388</issn>
         <issn pub-type="epub">14716844</issn>
      </journal-meta>
      <article-meta>
         <article-id pub-id-type="jstor">3556312</article-id>
         <article-categories>
            <subj-group>
               <subject>Shorter Notes</subject>
            </subj-group>
         </article-categories>
         <title-group>
            <article-title>Seneca, "Epistulae Morales" 12.5: Rulers and Roofs</article-title>
         </title-group>
         <contrib-group>
            <contrib contrib-type="author">
               <string-name>
                  <given-names>Howard</given-names>
                  <surname>Jacobson</surname>
               </string-name>
            </contrib>
         </contrib-group>
         <pub-date>
            <day>1</day>
            <month>5</month>
            <year>2004</year>
         </pub-date>
         <volume>54</volume>
         <issue>1</issue>
         <issue-id>i369255</issue-id>
         <fpage>311</fpage>
         <lpage>311</lpage>
         <page-range>311</page-range>
         <permissions>
            <copyright-statement>Copyright 2004 The Classical Association</copyright-statement>
         </permissions>
         <self-uri xlink:href="http://www.jstor.org/stable/3556312"/>
         <custom-meta-group>
            <custom-meta>
               <meta-name>lang</meta-name>
               <meta-value>eng</meta-value>
            </custom-meta>
         </custom-meta-group>
      </article-meta>
   </front>
   <back>
      <fn-group>
         <title>[Footnotes]</title>
         <fn id="d12605e123a1310">
            <label>1</label>
            <p>
               <mixed-citation id="d12605e130" publication-type="other">
The 1503 Venice edition of Seneca (Omnia Opera) also reads regula.</mixed-citation>
            </p>
         </fn>
         <fn id="d12605e137a1310">
            <label>2</label>
            <p>
               <mixed-citation id="d12605e144" publication-type="other">
Hense's apparatus (1898)</mixed-citation>
            </p>
            <p>
               <mixed-citation id="d12605e150" publication-type="other">
Parisinus 8540</mixed-citation>
            </p>
         </fn>
      </fn-group>
   </back>
</article>
