<article xmlns:xsi="http://www.w3.org/2001/XMLSchema-instance"
         xmlns:xlink="http://www.w3.org/1999/xlink"
         xmlns:mml="http://www.w3.org/1998/Math/MathML"
         dtd-version="1.0"
         article-type="research-article">
   <front>
      <journal-meta>
         <journal-id journal-id-type="jstor">clasquar</journal-id>
         <journal-id journal-id-type="jstor">j100124</journal-id>
         <journal-title-group>
            <journal-title>The Classical Quarterly</journal-title>
         </journal-title-group>
         <publisher>
            <publisher-name>Oxford University Press</publisher-name>
         </publisher>
         <issn pub-type="ppub">00098388</issn>
         <issn pub-type="epub">14716844</issn>
      </journal-meta>
      <article-meta>
         <article-id pub-id-type="jstor">3556250</article-id>
         <title-group>
            <article-title>Milestones in the Career of Tibullus</article-title>
         </title-group>
         <contrib-group>
            <contrib contrib-type="author">
               <string-name>
                  <given-names>Peter E.</given-names>
                  <surname>Knox</surname>
               </string-name>
            </contrib>
         </contrib-group>
         <pub-date>
            <day>1</day>
            <month>5</month>
            <year>2005</year>
         </pub-date>
         <volume>55</volume>
         <issue>1</issue>
         <issue-id>i369257</issue-id>
         <fpage>204</fpage>
         <lpage>216</lpage>
         <page-range>204-216</page-range>
         <permissions>
            <copyright-statement>Copyright 2005 The Classical Association</copyright-statement>
         </permissions>
         <self-uri xlink:href="http://www.jstor.org/stable/3556250"/>
         <custom-meta-group>
            <custom-meta>
               <meta-name>lang</meta-name>
               <meta-value>eng</meta-value>
            </custom-meta>
         </custom-meta-group>
      </article-meta>
   </front>
   <back>
      <fn-group>
         <title>[Footnotes]</title>
         <fn id="d8007e114a1310">
            <label>2</label>
            <p>
               <mixed-citation id="d8007e121" publication-type="book">
A. Perutelli,
'Bucolics', in N. Horsfall (ed.), A Companion to the Study of Virgil (Leiden, 1995), 28-31<person-group>
                     <string-name>
                        <surname>Perutelli</surname>
                     </string-name>
                  </person-group>
                  <comment content-type="section">Bucolics</comment>
                  <fpage>28</fpage>
                  <source>A Companion to the Study of Virgil</source>
                  <year>1995</year>
               </mixed-citation>
            </p>
            <p>
               <mixed-citation id="d8007e152" publication-type="book">
W. Clausen, Virgil: Eclogues (Oxford, 1994), 233-6<person-group>
                     <string-name>
                        <surname>Clausen</surname>
                     </string-name>
                  </person-group>
                  <fpage>233</fpage>
                  <source>Virgil: Eclogues</source>
                  <year>1994</year>
               </mixed-citation>
            </p>
         </fn>
         <fn id="d8007e177a1310">
            <label>3</label>
            <p>
               <mixed-citation id="d8007e184" publication-type="other">
2.6.55-6</mixed-citation>
            </p>
            <p>
               <mixed-citation id="d8007e190" publication-type="journal">
Actium in
Epod. I and 9<volume>I</volume>
                  <source>Epod.</source>
               </mixed-citation>
            </p>
            <p>
               <mixed-citation id="d8007e205" publication-type="book">
G. D'Anna, 'Questioni
Cronologiche', in S. Mariotti (ed.), Enciclopedia Oraziana 1 (Rome, 1996), 259-64<person-group>
                     <string-name>
                        <surname>D'Anna</surname>
                     </string-name>
                  </person-group>
                  <comment content-type="section">Questioni Cronologiche</comment>
                  <fpage>259</fpage>
                  <volume>1</volume>
                  <source>Enciclopedia Oraziana</source>
                  <year>1996</year>
               </mixed-citation>
            </p>
         </fn>
         <fn id="d8007e240a1310">
            <label>4</label>
            <p>
               <mixed-citation id="d8007e247" publication-type="journal">
R. O. A. M. Lyne, 'Propertius and Tibullus: early exchanges', CQ 48
(1998), 520-1<object-id pub-id-type="jstor">10.2307/639840</object-id>
                  <fpage>520</fpage>
               </mixed-citation>
            </p>
         </fn>
         <fn id="d8007e263a1310">
            <label>5</label>
            <p>
               <mixed-citation id="d8007e270" publication-type="book">
A. Cartault, Tibulle et les auteurs du Corpus Tibullianum
(Paris, 1909), 23<person-group>
                     <string-name>
                        <surname>Cartault</surname>
                     </string-name>
                  </person-group>
                  <fpage>23</fpage>
                  <source>Tibulle et les auteurs du Corpus Tibullianum</source>
                  <year>1909</year>
               </mixed-citation>
            </p>
            <p>
               <mixed-citation id="d8007e298" publication-type="journal">
A. Rostagni, 'Tibulliana', RFIC 65 (1937), 358<person-group>
                     <string-name>
                        <surname>Rostagni</surname>
                     </string-name>
                  </person-group>
                  <fpage>358</fpage>
                  <volume>65</volume>
                  <source>RFIC</source>
                  <year>1937</year>
               </mixed-citation>
            </p>
            <p>
               <mixed-citation id="d8007e326" publication-type="other">
&lt;latex&gt;$OCD^3$&lt;/latex&gt; s.v. 'Tibullus'</mixed-citation>
            </p>
            <p>
               <mixed-citation id="d8007e333" publication-type="journal">
F. Marx, RE 1.1 [1894], 1320<person-group>
                     <string-name>
                        <surname>Marx</surname>
                     </string-name>
                  </person-group>
                  <issue>1</issue>
                  <fpage>1320</fpage>
                  <volume>1</volume>
                  <source>RE</source>
                  <year>1894</year>
               </mixed-citation>
            </p>
            <p>
               <mixed-citation id="d8007e364" publication-type="other">
Schanz-Hosius 182</mixed-citation>
            </p>
            <p>
               <mixed-citation id="d8007e370" publication-type="journal">
CHCL 11.853<fpage>853</fpage>
                  <volume>11</volume>
                  <source>CHCL</source>
               </mixed-citation>
            </p>
            <p>
               <mixed-citation id="d8007e385" publication-type="book">
G. B. Conte, Latin Literature:
A History, trans. J. B. Solodow [Baltimore and London, 1994], 326<person-group>
                     <string-name>
                        <surname>Conte</surname>
                     </string-name>
                  </person-group>
                  <fpage>326</fpage>
                  <source>Latin Literature: A History</source>
                  <year>1994</year>
               </mixed-citation>
            </p>
            <p>
               <mixed-citation id="d8007e413" publication-type="book">
K. F. Smith, The Elegies of Albius Tibullus (New York, 1913), 43<person-group>
                     <string-name>
                        <surname>Smith</surname>
                     </string-name>
                  </person-group>
                  <fpage>43</fpage>
                  <source>The Elegies of Albius Tibullus</source>
                  <year>1913</year>
               </mixed-citation>
            </p>
            <p>
               <mixed-citation id="d8007e437" publication-type="book">
L. Dissen, Albii Tibulli carmina (Göttingen, 1935), xx<person-group>
                     <string-name>
                        <surname>Dissen</surname>
                     </string-name>
                  </person-group>
                  <fpage>xx</fpage>
                  <source>Albii Tibulli carmina</source>
                  <year>1935</year>
               </mixed-citation>
            </p>
            <p>
               <mixed-citation id="d8007e462" publication-type="book">
M. C. J. Putnam, Tibullus: A
Commentary (Norman, 1973), 4<person-group>
                     <string-name>
                        <surname>Putnam</surname>
                     </string-name>
                  </person-group>
                  <fpage>4</fpage>
                  <source>Tibullus: A Commentary</source>
                  <year>1973</year>
               </mixed-citation>
            </p>
            <p>
               <mixed-citation id="d8007e490" publication-type="book">
P. Murgatroyd, Tibullus L. A Commentary on the First Book
of the Elegies of Albius Tibullus (Natal, 1980), 11<person-group>
                     <string-name>
                        <surname>Murgatroyd</surname>
                     </string-name>
                  </person-group>
                  <fpage>11</fpage>
                  <source>Tibullus L. A Commentary on the First Book of the Elegies of Albius Tibullus</source>
                  <year>1980</year>
               </mixed-citation>
            </p>
            <p>
               <mixed-citation id="d8007e518" publication-type="book">
G. Lee, Tibullus: Elegies (Leeds, &lt;latex&gt;$1990^3$&lt;/latex&gt;),
ix<person-group>
                     <string-name>
                        <surname>Lee</surname>
                     </string-name>
                  </person-group>
                  <fpage>ix</fpage>
                  <source>Tibullus: Elegies</source>
                  <year>1990</year>
               </mixed-citation>
            </p>
            <p>
               <mixed-citation id="d8007e546" publication-type="book">
R. Maltby, Tibullus: Elegies. Text, Introduction and Commentary (Leeds, 2002), 39-40<person-group>
                     <string-name>
                        <surname>Maltby</surname>
                     </string-name>
                  </person-group>
                  <fpage>39</fpage>
                  <source>Tibullus: Elegies. Text, Introduction and Commentary</source>
                  <year>2002</year>
               </mixed-citation>
            </p>
            <p>
               <mixed-citation id="d8007e570" publication-type="book">
M. Ponchont, Tibulle et les auteurs du Corpus Tibullianum (Paris, 1955), ix<person-group>
                     <string-name>
                        <surname>Ponchont</surname>
                     </string-name>
                  </person-group>
                  <fpage>ix</fpage>
                  <source>Tibulle et les auteurs du Corpus Tibullianum</source>
                  <year>1955</year>
               </mixed-citation>
            </p>
            <p>
               <mixed-citation id="d8007e594" publication-type="other">
Schanz-Hosius 182</mixed-citation>
            </p>
         </fn>
         <fn id="d8007e602a1310">
            <label>6</label>
            <p>
               <mixed-citation id="d8007e609" publication-type="other">
Murgatroyd (n. 5), 13-15</mixed-citation>
            </p>
            <p>
               <mixed-citation id="d8007e615" publication-type="other">
Lyne (n. 4)</mixed-citation>
            </p>
         </fn>
         <fn id="d8007e622a1310">
            <label>7</label>
            <p>
               <mixed-citation id="d8007e629" publication-type="other">
Murgatroyd (n. 5), 14</mixed-citation>
            </p>
            <p>
               <mixed-citation id="d8007e635" publication-type="book">
W. Wimmel, Tibull und Delia (Wiesbaden, 1976), 93-111<person-group>
                     <string-name>
                        <surname>Wimmel</surname>
                     </string-name>
                  </person-group>
                  <fpage>93</fpage>
                  <source>Tibull und Delia</source>
                  <year>1976</year>
               </mixed-citation>
            </p>
            <p>
               <mixed-citation id="d8007e659" publication-type="other">
Tib. 1.3</mixed-citation>
            </p>
            <p>
               <mixed-citation id="d8007e666" publication-type="other">
echoes Prop. 1.6</mixed-citation>
            </p>
            <p>
               <mixed-citation id="d8007e672" publication-type="other">
1.9</mixed-citation>
            </p>
            <p>
               <mixed-citation id="d8007e678" publication-type="other">
1.17</mixed-citation>
            </p>
            <p>
               <mixed-citation id="d8007e684" publication-type="book">
D. Bright, Haec mihifingebam: Tibullus in
his World (Leiden, 1978), 17, n. 5<person-group>
                     <string-name>
                        <surname>Bright</surname>
                     </string-name>
                  </person-group>
                  <fpage>17</fpage>
                  <source>Haec mihifingebam: Tibullus in his World</source>
                  <year>1978</year>
               </mixed-citation>
            </p>
         </fn>
         <fn id="d8007e713a1310">
            <label>8</label>
            <p>
               <mixed-citation id="d8007e720" publication-type="journal">
F. Leo, GGA 160 (1898) 723-4<person-group>
                     <string-name>
                        <surname>Leo</surname>
                     </string-name>
                  </person-group>
                  <fpage>723</fpage>
                  <volume>160</volume>
                  <source>GGA</source>
                  <year>1898</year>
               </mixed-citation>
            </p>
            <p>
               <mixed-citation id="d8007e748" publication-type="book">
Ausgewählte
Kleine Schriften 2 [Rome, 1960], 180-1<fpage>180</fpage>
                  <volume>2</volume>
                  <source>Ausgewählte Kleine Schriften</source>
                  <year>1960</year>
               </mixed-citation>
            </p>
            <p>
               <mixed-citation id="d8007e770" publication-type="other">
Prop. 2.31</mixed-citation>
            </p>
            <p>
               <mixed-citation id="d8007e777" publication-type="book">
P. Fedeli, Sesto Properzio: Il primo
libro delle elegie (Florence, 1980), 10<person-group>
                     <string-name>
                        <surname>Fedeli</surname>
                     </string-name>
                  </person-group>
                  <fpage>10</fpage>
                  <source>Sesto Properzio: Il primo libro delle elegie</source>
                  <year>1980</year>
               </mixed-citation>
            </p>
            <p>
               <mixed-citation id="d8007e805" publication-type="book">
G. Luck,
P. Ovidius Naso: Tristia (Heidelberg, 1977)<person-group>
                     <string-name>
                        <surname>Luck</surname>
                     </string-name>
                  </person-group>
                  <source>P. Ovidius Naso: Tristia</source>
                  <year>1977</year>
               </mixed-citation>
            </p>
            <p>
               <mixed-citation id="d8007e829" publication-type="journal">
Tr. 4.10.53<issue>10</issue>
                  <fpage>53</fpage>
                  <volume>4</volume>
                  <source>Tr.</source>
               </mixed-citation>
            </p>
            <p>
               <mixed-citation id="d8007e847" publication-type="other">
Ovid's accuracy: 'die
Reihenfolge ist Gallus - Tibull - Properz - Ovid.'</mixed-citation>
            </p>
         </fn>
         <fn id="d8007e857a1310">
            <label>9</label>
            <p>
               <mixed-citation id="d8007e864" publication-type="other">
Smith (n. 5), 31</mixed-citation>
            </p>
            <p>
               <mixed-citation id="d8007e870" publication-type="other">
Murgatroyd (n. 5), 3</mixed-citation>
            </p>
            <p>
               <mixed-citation id="d8007e876" publication-type="other">
R. Maltby (n. 5), 39</mixed-citation>
            </p>
            <p>
               <mixed-citation id="d8007e883" publication-type="book">
F. Della Corte,
Tibullo: Le elegie (Milan, 1980), ix<person-group>
                     <string-name>
                        <surname>Corte</surname>
                     </string-name>
                  </person-group>
                  <fpage>ix</fpage>
                  <source>Tibullo: Le elegie</source>
                  <year>1980</year>
               </mixed-citation>
            </p>
         </fn>
         <fn id="d8007e912a1310">
            <label>10</label>
            <p>
               <mixed-citation id="d8007e919" publication-type="journal">
Tr. 2.467 successi<fpage>467</fpage>
                  <volume>2</volume>
                  <source>Tr.</source>
               </mixed-citation>
            </p>
            <p>
               <mixed-citation id="d8007e934" publication-type="other">
OLD s.vv. 'successor'</mixed-citation>
            </p>
            <p>
               <mixed-citation id="d8007e940" publication-type="journal">
E. J. Kenney, 'Ovid
and the law', YCS 21 (1969), 243-63<person-group>
                     <string-name>
                        <surname>Kenney</surname>
                     </string-name>
                  </person-group>
                  <fpage>243</fpage>
                  <volume>21</volume>
                  <source>YCS</source>
                  <year>1969</year>
               </mixed-citation>
            </p>
         </fn>
         <fn id="d8007e972a1310">
            <label>11</label>
            <p>
               <mixed-citation id="d8007e979" publication-type="book">
F. Cairns, Generic Composition in Greek and Roman Poetry
(Edinburgh, 1972), 166<person-group>
                     <string-name>
                        <surname>Cairns</surname>
                     </string-name>
                  </person-group>
                  <fpage>166</fpage>
                  <source>Generic Composition in Greek and Roman Poetry</source>
                  <year>1972</year>
               </mixed-citation>
            </p>
         </fn>
         <fn id="d8007e1009a1310">
            <label>12</label>
            <p>
               <mixed-citation id="d8007e1016" publication-type="journal">
CIL &lt;latex&gt;$I^2$&lt;/latex&gt;, p. 50.<fpage>50</fpage>
                  <volume>&lt;latex&gt;$I^2$&lt;/latex&gt;</volume>
                  <source>CIL</source>
               </mixed-citation>
            </p>
         </fn>
         <fn id="d8007e1032a1310">
            <label>13</label>
            <p>
               <mixed-citation id="d8007e1039" publication-type="book">
T. Mommsen, Römisches Geschichte (Berlin, 1904), 5.72.<person-group>
                     <string-name>
                        <surname>Mommsen</surname>
                     </string-name>
                  </person-group>
                  <fpage>5</fpage>
                  <source>Römisches Geschichte</source>
                  <year>1904</year>
               </mixed-citation>
            </p>
         </fn>
         <fn id="d8007e1064a1310">
            <label>14</label>
            <p>
               <mixed-citation id="d8007e1071" publication-type="journal">
O. Hirschfeld, 'Aquitanen in der Römerzeit', Sitzb. der Berliner Akademie 16 (1896),
433-4<person-group>
                     <string-name>
                        <surname>Hirschfeld</surname>
                     </string-name>
                  </person-group>
                  <fpage>433</fpage>
                  <volume>16</volume>
                  <source>Sitzb. der Berliner Akademie</source>
                  <year>1896</year>
               </mixed-citation>
            </p>
            <p>
               <mixed-citation id="d8007e1102" publication-type="book">
Kleine Schriften [Berlin, 1913], 214-15<fpage>214</fpage>
                  <source>Kleine Schriften</source>
                  <year>1913</year>
               </mixed-citation>
            </p>
            <p>
               <mixed-citation id="d8007e1117" publication-type="other">
J. Hammer, Prolegomena to an Edition of
the Panegyricus Messalae. The Military and Political Career of M. Valerius Messala Corvinus
(Diss. Columbia, 1925), 46-48</mixed-citation>
            </p>
            <p>
               <mixed-citation id="d8007e1130" publication-type="book">
J. F. Drinkwater, Roman Gaul: The Three Provinces, 58 B.C.-
A.D. 260 (London, 1983), 121<person-group>
                     <string-name>
                        <surname>Drinkwater</surname>
                     </string-name>
                  </person-group>
                  <fpage>121</fpage>
                  <volume>260</volume>
                  <source>Roman Gaul: The Three Provinces, 58 B.C.A.D.</source>
                  <year>1983</year>
               </mixed-citation>
            </p>
            <p>
               <mixed-citation id="d8007e1161" publication-type="other">
&lt;latex&gt;$OCD^3$&lt;/latex&gt;, 1580</mixed-citation>
            </p>
            <p>
               <mixed-citation id="d8007e1167" publication-type="book">
Der Neue Pauly 12/1.1110<fpage>1110</fpage>
                  <volume>12</volume>
                  <source>Der Neue Pauly</source>
               </mixed-citation>
            </p>
            <p>
               <mixed-citation id="d8007e1182" publication-type="book">
C. Jullian, Histoire de la Gaule IV: Le Gouvernement de
Rome (Paris, 1921), 64<person-group>
                     <string-name>
                        <surname>Jullian</surname>
                     </string-name>
                  </person-group>
                  <fpage>64</fpage>
                  <source>Histoire de la Gaule IV: Le Gouvernement de Rome</source>
                  <year>1921</year>
               </mixed-citation>
            </p>
            <p>
               <mixed-citation id="d8007e1210" publication-type="book">
E. Gruen, 'The expansion of the
empire under Augustus', in A. K. Bowman, E. Champlin, and A. Lintott (edd.), Cambridge
Ancient History 10 (Cambridge, &lt;latex&gt;$1996^2$&lt;/latex&gt;), 169<person-group>
                     <string-name>
                        <surname>Gruen</surname>
                     </string-name>
                  </person-group>
                  <comment content-type="section">The expansion of the empire under Augustus</comment>
                  <fpage>169</fpage>
                  <volume>10</volume>
                  <source>Cambridge Ancient History</source>
                  <year>1996</year>
               </mixed-citation>
            </p>
            <p>
               <mixed-citation id="d8007e1247" publication-type="book">
C. Goudineau, 'Gaul', in Bowman et al., 489<person-group>
                     <string-name>
                        <surname>Goudineau</surname>
                     </string-name>
                  </person-group>
                  <fpage>489</fpage>
                  <source>Gaul</source>
               </mixed-citation>
            </p>
            <p>
               <mixed-citation id="d8007e1269" publication-type="journal">
R. Hanslik, RE 8A (1955), 147<person-group>
                     <string-name>
                        <surname>Hanslik</surname>
                     </string-name>
                  </person-group>
                  <fpage>147</fpage>
                  <volume>8A</volume>
                  <source>RE</source>
                  <year>1955</year>
               </mixed-citation>
            </p>
         </fn>
         <fn id="d8007e1298a1310">
            <label>15</label>
            <p>
               <mixed-citation id="d8007e1305" publication-type="book">
R. Syme, The Augustan Aristocracy (Oxford, 1986), 210.<person-group>
                     <string-name>
                        <surname>Syme</surname>
                     </string-name>
                  </person-group>
                  <fpage>210</fpage>
                  <source>The Augustan Aristocracy</source>
                  <year>1986</year>
               </mixed-citation>
            </p>
         </fn>
         <fn id="d8007e1330a1310">
            <label>16</label>
            <p>
               <mixed-citation id="d8007e1337" publication-type="other">
Hanslik (n. 14), 149.</mixed-citation>
            </p>
         </fn>
         <fn id="d8007e1344a1310">
            <label>17</label>
            <p>
               <mixed-citation id="d8007e1351" publication-type="journal">
E. Groag, RE 13.1 (1926), 283-5<person-group>
                     <string-name>
                        <surname>Groag</surname>
                     </string-name>
                  </person-group>
                  <issue>1</issue>
                  <fpage>283</fpage>
                  <volume>13</volume>
                  <source>RE</source>
                  <year>1926</year>
               </mixed-citation>
            </p>
            <p>
               <mixed-citation id="d8007e1382" publication-type="journal">
&lt;latex&gt;$PIR^2$&lt;/latex&gt; L 186<fpage>186</fpage>
                  <volume>L</volume>
                  <source>&lt;latex&gt;$PIR^2$&lt;/latex&gt;</source>
               </mixed-citation>
            </p>
            <p>
               <mixed-citation id="d8007e1397" publication-type="other">
51.25.2</mixed-citation>
            </p>
         </fn>
         <fn id="d8007e1405a1310">
            <label>19</label>
            <p>
               <mixed-citation id="d8007e1412" publication-type="journal">
Shackleton
Bailey on Cic. Att. 5.21.4<person-group>
                     <string-name>
                        <surname>Bailey</surname>
                     </string-name>
                  </person-group>
                  <issue>21</issue>
                  <fpage>4</fpage>
                  <volume>5</volume>
                  <source>Cic. Att.</source>
               </mixed-citation>
            </p>
         </fn>
         <fn id="d8007e1444a1310">
            <label>20</label>
            <p>
               <mixed-citation id="d8007e1451" publication-type="other">
Murgatroyd (n. 5)</mixed-citation>
            </p>
            <p>
               <mixed-citation id="d8007e1457" publication-type="other">
Maltby (n. 5), ad loc.</mixed-citation>
            </p>
         </fn>
         <fn id="d8007e1464a1310">
            <label>21</label>
            <p>
               <mixed-citation id="d8007e1471" publication-type="book">
J. J. Scaliger, Castigationes (Paris, 1600)<person-group>
                     <string-name>
                        <surname>Scaliger</surname>
                     </string-name>
                  </person-group>
                  <source>Castigationes</source>
                  <year>1600</year>
               </mixed-citation>
            </p>
            <p>
               <mixed-citation id="d8007e1492" publication-type="other">
ad loc.</mixed-citation>
            </p>
         </fn>
         <fn id="d8007e1499a1310">
            <label>22</label>
            <p>
               <mixed-citation id="d8007e1506" publication-type="other">
Berlin, Diez. B. Sant. 39b</mixed-citation>
            </p>
            <p>
               <mixed-citation id="d8007e1512" publication-type="book">
R. H. Rouse and M. D. Reeve in L.D. Reynolds (ed.), Texts and Transmission: A
Survey of the Latin Classics (Oxford, 1983), 420-5<person-group>
                     <string-name>
                        <surname>Rouse</surname>
                     </string-name>
                  </person-group>
                  <fpage>420</fpage>
                  <source>Texts and Transmission: A Survey of the Latin Classics</source>
                  <year>1983</year>
               </mixed-citation>
            </p>
            <p>
               <mixed-citation id="d8007e1540" publication-type="journal">
P. Fedeli in his review of
Luck, Gnomon 63 (1991), 313<person-group>
                     <string-name>
                        <surname>Fedeli</surname>
                     </string-name>
                  </person-group>
                  <fpage>313</fpage>
                  <volume>63</volume>
                  <source>Gnomon</source>
                  <year>1991</year>
               </mixed-citation>
            </p>
         </fn>
         <fn id="d8007e1572a1310">
            <label>24</label>
            <p>
               <mixed-citation id="d8007e1579" publication-type="journal">
Ov. Pont. 2.1.57<issue>1</issue>
                  <fpage>57</fpage>
                  <volume>2</volume>
                  <source>Ov. Pont.</source>
               </mixed-citation>
            </p>
            <p>
               <mixed-citation id="d8007e1597" publication-type="other">
Tibullus on
Messalinus in 2.5.115ff.</mixed-citation>
            </p>
            <p>
               <mixed-citation id="d8007e1606" publication-type="journal">
Ovid on Caius Caesar in Ars Am. 1.213ff<person-group>
                     <string-name>
                        <surname>Caesar</surname>
                     </string-name>
                  </person-group>
                  <fpage>213</fpage>
                  <volume>1</volume>
                  <source>Ars Am.</source>
               </mixed-citation>
            </p>
         </fn>
         <fn id="d8007e1631a1310">
            <label>25</label>
            <p>
               <mixed-citation id="d8007e1638" publication-type="other">
8.3.5 et cum rupta situ Messallae saxa iacebunt</mixed-citation>
            </p>
            <p>
               <mixed-citation id="d8007e1644" publication-type="other">
10.2.9
marmora Messallae findit caprificus</mixed-citation>
            </p>
            <p>
               <mixed-citation id="d8007e1653" publication-type="journal">
G. McCracken, 'Tibullus, Messalla and the Via Latina', AJP 53 (1932), 345-6<object-id pub-id-type="doi">10.2307/290231</object-id>
                  <fpage>345</fpage>
               </mixed-citation>
            </p>
         </fn>
         <fn id="d8007e1667a1310">
            <label>26</label>
            <p>
               <mixed-citation id="d8007e1674" publication-type="other">
McCracken (n. 25)</mixed-citation>
            </p>
         </fn>
         <fn id="d8007e1681a1310">
            <label>27</label>
            <p>
               <mixed-citation id="d8007e1688" publication-type="journal">
CIL 10.6895<fpage>6895</fpage>
                  <volume>10</volume>
                  <source>CIL</source>
               </mixed-citation>
            </p>
            <p>
               <mixed-citation id="d8007e1703" publication-type="other">
10.6897, 10. 6899-6901</mixed-citation>
            </p>
            <p>
               <mixed-citation id="d8007e1709" publication-type="journal">
AE 1969/70, 89<fpage>89</fpage>
                  <volume>70</volume>
                  <source>AE</source>
                  <year>1969</year>
               </mixed-citation>
            </p>
         </fn>
         <fn id="d8007e1728a1310">
            <label>28</label>
            <p>
               <mixed-citation id="d8007e1735" publication-type="journal">
CIL 1, p. 18.<fpage>18</fpage>
                  <volume>1</volume>
                  <source>CIL</source>
               </mixed-citation>
            </p>
         </fn>
         <fn id="d8007e1751a1310">
            <label>29</label>
            <p>
               <mixed-citation id="d8007e1758" publication-type="book">
R. Syme, The Roman Revolution (Oxford, 1939), 402<person-group>
                     <string-name>
                        <surname>Syme</surname>
                     </string-name>
                  </person-group>
                  <fpage>402</fpage>
                  <source>The Roman Revolution</source>
                  <year>1939</year>
               </mixed-citation>
            </p>
            <p>
               <mixed-citation id="d8007e1782" publication-type="journal">
T. P. Wiseman,
'Roman republican road-building', PBSR 38 (1970), 150, n. 218<person-group>
                     <string-name>
                        <surname>Wiseman</surname>
                     </string-name>
                  </person-group>
                  <fpage>150</fpage>
                  <volume>38</volume>
                  <source>PBSR</source>
                  <year>1970</year>
               </mixed-citation>
            </p>
            <p>
               <mixed-citation id="d8007e1813" publication-type="journal">
C. Calvisius Sabinus (CIL, x, 6895-6901)<person-group>
                     <string-name>
                        <surname>Sabinus</surname>
                     </string-name>
                  </person-group>
                  <fpage>6895</fpage>
                  <volume>x</volume>
                  <source>CIL</source>
               </mixed-citation>
            </p>
            <p>
               <mixed-citation id="d8007e1838" publication-type="other">
ibid., 6903-4</mixed-citation>
            </p>
            <p>
               <mixed-citation id="d8007e1844" publication-type="other">
1.7.57-8</mixed-citation>
            </p>
            <p>
               <mixed-citation id="d8007e1850" publication-type="other">
Murgatroyd (n. 5)</mixed-citation>
            </p>
            <p>
               <mixed-citation id="d8007e1856" publication-type="journal">
L. Arruntius, adducing CIL 10.5055<person-group>
                     <string-name>
                        <surname>Arruntius</surname>
                     </string-name>
                  </person-group>
                  <fpage>5055</fpage>
                  <volume>10</volume>
                  <source>CIL</source>
               </mixed-citation>
            </p>
         </fn>
         <fn id="d8007e1881a1310">
            <label>31</label>
            <p>
               <mixed-citation id="d8007e1888" publication-type="book">
T. Pekáry, Untersuchungen zu den römischen
Reichsstrassen (Bonn, 1968), 71-7<person-group>
                     <string-name>
                        <surname>Pekáry</surname>
                     </string-name>
                  </person-group>
                  <fpage>71</fpage>
                  <source>Untersuchungen zu den römischen Reichsstrassen</source>
                  <year>1968</year>
               </mixed-citation>
            </p>
         </fn>
         <fn id="d8007e1917a1310">
            <label>32</label>
            <p>
               <mixed-citation id="d8007e1924" publication-type="book">
J. W. Rich, Cassius Dio: The Augustan Settlement (Roman History 53-
55.9) (Warminster, 1990)<person-group>
                     <string-name>
                        <surname>Rich</surname>
                     </string-name>
                  </person-group>
                  <source>Cassius Dio: The Augustan Settlement (Roman History 5355.9)</source>
                  <year>1990</year>
               </mixed-citation>
            </p>
            <p>
               <mixed-citation id="d8007e1948" publication-type="other">
ad loc.</mixed-citation>
            </p>
         </fn>
         <fn id="d8007e1956a1310">
            <label>33</label>
            <p>
               <mixed-citation id="d8007e1963" publication-type="other">
Pekáry (n. 31), 46-53</mixed-citation>
            </p>
         </fn>
         <fn id="d8007e1970a1310">
            <label>34</label>
            <p>
               <mixed-citation id="d8007e1977" publication-type="journal">
F. Münzer, RE 3.1 (1897), 1411-12<person-group>
                     <string-name>
                        <surname>Münzer</surname>
                     </string-name>
                  </person-group>
                  <issue>1</issue>
                  <fpage>1411</fpage>
                  <volume>3</volume>
                  <source>RE</source>
                  <year>1897</year>
               </mixed-citation>
            </p>
            <p>
               <mixed-citation id="d8007e2008" publication-type="journal">
&lt;latex&gt;$PIR^2$&lt;/latex&gt; C 352<fpage>352</fpage>
                  <volume>C</volume>
                  <source>&lt;latex&gt;$PIR^2$&lt;/latex&gt;</source>
               </mixed-citation>
            </p>
         </fn>
         <fn id="d8007e2024a1310">
            <label>35</label>
            <p>
               <mixed-citation id="d8007e2031" publication-type="other">
ILS 2488 et Sabino praef.../[au]xsiliariei Hispan[ei]</mixed-citation>
            </p>
            <p>
               <mixed-citation id="d8007e2037" publication-type="book">
T. Mommsen, R&lt;latex&gt;$\uml{o}$&lt;/latex&gt;misches Staatsrecht (Leipzig,&lt;latex&gt;$ 1871^3$&lt;/latex&gt;), 1075, n. 1<person-group>
                     <string-name>
                        <surname>Mommsen</surname>
                     </string-name>
                  </person-group>
                  <fpage>1075</fpage>
                  <source>Römisches Staatsrecht</source>
                  <year>1871</year>
               </mixed-citation>
            </p>
         </fn>
         <fn id="d8007e2062a1310">
            <label>36</label>
            <p>
               <mixed-citation id="d8007e2069" publication-type="journal">
CIL X 6901<fpage>6901</fpage>
                  <volume>X</volume>
                  <source>CIL</source>
               </mixed-citation>
            </p>
            <p>
               <mixed-citation id="d8007e2084" publication-type="other">
ILS 889</mixed-citation>
            </p>
         </fn>
         <fn id="d8007e2091a1310">
            <label>37</label>
            <p>
               <mixed-citation id="d8007e2098" publication-type="book">
A. Degrassi, Inscriptiones
Latinae Liberae Rei Publicae (Florence, 1957), 251-65<person-group>
                     <string-name>
                        <surname>Degrassi</surname>
                     </string-name>
                  </person-group>
                  <fpage>251</fpage>
                  <source>Inscriptiones Latinae Liberae Rei Publicae</source>
                  <year>1957</year>
               </mixed-citation>
            </p>
         </fn>
         <fn id="d8007e2127a1310">
            <label>38</label>
            <p>
               <mixed-citation id="d8007e2134" publication-type="other">
Mommsen (n. 35), 125</mixed-citation>
            </p>
         </fn>
         <fn id="d8007e2142a1310">
            <label>39</label>
            <p>
               <mixed-citation id="d8007e2149" publication-type="other">
Mommsen (n. 35), 125-
6</mixed-citation>
            </p>
            <p>
               <mixed-citation id="d8007e2158" publication-type="journal">
A. Rosenberg, RE 9.1 (1916), 1144<person-group>
                     <string-name>
                        <surname>Rosenberg</surname>
                     </string-name>
                  </person-group>
                  <issue>1</issue>
                  <fpage>1144</fpage>
                  <volume>9</volume>
                  <source>RE</source>
                  <year>1916</year>
               </mixed-citation>
            </p>
            <p>
               <mixed-citation id="d8007e2189" publication-type="other">
ILS 120</mixed-citation>
            </p>
            <p>
               <mixed-citation id="d8007e2196" publication-type="journal">
Tac. Ann. 3.74.4<issue>74</issue>
                  <fpage>4</fpage>
                  <volume>3</volume>
                  <source>Tac. Ann.</source>
               </mixed-citation>
            </p>
            <p>
               <mixed-citation id="d8007e2214" publication-type="other">
concessit quibusdam et Augustus id uocabulum, ac tunc Tiberius Blaeso
postremum</mixed-citation>
            </p>
         </fn>
         <fn id="d8007e2224a1310">
            <label>40</label>
            <p>
               <mixed-citation id="d8007e2231" publication-type="other">
Pekáry (n. 31), 71-2</mixed-citation>
            </p>
         </fn>
         <fn id="d8007e2238a1310">
            <label>41</label>
            <p>
               <mixed-citation id="d8007e2245" publication-type="other">
Syme (n. 15), 211-12</mixed-citation>
            </p>
            <p>
               <mixed-citation id="d8007e2251" publication-type="journal">
A. Valvo, 'M. Valerio Messalla Corvino negli studi piú
recenti', ANRW 2.30.3 (1983), 1673-4<person-group>
                     <string-name>
                        <surname>Valvo</surname>
                     </string-name>
                  </person-group>
                  <issue>30</issue>
                  <fpage>3</fpage>
                  <volume>2</volume>
                  <source>ANRW</source>
                  <year>1983</year>
               </mixed-citation>
            </p>
         </fn>
         <fn id="d8007e2286a1310">
            <label>42</label>
            <p>
               <mixed-citation id="d8007e2293" publication-type="book">
G. Luck, Properz und Tibull: Liebeselegien (Zürich and Stuttgart, 1964)<person-group>
                     <string-name>
                        <surname>Luck</surname>
                     </string-name>
                  </person-group>
                  <source>Properz und Tibull: Liebeselegien</source>
                  <year>1964</year>
               </mixed-citation>
            </p>
            <p>
               <mixed-citation id="d8007e2314" publication-type="journal">
Tib. 1.7.57-8<issue>7</issue>
                  <fpage>57</fpage>
                  <volume>1</volume>
                  <source>Tib.</source>
               </mixed-citation>
            </p>
         </fn>
         <fn id="d8007e2333a1310">
            <label>43</label>
            <p>
               <mixed-citation id="d8007e2340" publication-type="other">
J. Hammer, Prolegomena to an Edition of the Panegyricus Messalae. The
Military and Political Career of M. Valerius Messala Corvinus (Diss. Columbia, 1925), 46-8</mixed-citation>
            </p>
         </fn>
         <fn id="d8007e2350a1310">
            <label>44</label>
            <p>
               <mixed-citation id="d8007e2357" publication-type="other">
Syme (n. 15), 209.</mixed-citation>
            </p>
         </fn>
         <fn id="d8007e2365a1310">
            <label>45</label>
            <p>
               <mixed-citation id="d8007e2372" publication-type="book">
G. Wissowa, Religion und Kultus der R&lt;latex&gt;$\uml{o}$&lt;/latex&gt;mer (Munich, &lt;latex&gt;$1912^2$&lt;/latex&gt;), 351-4<person-group>
                     <string-name>
                        <surname>Wissowa</surname>
                     </string-name>
                  </person-group>
                  <fpage>351</fpage>
                  <source>Religion und Kultus der Römer</source>
                  <year>1912</year>
               </mixed-citation>
            </p>
         </fn>
         <fn id="d8007e2397a1310">
            <label>46</label>
            <p>
               <mixed-citation id="d8007e2404" publication-type="other">
Dio 47.15.5.</mixed-citation>
            </p>
         </fn>
         <fn id="d8007e2411a1310">
            <label>47</label>
            <p>
               <mixed-citation id="d8007e2418" publication-type="other">
Dio 53.2.4</mixed-citation>
            </p>
            <p>
               <mixed-citation id="d8007e2424" publication-type="other">
Dio 53.2.4</mixed-citation>
            </p>
         </fn>
         <fn id="d8007e2431a1310">
            <label>48</label>
            <p>
               <mixed-citation id="d8007e2438" publication-type="journal">
Tr. 2.447-8<fpage>447</fpage>
                  <volume>2</volume>
                  <source>Tr.</source>
               </mixed-citation>
            </p>
            <p>
               <mixed-citation id="d8007e2453" publication-type="journal">
Tib. 1.6.7-10<issue>6</issue>
                  <fpage>7</fpage>
                  <volume>1</volume>
                  <source>Tib.</source>
               </mixed-citation>
            </p>
            <p>
               <mixed-citation id="d8007e2471" publication-type="journal">
Tr. 2.453-4<fpage>453</fpage>
                  <volume>2</volume>
                  <source>Tr.</source>
               </mixed-citation>
            </p>
            <p>
               <mixed-citation id="d8007e2487" publication-type="journal">
Tib. 1.2.21-22<issue>2</issue>
                  <fpage>21</fpage>
                  <volume>1</volume>
                  <source>Tib.</source>
               </mixed-citation>
            </p>
            <p>
               <mixed-citation id="d8007e2505" publication-type="journal">
Tr. 2.455-6<fpage>455</fpage>
                  <volume>2</volume>
                  <source>Tr.</source>
               </mixed-citation>
            </p>
            <p>
               <mixed-citation id="d8007e2520" publication-type="journal">
Tib. 1.6.13-14<issue>6</issue>
                  <fpage>13</fpage>
                  <volume>1</volume>
                  <source>Tib.</source>
               </mixed-citation>
            </p>
         </fn>
         <fn id="d8007e2539a1310">
            <label>50</label>
            <p>
               <mixed-citation id="d8007e2546" publication-type="other">
Dio 53.1.3</mixed-citation>
            </p>
         </fn>
         <fn id="d8007e2553a1310">
            <label>51</label>
            <p>
               <mixed-citation id="d8007e2560" publication-type="journal">
Hor. Epist. 2.1.256<issue>1</issue>
                  <fpage>256</fpage>
                  <volume>2</volume>
                  <source>Hor. Epist.</source>
               </mixed-citation>
            </p>
            <p>
               <mixed-citation id="d8007e2578" publication-type="other">
Prop. 4.6.46</mixed-citation>
            </p>
            <p>
               <mixed-citation id="d8007e2584" publication-type="journal">
Ov. Pont. 4.12.40<issue>12</issue>
                  <fpage>40</fpage>
                  <volume>4</volume>
                  <source>Ov. Pont.</source>
               </mixed-citation>
            </p>
            <p>
               <mixed-citation id="d8007e2603" publication-type="journal">
L. Wickert, RE 22.2 (1954), 2057-9<person-group>
                     <string-name>
                        <surname>Wickert</surname>
                     </string-name>
                  </person-group>
                  <issue>2</issue>
                  <fpage>2057</fpage>
                  <volume>22</volume>
                  <source>RE</source>
                  <year>1954</year>
               </mixed-citation>
            </p>
            <p>
               <mixed-citation id="d8007e2634" publication-type="journal">
Tr. 2.464<fpage>464</fpage>
                  <volume>2</volume>
                  <source>Tr.</source>
               </mixed-citation>
            </p>
            <p>
               <mixed-citation id="d8007e2649" publication-type="other">
Luck (n. 8)</mixed-citation>
            </p>
            <p>
               <mixed-citation id="d8007e2655" publication-type="book">
S. G. Owen, P. Ovidi Nasonis Tristium Liber Secundus (Oxford,
1924)<person-group>
                     <string-name>
                        <surname>Owen</surname>
                     </string-name>
                  </person-group>
                  <source>P. Ovidi Nasonis Tristium Liber Secundus</source>
                  <year>1924</year>
               </mixed-citation>
            </p>
            <p>
               <mixed-citation id="d8007e2679" publication-type="other">
Schanz-Hosius 182</mixed-citation>
            </p>
         </fn>
         <fn id="d8007e2687a1310">
            <label>52</label>
            <p>
               <mixed-citation id="d8007e2694" publication-type="journal">
F. Cairns, 'Tibullus, Messalla, and the spica', Emerita (1999), 230<person-group>
                     <string-name>
                        <surname>Cairns</surname>
                     </string-name>
                  </person-group>
                  <fpage>230</fpage>
                  <source>Emerita</source>
                  <year>1999</year>
               </mixed-citation>
            </p>
            <p>
               <mixed-citation id="d8007e2718" publication-type="other">
10.67-8</mixed-citation>
            </p>
         </fn>
         <fn id="d8007e2725a1310">
            <label>53</label>
            <p>
               <mixed-citation id="d8007e2732" publication-type="journal">
Vell. Pat. 2.36.3<issue>36</issue>
                  <fpage>3</fpage>
                  <volume>2</volume>
                  <source>Vell. Pat.</source>
               </mixed-citation>
            </p>
            <p>
               <mixed-citation id="d8007e2750" publication-type="book">
L. Alfonsi,
Albio Tibullo e gli autori del 'Corpus Tibullianum' (Milan, 1946), 1-11<person-group>
                     <string-name>
                        <surname>Alfonsi</surname>
                     </string-name>
                  </person-group>
                  <fpage>1</fpage>
                  <source>Albio Tibullo e gli autori del 'Corpus Tibullianum</source>
                  <year>1946</year>
               </mixed-citation>
            </p>
            <p>
               <mixed-citation id="d8007e2778" publication-type="book">
F. Cairns, Tibullus: A Hellenistic
Poet at Rome (Cambridge, 1979), 1-6<person-group>
                     <string-name>
                        <surname>Cairns</surname>
                     </string-name>
                  </person-group>
                  <fpage>1</fpage>
                  <source>Tibullus: A Hellenistic Poet at Rome</source>
                  <year>1979</year>
               </mixed-citation>
            </p>
         </fn>
         <fn id="d8007e2807a1310">
            <label>54</label>
            <p>
               <mixed-citation id="d8007e2814" publication-type="journal">
F. Jacoby, 'Zur Entstehung der rémischer Elegie', RhM 60 (1905)<person-group>
                     <string-name>
                        <surname>Jacoby</surname>
                     </string-name>
                  </person-group>
                  <volume>60</volume>
                  <source>RhM</source>
                  <year>1905</year>
               </mixed-citation>
            </p>
            <p>
               <mixed-citation id="d8007e2838" publication-type="other">
Cairns (n. 53), 228</mixed-citation>
            </p>
            <p>
               <mixed-citation id="d8007e2844" publication-type="book">
'Stile e Contenuti di Tibull ed
Properzio', Atti del Convegno Internazionale di Studi su Albio Tibullo (Rome, 1986), 47-59<comment content-type="section">Stile e Contenuti di Tibull ed Properzio</comment>
                  <fpage>47</fpage>
                  <source>Atti del Convegno Internazionale di Studi su Albio Tibullo</source>
                  <year>1986</year>
               </mixed-citation>
            </p>
            <p>
               <mixed-citation id="d8007e2867" publication-type="book">
U. von
Wilamowitz-Moellendorff, Hellenistische Dichtung in der Zeit des Kallimachos (Berlin,
1924), 1.237<person-group>
                     <string-name>
                        <surname>von Wilamowitz-Moellendorff</surname>
                     </string-name>
                  </person-group>
                  <fpage>237</fpage>
                  <volume>1</volume>
                  <source>Hellenistische Dichtung in der Zeit des Kallimachos</source>
                  <year>1924</year>
               </mixed-citation>
            </p>
            <p>
               <mixed-citation id="d8007e2901" publication-type="other">
Alfonsi (n. 53), 18, n. 1</mixed-citation>
            </p>
            <p>
               <mixed-citation id="d8007e2907" publication-type="other">
Bright (n. 7), 11</mixed-citation>
            </p>
         </fn>
         <fn id="d8007e2914a1310">
            <label>55</label>
            <p>
               <mixed-citation id="d8007e2921" publication-type="other">
Alfonsi (n. 53), 13, n. 3</mixed-citation>
            </p>
            <p>
               <mixed-citation id="d8007e2927" publication-type="other">
Maltby (n. 5), 53-5</mixed-citation>
            </p>
         </fn>
      </fn-group>
   </back>
</article>
