<article xmlns:xsi="http://www.w3.org/2001/XMLSchema-instance"
         xmlns:xlink="http://www.w3.org/1999/xlink"
         xmlns:mml="http://www.w3.org/1998/Math/MathML"
         dtd-version="1.0"
         article-type="research-article">
   <front>
      <journal-meta>
         <journal-id journal-id-type="jstor">clasquar</journal-id>
         <journal-id journal-id-type="jstor">j100124</journal-id>
         <journal-title-group>
            <journal-title>The Classical Quarterly</journal-title>
         </journal-title-group>
         <publisher>
            <publisher-name>Oxford University Press</publisher-name>
         </publisher>
         <issn pub-type="ppub">00098388</issn>
         <issn pub-type="epub">14716844</issn>
      </journal-meta>
      <article-meta>
         <article-id pub-id-type="jstor">3556425</article-id>
         <article-categories>
            <subj-group>
               <subject>Shorter Notes</subject>
            </subj-group>
         </article-categories>
         <title-group>
            <article-title>Two Awkward Women in Isaeus (IS. 5.9, 26)</article-title>
         </title-group>
         <contrib-group>
            <contrib contrib-type="author">
               <string-name>
                  <given-names>Michael J.</given-names>
                  <surname>Edwards</surname>
               </string-name>
            </contrib>
         </contrib-group>
         <pub-date>
            <day>1</day>
            <month>1</month>
            <year>2002</year>
         </pub-date>
         <volume>52</volume>
         <issue>2</issue>
         <issue-id>i369252</issue-id>
         <fpage>592</fpage>
         <lpage>597</lpage>
         <page-range>592-597</page-range>
         <permissions>
            <copyright-statement>Copyright 2002 Oxford University Press</copyright-statement>
         </permissions>
         <self-uri xlink:href="http://www.jstor.org/stable/3556425"/>
         <custom-meta-group>
            <custom-meta>
               <meta-name>lang</meta-name>
               <meta-value>eng</meta-value>
            </custom-meta>
         </custom-meta-group>
      </article-meta>
   </front>
   <back>
      <fn-group>
         <title>[Footnotes]</title>
         <fn id="d9572e123a1310">
            <label>1</label>
            <p>
               <mixed-citation id="d9572e130" publication-type="book">
E. S. Forster, Isaeus (Cambridge, MA, 1927)<person-group>
                     <string-name>
                        <surname>Forster</surname>
                     </string-name>
                  </person-group>
                  <source>Isaeus</source>
                  <year>1927</year>
               </mixed-citation>
            </p>
         </fn>
         <fn id="d9572e152a1310">
            <label>2</label>
            <p>
               <mixed-citation id="d9572e159" publication-type="book">
W Wyse, The Speeches of Isaeus (Cambridge, 1904).<person-group>
                     <string-name>
                        <surname>Wyse</surname>
                     </string-name>
                  </person-group>
                  <source>The Speeches of Isaeus</source>
                  <year>1904</year>
               </mixed-citation>
            </p>
         </fn>
         <fn id="d9572e181a1310">
            <label>3</label>
            <p>
               <mixed-citation id="d9572e188" publication-type="book">
P. Roussel, Isée. Discours (Paris, 1922).<person-group>
                     <string-name>
                        <surname>Roussel</surname>
                     </string-name>
                  </person-group>
                  <source>Isée. Discours</source>
                  <year>1922</year>
               </mixed-citation>
            </p>
         </fn>
         <fn id="d9572e210a1310">
            <label>5</label>
            <p>
               <mixed-citation id="d9572e217" publication-type="journal">
W. E. Thompson, 'Athenian attitudes toward
wills', Prudentia 13 (1981), 18, n. 22<person-group>
                     <string-name>
                        <surname>Thompson</surname>
                     </string-name>
                  </person-group>
                  <fpage>18</fpage>
                  <volume>13</volume>
                  <source>Prudentia</source>
                  <year>1981</year>
               </mixed-citation>
            </p>
            <p>
               <mixed-citation id="d9572e248" publication-type="other">
n. 21 below</mixed-citation>
            </p>
         </fn>
         <fn id="d9572e256a1310">
            <label>6</label>
            <p>
               <mixed-citation id="d9572e263" publication-type="book">
Teubner of Th. Thalheim, Isaei orationes (Leipzig, 1903)<person-group>
                     <string-name>
                        <surname>Thalheim</surname>
                     </string-name>
                  </person-group>
                  <source>Isaei orationes</source>
                  <year>1903</year>
               </mixed-citation>
            </p>
         </fn>
         <fn id="d9572e285a1310">
            <label>7</label>
            <p>
               <mixed-citation id="d9572e292" publication-type="other">
Wyse (n. 2), 416-17</mixed-citation>
            </p>
         </fn>
         <fn id="d9572e299a1310">
            <label>8</label>
            <p>
               <mixed-citation id="d9572e306" publication-type="book">
V. J. Hunter, Policing Athens. Social Control in the Attic Lawsuits, 420-320 B.c.
(Princeton, 1994), 200, n. 39<person-group>
                     <string-name>
                        <surname>Hunter</surname>
                     </string-name>
                  </person-group>
                  <fpage>200</fpage>
                  <source>Policing Athens. Social Control in the Attic Lawsuits, 420-320 B.c.</source>
                  <year>1994</year>
               </mixed-citation>
            </p>
            <p>
               <mixed-citation id="d9572e334" publication-type="other">
n. 10 below</mixed-citation>
            </p>
         </fn>
         <fn id="d9572e341a1310">
            <label>9</label>
            <p>
               <mixed-citation id="d9572e348" publication-type="other">
§ 18</mixed-citation>
            </p>
         </fn>
         <fn id="d9572e355a1310">
            <label>10</label>
            <p>
               <mixed-citation id="d9572e364" publication-type="other">
Cnidus (§ 6)</mixed-citation>
            </p>
            <p>
               <mixed-citation id="d9572e370" publication-type="other">
Thuc. 8.42</mixed-citation>
            </p>
            <p>
               <mixed-citation id="d9572e377" publication-type="other">
Wyse states on p. 403 that 'the wife of Cephisophon was dead'</mixed-citation>
            </p>
            <p>
               <mixed-citation id="d9572e383" publication-type="other">
p. 416 contradicts this by saying 'the speaker's language . . . suggests that the wife of
Cephisophon was alive in 389 B.c.'</mixed-citation>
            </p>
         </fn>
         <fn id="d9572e393a1310">
            <label>11</label>
            <p>
               <mixed-citation id="d9572e400" publication-type="book">
J. K. Davies, Athenian Propertied Families 600-300 B. C. (Oxford, 1971), 148<person-group>
                     <string-name>
                        <surname>Davies</surname>
                     </string-name>
                  </person-group>
                  <fpage>148</fpage>
                  <source>Athenian Propertied Families 600-300 B. C.</source>
                  <year>1971</year>
               </mixed-citation>
            </p>
         </fn>
         <fn id="d9572e426a1310">
            <label>12</label>
            <p>
               <mixed-citation id="d9572e433" publication-type="journal">
H. Buermann, 'Das attische Intestaterbfolgegesetz', Rh. Mus. 32 (1877), 357-8<person-group>
                     <string-name>
                        <surname>Buermann</surname>
                     </string-name>
                  </person-group>
                  <fpage>357</fpage>
                  <volume>32</volume>
                  <source>Rh. Mus.</source>
                  <year>1877</year>
               </mixed-citation>
            </p>
            <p>
               <mixed-citation id="d9572e461" publication-type="journal">
id. 'Zur
Textkritik des Isaios II', Hermes 19 (1884), 364, n. 2<person-group>
                     <string-name>
                        <surname>Buermann</surname>
                     </string-name>
                  </person-group>
                  <fpage>364</fpage>
                  <volume>19</volume>
                  <source>Hermes</source>
                  <year>1884</year>
               </mixed-citation>
            </p>
         </fn>
         <fn id="d9572e493a1310">
            <label>13</label>
            <p>
               <mixed-citation id="d9572e500" publication-type="journal">
id. 'Zu Isaios', Hermes 38 (1903), 460<person-group>
                     <string-name>
                        <surname>Buermann</surname>
                     </string-name>
                  </person-group>
                  <fpage>460</fpage>
                  <volume>38</volume>
                  <source>Hermes</source>
                  <year>1903</year>
               </mixed-citation>
            </p>
         </fn>
         <fn id="d9572e529a1310">
            <label>14</label>
            <p>
               <mixed-citation id="d9572e536" publication-type="journal">
S. A. Naber, 'Solons wetgeving aangaande het erfregt', Mnemos. 1 (1852),
384-7<person-group>
                     <string-name>
                        <surname>Naber</surname>
                     </string-name>
                  </person-group>
                  <fpage>384</fpage>
                  <volume>1</volume>
                  <source>Mnemos.</source>
                  <year>1852</year>
               </mixed-citation>
            </p>
            <p>
               <mixed-citation id="d9572e567" publication-type="other">
Dicaeogenes III (§§ 10 and 11)</mixed-citation>
            </p>
         </fn>
         <fn id="d9572e574a1310">
            <label>15</label>
            <p>
               <mixed-citation id="d9572e581" publication-type="other">
Forster (n. 1), 178, n. a.</mixed-citation>
            </p>
         </fn>
         <fn id="d9572e588a1310">
            <label>16</label>
            <p>
               <mixed-citation id="d9572e595" publication-type="other">
Forster (n. 1), 179 n. b.</mixed-citation>
            </p>
         </fn>
         <fn id="d9572e602a1310">
            <label>17</label>
            <p>
               <mixed-citation id="d9572e609" publication-type="other">
Wyse (n. 2), 443</mixed-citation>
            </p>
         </fn>
         <fn id="d9572e617a1310">
            <label>18</label>
            <p>
               <mixed-citation id="d9572e624" publication-type="other">
'the son of Menexenus' at §§ 3, 4</mixed-citation>
            </p>
            <p>
               <mixed-citation id="d9572e630" publication-type="other">
Menexenus' 'only son' at § 5</mixed-citation>
            </p>
            <p>
               <mixed-citation id="d9572e636" publication-type="other">
'our uncle' at §§ 4, 11</mixed-citation>
            </p>
            <p>
               <mixed-citation id="d9572e643" publication-type="other">
'the one who left the money' at § 9</mixed-citation>
            </p>
            <p>
               <mixed-citation id="d9572e649" publication-type="other">
'her
brother' at § 9</mixed-citation>
            </p>
            <p>
               <mixed-citation id="d9572e658" publication-type="other">
'the sisters of the deceased Dicaeogenes' is found at § 16</mixed-citation>
            </p>
            <p>
               <mixed-citation id="d9572e664" publication-type="other">
'the sisters
of Dicaeogenes' at § 18, 20</mixed-citation>
            </p>
         </fn>
         <fn id="d9572e674a1310">
            <label>19</label>
            <p>
               <mixed-citation id="d9572e681" publication-type="book">
P. P. Dobree, Adversaria 1 (London, 1883), 298.<person-group>
                     <string-name>
                        <surname>Dobree</surname>
                     </string-name>
                  </person-group>
                  <fpage>298</fpage>
                  <volume>1</volume>
                  <source>Adversaria</source>
                  <year>1883</year>
               </mixed-citation>
            </p>
         </fn>
         <fn id="d9572e710a1310">
            <label>20</label>
            <p>
               <mixed-citation id="d9572e717" publication-type="other">
Buermann (n. 12, 1877), 359</mixed-citation>
            </p>
         </fn>
         <fn id="d9572e724a1310">
            <label>21</label>
            <p>
               <mixed-citation id="d9572e731" publication-type="other">
Davies (n. 11), 476-7</mixed-citation>
            </p>
            <p>
               <mixed-citation id="d9572e737" publication-type="other">
Davies (p. 146)</mixed-citation>
            </p>
            <p>
               <mixed-citation id="d9572e743" publication-type="other">
Wyse (n. 2), 414</mixed-citation>
            </p>
            <p>
               <mixed-citation id="d9572e750" publication-type="other">
Corinthian War (§ 11)</mixed-citation>
            </p>
         </fn>
         <fn id="d9572e757a1310">
            <label>22</label>
            <p>
               <mixed-citation id="d9572e764" publication-type="other">
Aristophanes fr. 745</mixed-citation>
            </p>
            <p>
               <mixed-citation id="d9572e770" publication-type="other">
Aristoph. Byz. Nomina aetatum 12</mixed-citation>
            </p>
            <p>
               <mixed-citation id="d9572e776" publication-type="other">
Fragmenta fr. 10</mixed-citation>
            </p>
            <p>
               <mixed-citation id="d9572e783" publication-type="journal">
Procopius,
Historia arcana 17.32<person-group>
                     <string-name>
                        <surname>Procopius</surname>
                     </string-name>
                  </person-group>
                  <fpage>32</fpage>
                  <volume>17</volume>
                  <source>Historia arcana</source>
               </mixed-citation>
            </p>
         </fn>
         <fn id="d9572e812a1310">
            <label>23</label>
            <p>
               <mixed-citation id="d9572e819" publication-type="other">
contra Davies (n. 11), 148</mixed-citation>
            </p>
         </fn>
      </fn-group>
   </back>
</article>
