<article xmlns:xsi="http://www.w3.org/2001/XMLSchema-instance"
         xmlns:xlink="http://www.w3.org/1999/xlink"
         xmlns:mml="http://www.w3.org/1998/Math/MathML"
         dtd-version="1.0"
         article-type="research-article">
   <front>
      <journal-meta>
         <journal-id journal-id-type="jstor">clasquar</journal-id>
         <journal-id journal-id-type="jstor">j100124</journal-id>
         <journal-title-group>
            <journal-title>The Classical Quarterly</journal-title>
         </journal-title-group>
         <publisher>
            <publisher-name>Oxford University Press</publisher-name>
         </publisher>
         <issn pub-type="ppub">00098388</issn>
         <issn pub-type="epub">14716844</issn>
      </journal-meta>
      <article-meta>
         <article-id pub-id-type="jstor">3556337</article-id>
         <title-group>
            <article-title>The Date of De Rerum Natura</article-title>
         </title-group>
         <contrib-group>
            <contrib contrib-type="author">
               <string-name>
                  <given-names>G. O.</given-names>
                  <surname>Hutchinson</surname>
               </string-name>
            </contrib>
         </contrib-group>
         <pub-date>
            <day>1</day>
            <month>1</month>
            <year>2001</year>
         </pub-date>
         <volume>51</volume>
         <issue>1</issue>
         <issue-id>i369249</issue-id>
         <fpage>150</fpage>
         <lpage>162</lpage>
         <page-range>150-162</page-range>
         <permissions>
            <copyright-statement/>
         </permissions>
         <self-uri xlink:href="http://www.jstor.org/stable/3556337"/>
         <custom-meta-group>
            <custom-meta>
               <meta-name>lang</meta-name>
               <meta-value>eng</meta-value>
            </custom-meta>
         </custom-meta-group>
      </article-meta>
   </front>
   <back>
      <fn-group>
         <title>[Footnotes]</title>
         <fn id="d9302e113a1310">
            <label>2</label>
            <p>
               <mixed-citation id="d9302e120" publication-type="book">
M. Deufert, Pseudo-Lucrezisches im Lucrez.
Die unechten Verse in Lucrezens 'De Rerum Natura', Untersuchungen zur antiken Literatur und
Geschichte Bd. 48 (Berlin and New York, 1996), 32-40<person-group>
                     <string-name>
                        <surname>Deufert</surname>
                     </string-name>
                  </person-group>
                  <fpage>32</fpage>
                  <volume>48</volume>
                  <source>Pseudo-Lucrezisches im Lucrez. Die unechten Verse in Lucrezens 'De Rerum Natura</source>
                  <year>1996</year>
               </mixed-citation>
            </p>
            <p>
               <mixed-citation id="d9302e154" publication-type="book">
T. Cole, 'Venus and Mars (De Rerum Natura 1.31-40)'<person-group>
                     <string-name>
                        <surname>Cole</surname>
                     </string-name>
                  </person-group>
                  <comment content-type="section">Venus and Mars</comment>
                  <fpage>31</fpage>
                  <volume>1</volume>
                  <source>De Rerum Natura</source>
               </mixed-citation>
            </p>
            <p>
               <mixed-citation id="d9302e182" publication-type="book">
P. Knox and C. Foss (edd.), Style and
Tradition: Studies in Honor of Wendell Clausen, Beiträge zur Altertumskunde Bd. 92 (Stuttgart,
1998), 11-14<person-group>
                     <string-name>
                        <surname>Knox</surname>
                     </string-name>
                  </person-group>
                  <fpage>11</fpage>
                  <volume>92</volume>
                  <source>Style and Tradition: Studies in Honor of Wendell Clausen</source>
                  <year>1998</year>
               </mixed-citation>
            </p>
            <p>
               <mixed-citation id="d9302e217" publication-type="other">
1.1-43</mixed-citation>
            </p>
         </fn>
         <fn id="d9302e224a1310">
            <label>3</label>
            <p>
               <mixed-citation id="d9302e231" publication-type="book">
D. P. Fowler, 'Lucretius and politics', in M. Griffin and
J. Barnes (edd.), Philosophia Togata I: Essays on Philosophy and Roman Society (Oxford, 1989),
127-8<person-group>
                     <string-name>
                        <surname>Fowler</surname>
                     </string-name>
                  </person-group>
                  <comment content-type="section">Lucretius and politics</comment>
                  <fpage>127</fpage>
                  <source>Philosophia Togata I: Essays on Philosophy and Roman Society</source>
                  <year>1989</year>
               </mixed-citation>
            </p>
            <p>
               <mixed-citation id="d9302e265" publication-type="other">
Cic. Rep. 1.10.1</mixed-citation>
            </p>
            <p>
               <mixed-citation id="d9302e271" publication-type="other">
11.1</mixed-citation>
            </p>
            <p>
               <mixed-citation id="d9302e278" publication-type="journal">
Philod. Piet. Part 1.929-32<fpage>929</fpage>
                  <volume>1</volume>
                  <source>Piet. Part</source>
               </mixed-citation>
            </p>
            <p>
               <mixed-citation id="d9302e293" publication-type="other">
Obbink = Epicur. 115</mixed-citation>
            </p>
            <p>
               <mixed-citation id="d9302e299" publication-type="book">
D. Obbink, Philodemus, On Piety, Part 1: Critical Text with Commentary [Oxford, 1996], 445-6<person-group>
                     <string-name>
                        <surname>Obbink</surname>
                     </string-name>
                  </person-group>
                  <fpage>445</fpage>
                  <source>Philodemus, On Piety, Part 1: Critical Text with Commentary</source>
                  <year>1996</year>
               </mixed-citation>
            </p>
         </fn>
         <fn id="d9302e324a1310">
            <label>4</label>
            <p>
               <mixed-citation id="d9302e331" publication-type="journal">
Cic. Fam. 8.14 (Caelius, Aug. 50; conditional), 14.5.1<fpage>14</fpage>
                  <volume>8</volume>
                  <source>Fam.</source>
               </mixed-citation>
            </p>
            <p>
               <mixed-citation id="d9302e346" publication-type="journal">
Att. 7.1.2 (both Oct. 50)<issue>1</issue>
                  <fpage>2</fpage>
                  <volume>7</volume>
                  <source>Att.</source>
               </mixed-citation>
            </p>
            <p>
               <mixed-citation id="d9302e364" publication-type="other">
7.4.2, 7.8.5 (O.R.&lt;latex&gt;$FE^4$&lt;/latex&gt; 159 F 7) (both December 50)</mixed-citation>
            </p>
            <p>
               <mixed-citation id="d9302e371" publication-type="other">
Cic.
Att. 4.6.1 (Mar. 55)</mixed-citation>
            </p>
            <p>
               <mixed-citation id="d9302e380" publication-type="other">
Q.F 2.14.4</mixed-citation>
            </p>
            <p>
               <mixed-citation id="d9302e386" publication-type="other">
Sest. 45-8</mixed-citation>
            </p>
            <p>
               <mixed-citation id="d9302e392" publication-type="journal">
Leg. 3.25-6<object-id pub-id-type="doi">10.2307/439677</object-id>
                  <fpage>25</fpage>
               </mixed-citation>
            </p>
            <p>
               <mixed-citation id="d9302e404" publication-type="other">
Varr. R.R. 1.69.3</mixed-citation>
            </p>
            <p>
               <mixed-citation id="d9302e410" publication-type="other">
Munro on 1.41-3 does his best with 59</mixed-citation>
            </p>
            <p>
               <mixed-citation id="d9302e417" publication-type="journal">
F H. Sandbach, 'Lucretipoemata and the
poet's death', CR 54 (1940), 77<person-group>
                     <string-name>
                        <surname>Sandbach</surname>
                     </string-name>
                  </person-group>
                  <fpage>77</fpage>
                  <volume>54</volume>
                  <source>CR</source>
                  <year>1940</year>
               </mixed-citation>
            </p>
            <p>
               <mixed-citation id="d9302e448" publication-type="book">
D. Sedley, Lucretius and the Transformation of Greek Wisdom (Cambridge,
1998), who supposes publication around 54<person-group>
                     <string-name>
                        <surname>Sedley</surname>
                     </string-name>
                  </person-group>
                  <fpage>54</fpage>
                  <source>Lucretius and the Transformation of Greek Wisdom</source>
                  <year>1998</year>
               </mixed-citation>
            </p>
            <p>
               <mixed-citation id="d9302e476" publication-type="other">
Cic. S. Rosc. 81</mixed-citation>
            </p>
            <p>
               <mixed-citation id="d9302e482" publication-type="journal">
L. Hermann, 'Catulle et Lucrèce', Latomus 15 (1956), 465-80<person-group>
                     <string-name>
                        <surname>Hermann</surname>
                     </string-name>
                  </person-group>
                  <fpage>465</fpage>
                  <volume>15</volume>
                  <source>Latomus</source>
                  <year>1956</year>
               </mixed-citation>
            </p>
            <p>
               <mixed-citation id="d9302e510" publication-type="other">
1.29-30</mixed-citation>
            </p>
            <p>
               <mixed-citation id="d9302e516" publication-type="other">
40-3</mixed-citation>
            </p>
         </fn>
         <fn id="d9302e523a1310">
            <label>5</label>
            <p>
               <mixed-citation id="d9302e530" publication-type="other">
Sedley (n. 4), ch. 1</mixed-citation>
            </p>
            <p>
               <mixed-citation id="d9302e536" publication-type="book">
L. Canfora, Vita di Lucrezio
(Palermo, 1993), 49-51<person-group>
                     <string-name>
                        <surname>Canfora</surname>
                     </string-name>
                  </person-group>
                  <fpage>49</fpage>
                  <source>Vita di Lucrezio</source>
                  <year>1993</year>
               </mixed-citation>
            </p>
            <p>
               <mixed-citation id="d9302e564" publication-type="other">
1.41-3</mixed-citation>
            </p>
         </fn>
         <fn id="d9302e572a1310">
            <label>6</label>
            <p>
               <mixed-citation id="d9302e579" publication-type="other">
1.41-3</mixed-citation>
            </p>
            <p>
               <mixed-citation id="d9302e585" publication-type="journal">
Virg. Georg. 1.509-14<fpage>509</fpage>
                  <volume>1</volume>
                  <source>Georg.</source>
               </mixed-citation>
            </p>
            <p>
               <mixed-citation id="d9302e600" publication-type="other">
2.171-2</mixed-citation>
            </p>
         </fn>
         <fn id="d9302e607a1310">
            <label>7</label>
            <p>
               <mixed-citation id="d9302e614" publication-type="other">
Cic. Fam. 15.15.1-2</mixed-citation>
            </p>
            <p>
               <mixed-citation id="d9302e620" publication-type="other">
Pharsalus; note saluti in 2</mixed-citation>
            </p>
         </fn>
         <fn id="d9302e627a1310">
            <label>8</label>
            <p>
               <mixed-citation id="d9302e634" publication-type="other">
Sedley (n. 4), 1</mixed-citation>
            </p>
            <p>
               <mixed-citation id="d9302e640" publication-type="other">
Cic. Fam. 9.25.2</mixed-citation>
            </p>
            <p>
               <mixed-citation id="d9302e646" publication-type="journal">
Att.
13.22<fpage>22</fpage>
                  <volume>13</volume>
                  <source>Att.</source>
               </mixed-citation>
            </p>
            <p>
               <mixed-citation id="d9302e665" publication-type="other">
15.1a.2</mixed-citation>
            </p>
            <p>
               <mixed-citation id="d9302e671" publication-type="other">
Q.F 2.7.1-2</mixed-citation>
            </p>
            <p>
               <mixed-citation id="d9302e677" publication-type="other">
Att. 12.5a.1</mixed-citation>
            </p>
            <p>
               <mixed-citation id="d9302e683" publication-type="other">
13.28.1</mixed-citation>
            </p>
            <p>
               <mixed-citation id="d9302e689" publication-type="other">
14.20.3</mixed-citation>
            </p>
         </fn>
         <fn id="d9302e696a1310">
            <label>9</label>
            <p>
               <mixed-citation id="d9302e703" publication-type="book">
J. Soubiran, Ciceron. Aratea: fragments poetiques (Paris, 1972), 8-16, esp.
12<person-group>
                     <string-name>
                        <surname>Soubiran</surname>
                     </string-name>
                  </person-group>
                  <fpage>8</fpage>
                  <source>Ciceron. Aratea: fragments poetiques</source>
                  <year>1972</year>
               </mixed-citation>
            </p>
            <p>
               <mixed-citation id="d9302e731" publication-type="other">
Cic. Lael. 24</mixed-citation>
            </p>
            <p>
               <mixed-citation id="d9302e737" publication-type="other">
Gell. 1.21.5 in carminibus Lucreti</mixed-citation>
            </p>
            <p>
               <mixed-citation id="d9302e744" publication-type="journal">
Diomedes, G L.K. 1.482 Lucreti carmina<person-group>
                     <string-name>
                        <surname>Diomedes</surname>
                     </string-name>
                  </person-group>
                  <fpage>482</fpage>
                  <volume>1</volume>
                  <source>G L.K.</source>
               </mixed-citation>
            </p>
            <p>
               <mixed-citation id="d9302e768" publication-type="other">
§ 6 below</mixed-citation>
            </p>
         </fn>
         <fn id="d9302e775a1310">
            <label>10</label>
            <p>
               <mixed-citation id="d9302e784" publication-type="other">
Sandbach (n. 3), 76 for poemata</mixed-citation>
            </p>
            <p>
               <mixed-citation id="d9302e790" publication-type="book">
J. Porter, 'Content and form in Philodemus: the history of an evasion', in
D. Obbink (ed.), Philodemus and Poetry: Poetic Theory and Practice in Lucretius, Philodemus, and
Horace (Oxford, 1995), 102-17<person-group>
                     <string-name>
                        <surname>Porter</surname>
                     </string-name>
                  </person-group>
                  <comment content-type="section">Content and form in Philodemus: the history of an evasion</comment>
                  <fpage>102</fpage>
                  <source>Philodemus and Poetry: Poetic Theory and Practice in Lucretius, Philodemus, and Horace</source>
                  <year>1995</year>
               </mixed-citation>
            </p>
         </fn>
         <fn id="d9302e825a1310">
            <label>11</label>
            <p>
               <mixed-citation id="d9302e832" publication-type="other">
Herrmann (n. 4), 472-3</mixed-citation>
            </p>
            <p>
               <mixed-citation id="d9302e838" publication-type="other">
Gell. 12.10.7</mixed-citation>
            </p>
            <p>
               <mixed-citation id="d9302e844" publication-type="other">
J. Martin's edition [Leipzig, 1969], 281-2</mixed-citation>
            </p>
         </fn>
         <fn id="d9302e852a1310">
            <label>12</label>
            <p>
               <mixed-citation id="d9302e859" publication-type="other">
J. K.
Fotheringham, The Bodleian Manuscript of Jerome's Version of the Chronicle of Eusebius Repro-
duced in Collotype [Oxford, 1905]</mixed-citation>
            </p>
         </fn>
         <fn id="d9302e872a1310">
            <label>13</label>
            <p>
               <mixed-citation id="d9302e879" publication-type="journal">
Ov. Am. 3.9<fpage>9</fpage>
                  <volume>3</volume>
                  <source>Ov. Am.</source>
               </mixed-citation>
            </p>
            <p>
               <mixed-citation id="d9302e894" publication-type="other">
Domitius Marsus fr. 7</mixed-citation>
            </p>
            <p>
               <mixed-citation id="d9302e900" publication-type="other">
Jerome's general use of Suetonius in his work is shown by his preface, pp. 6-7</mixed-citation>
            </p>
            <p>
               <mixed-citation id="d9302e907" publication-type="book">
H. Naumann (Enciclopedia virgiliana [6 vols, Rome, 1984-91],
V.571-4, with refs.)<person-group>
                     <string-name>
                        <surname>Naumann</surname>
                     </string-name>
                  </person-group>
                  <fpage>571</fpage>
                  <volume>6</volume>
                  <source>Enciclopedia virgiliana</source>
                  <year>1991</year>
               </mixed-citation>
            </p>
            <p>
               <mixed-citation id="d9302e938" publication-type="book">
G. Brugnoli, ibid., 2.126,
V.576-7<person-group>
                     <string-name>
                        <surname>Brugnoli</surname>
                     </string-name>
                  </person-group>
                  <fpage>216</fpage>
                  <volume>2</volume>
                  <source>Enciclopedia virgiliana</source>
               </mixed-citation>
            </p>
            <p>
               <mixed-citation id="d9302e966" publication-type="other">
Aug. 101.1</mixed-citation>
            </p>
            <p>
               <mixed-citation id="d9302e972" publication-type="journal">
Claud. 2.1, 7<issue>1</issue>
                  <fpage>7</fpage>
                  <volume>2</volume>
                  <source>Claud.</source>
               </mixed-citation>
            </p>
            <p>
               <mixed-citation id="d9302e990" publication-type="journal">
Galb. 6.1<fpage>1</fpage>
                  <volume>6</volume>
                  <source>Galb.</source>
               </mixed-citation>
            </p>
            <p>
               <mixed-citation id="d9302e1005" publication-type="journal">
Jerome, Chron. Ol. 180.2,
181.4, pp. 154, 155 Helm<person-group>
                     <string-name>
                        <surname>Jerome</surname>
                     </string-name>
                  </person-group>
                  <issue>180</issue>
                  <fpage>2</fpage>
                  <volume>01</volume>
                  <source>Chron.Ol.</source>
               </mixed-citation>
            </p>
         </fn>
         <fn id="d9302e1037a1310">
            <label>14</label>
            <p>
               <mixed-citation id="d9302e1044" publication-type="other">
Donatus, of 50 or 49</mixed-citation>
            </p>
            <p>
               <mixed-citation id="d9302e1050" publication-type="book">
R. Helm, Die griechischen christlichen
Schriftsteller der ersten Jahrhunderte: Eusebius Werke 7. Die Chronik des Hieronymus, pref.
U. Treu (Berlin, &lt;latex&gt;$1984^3$&lt;/latex&gt;'), xxiv<person-group>
                     <string-name>
                        <surname>Helm</surname>
                     </string-name>
                  </person-group>
                  <fpage>xxiv</fpage>
                  <source>Die griechischen christlichen Schriftsteller der ersten Jahrhunderte: Eusebius Werke 7. Die Chronik des Hieronymus</source>
                  <year>1984</year>
               </mixed-citation>
            </p>
            <p>
               <mixed-citation id="d9302e1081" publication-type="book">
Hieronymus' Zusdtze in Eusebius' Chronik und ihr Wert fair die
Literaturgeschichte, Philologus Suppl. 21.2 (Leipzig, 1929), 33-5<fpage>33</fpage>
                  <volume>21</volume>
                  <source>Hieronymus' Zusdtze in Eusebius' Chronik und ihr Wert fair die Literaturgeschichte, Philologus</source>
                  <year>1929</year>
               </mixed-citation>
            </p>
            <p>
               <mixed-citation id="d9302e1104" publication-type="book">
R. Kaster, C. Suetonius Tranquillus, De Grammaticis
et Rhetoribus: Edited with a Translation, Introduction, and Commentary (Oxford, 1995), li-lii<person-group>
                     <string-name>
                        <surname>Kaster</surname>
                     </string-name>
                  </person-group>
                  <fpage>li</fpage>
                  <source>De Grammaticis et Rhetoribus: Edited with a Translation, Introduction, and Commentary</source>
                  <year>1995</year>
               </mixed-citation>
            </p>
            <p>
               <mixed-citation id="d9302e1132" publication-type="book">
R. W Burgess, Studies in Eusebian and Post-Eusebian Chronography, Historia
Einzelschriften H. 135 (Stuttgart, 1999), 24-5<person-group>
                     <string-name>
                        <surname>Burgess</surname>
                     </string-name>
                  </person-group>
                  <fpage>24</fpage>
                  <volume>135</volume>
                  <source>Studies in Eusebian and Post-Eusebian Chronography, Historia</source>
                  <year>1999</year>
               </mixed-citation>
            </p>
            <p>
               <mixed-citation id="d9302e1163" publication-type="journal">
G. Herbert-Brown, 'Jerome's dates for Gaius Lucilius,
satyrarum scriptor', CQ 49 (1999), 535-43<object-id pub-id-type="jstor">10.2307/639877</object-id>
                  <fpage>535</fpage>
               </mixed-citation>
            </p>
         </fn>
         <fn id="d9302e1179a1310">
            <label>15</label>
            <p>
               <mixed-citation id="d9302e1186" publication-type="other">
Canfora (n. 5), 15</mixed-citation>
            </p>
            <p>
               <mixed-citation id="d9302e1192" publication-type="book">
N. Horsfall, 'Virgil: his life and times', in N. Horsfall (ed.), A
Companion to the Study of Virgil, Mnemosyne Suppl. 151 (Leiden, etc.), 5-6<person-group>
                     <string-name>
                        <surname>Horsfall</surname>
                     </string-name>
                  </person-group>
                  <fpage>5</fpage>
                  <volume>151</volume>
                  <source>A Companion to the Study of Virgil, Mnemosyne</source>
               </mixed-citation>
            </p>
            <p>
               <mixed-citation id="d9302e1220" publication-type="book">
A. Mosshammer, The Chronicle of Eusebius and Greek Chronographic
Tradition (Lewisberg and London, 1979), 218-21<person-group>
                     <string-name>
                        <surname>Mosshammer</surname>
                     </string-name>
                  </person-group>
                  <fpage>218</fpage>
                  <source>The Chronicle of Eusebius and Greek Chronographic Tradition</source>
                  <year>1979</year>
               </mixed-citation>
            </p>
            <p>
               <mixed-citation id="d9302e1249" publication-type="book">
O. Zwierlein, Die Ovid- und Vergil-Revision in
tiberischer Zeit I, Untersuchungen zur antiken Literatur und Geschichte Bd. 57 (Berlin and New
York, 1999), 603-7<person-group>
                     <string-name>
                        <surname>Zwierlein</surname>
                     </string-name>
                  </person-group>
                  <fpage>603</fpage>
                  <volume>57</volume>
                  <source>Die Ovid- und Vergil-Revision in tiberischer Zeit</source>
                  <year>1999</year>
               </mixed-citation>
            </p>
         </fn>
         <fn id="d9302e1284a1310">
            <label>16</label>
            <p>
               <mixed-citation id="d9302e1291" publication-type="other">
Vell. 2.36.2</mixed-citation>
            </p>
            <p>
               <mixed-citation id="d9302e1297" publication-type="journal">
Ov. Trist. 2.423-30<fpage>423</fpage>
                  <volume>2</volume>
                  <source>Ov. Trist.</source>
               </mixed-citation>
            </p>
            <p>
               <mixed-citation id="d9302e1312" publication-type="journal">
Quint. Inst. 10.1.97 Accius atque
Pacuvius<issue>1</issue>
                  <fpage>97</fpage>
                  <volume>10</volume>
                  <source>Inst.</source>
               </mixed-citation>
            </p>
            <p>
               <mixed-citation id="d9302e1335" publication-type="other">
Cic. Brut. 229</mixed-citation>
            </p>
            <p>
               <mixed-citation id="d9302e1341" publication-type="journal">
Macer et Lucretius (Quint.
Inst. 10.1.87)<issue>1</issue>
                  <fpage>87</fpage>
                  <volume>10</volume>
                  <source>Inst.</source>
               </mixed-citation>
            </p>
            <p>
               <mixed-citation id="d9302e1363" publication-type="book">
E. Courtney, The Fragmentary
Latin Poets: Edited with Commentary [Oxford, 1993], 292<person-group>
                     <string-name>
                        <surname>Courtney</surname>
                     </string-name>
                  </person-group>
                  <fpage>292</fpage>
                  <source>The Fragmentary Latin Poets: Edited with Commentary</source>
                  <year>1993</year>
               </mixed-citation>
            </p>
         </fn>
         <fn id="d9302e1392a1310">
            <label>17</label>
            <p>
               <mixed-citation id="d9302e1399" publication-type="other">
Cat. 64 looks awkward again at 64. 136-7 mentis I consilium</mixed-citation>
            </p>
            <p>
               <mixed-citation id="d9302e1405" publication-type="other">
Lucr. 3. 615
animi... mens consiliumque</mixed-citation>
            </p>
            <p>
               <mixed-citation id="d9302e1414" publication-type="other">
Cat. 65.4 mens animi</mixed-citation>
            </p>
            <p>
               <mixed-citation id="d9302e1421" publication-type="other">
Lucr. 6.34 uoluere curarum ... fluctus</mixed-citation>
            </p>
            <p>
               <mixed-citation id="d9302e1427" publication-type="other">
74
magnos irarum uoluerefluctus</mixed-citation>
            </p>
            <p>
               <mixed-citation id="d9302e1436" publication-type="other">
Cat.
64</mixed-citation>
            </p>
            <p>
               <mixed-citation id="d9302e1445" publication-type="other">
Cat. 68a. 13 quis merser Jbrtunaefluctibus ipse</mixed-citation>
            </p>
            <p>
               <mixed-citation id="d9302e1451" publication-type="other">
Plaut. Merc. 890
animusfluctuat</mixed-citation>
            </p>
            <p>
               <mixed-citation id="d9302e1460" publication-type="other">
Acc. 404 Dangel quantos bellifluctus concites</mixed-citation>
            </p>
         </fn>
         <fn id="d9302e1468a1310">
            <label>18</label>
            <p>
               <mixed-citation id="d9302e1477" publication-type="other">
Lucr. 3. 57 (II pp. 179-80</mixed-citation>
            </p>
            <p>
               <mixed-citation id="d9302e1483" publication-type="journal">
Norden on Virg. Aen. 6.55 (p. 139<issue>55</issue>
                  <fpage>139</fpage>
                  <volume>6</volume>
                  <source>Aen.</source>
               </mixed-citation>
            </p>
            <p>
               <mixed-citation id="d9302e1502" publication-type="journal">
T. Frank, 'The
mutual borrowings of Catullus and Lucretius and what they imply', CP 28 (1933), 249-56<object-id pub-id-type="jstor">10.2307/264924</object-id>
                  <fpage>249</fpage>
               </mixed-citation>
            </p>
            <p>
               <mixed-citation id="d9302e1517" publication-type="other">
Herrmann (n. 4), 465-71</mixed-citation>
            </p>
            <p>
               <mixed-citation id="d9302e1523" publication-type="journal">
P. Grimal, 'Le poeme de Lucrece en son temps', Entretiens Hardt 24
(1977), 258-9<person-group>
                     <string-name>
                        <surname>Grimal</surname>
                     </string-name>
                  </person-group>
                  <fpage>258</fpage>
                  <volume>24</volume>
                  <source>Entretiens Hardt</source>
                  <year>1977</year>
               </mixed-citation>
            </p>
            <p>
               <mixed-citation id="d9302e1554" publication-type="book">
R. Jenkyns, Three Classical Poets: Sappho, Catullus and
Juvenal (London, 1982), 130-2<person-group>
                     <string-name>
                        <surname>Jenkyns</surname>
                     </string-name>
                  </person-group>
                  <fpage>130</fpage>
                  <source>Three Classical Poets: Sappho, Catullus and Juvenal</source>
                  <year>1982</year>
               </mixed-citation>
            </p>
            <p>
               <mixed-citation id="d9302e1582" publication-type="book">
G. P Goold, Catullus: Edited with Introduction, Translation and
Notes (London, 1983), 251<person-group>
                     <string-name>
                        <surname>Goold</surname>
                     </string-name>
                  </person-group>
                  <fpage>251</fpage>
                  <source>Catullus: Edited with Introduction, Translation and Notes</source>
                  <year>1983</year>
               </mixed-citation>
            </p>
            <p>
               <mixed-citation id="d9302e1610" publication-type="book">
J. Godwin, Catullus: Poems 61-68 (Warminster, 1995), 7-16 (further
areas of contact between Cat. 64 and Lucretius)<person-group>
                     <string-name>
                        <surname>Godwin</surname>
                     </string-name>
                  </person-group>
                  <fpage>7</fpage>
                  <volume>61</volume>
                  <source>Catullus: Poems</source>
                  <year>1995</year>
               </mixed-citation>
            </p>
            <p>
               <mixed-citation id="d9302e1642" publication-type="book">
N. Horsfall, Virgil, Aeneid 7: A Commentary,
Mnemosyne Suppl. 198 (Leiden, etc., 2000), 211<person-group>
                     <string-name>
                        <surname>Horsfall</surname>
                     </string-name>
                  </person-group>
                  <fpage>211</fpage>
                  <volume>198</volume>
                  <source>Aeneid 7: A Commentary</source>
                  <year>2000</year>
               </mixed-citation>
            </p>
            <p>
               <mixed-citation id="d9302e1673" publication-type="journal">
E. J. Kenney, 'Doctus Lucretius', Mnemosyne 23 (1970), 388-90<person-group>
                     <string-name>
                        <surname>Kenney</surname>
                     </string-name>
                  </person-group>
                  <fpage>388</fpage>
                  <volume>23</volume>
                  <source>Mnemosyne</source>
                  <year>1970</year>
               </mixed-citation>
            </p>
            <p>
               <mixed-citation id="d9302e1701" publication-type="journal">
J. E. G. Zetzel, 'Catullus, Ennius, and the
poetics of allusion', ICS 8 (1983), 257-60<person-group>
                     <string-name>
                        <surname>Zetzel</surname>
                     </string-name>
                  </person-group>
                  <fpage>257</fpage>
                  <volume>8</volume>
                  <source>ICS</source>
                  <year>1983</year>
               </mixed-citation>
            </p>
         </fn>
         <fn id="d9302e1733a1310">
            <label>19</label>
            <p>
               <mixed-citation id="d9302e1740" publication-type="other">
Cic. Att. 1.18.3</mixed-citation>
            </p>
            <p>
               <mixed-citation id="d9302e1746" publication-type="journal">
later Suet. D. G R. 14.1<object-id pub-id-type="doi">10.2307/2060451</object-id>
                  <fpage>1</fpage>
               </mixed-citation>
            </p>
            <p>
               <mixed-citation id="d9302e1758" publication-type="journal">
G. V. Sumner, 'The coitio of 54 B.C., or waiting for Caesar', HSCP 86 (1982), 133-9<object-id pub-id-type="doi">10.2307/311190</object-id>
                  <fpage>133</fpage>
               </mixed-citation>
            </p>
            <p>
               <mixed-citation id="d9302e1771" publication-type="other">
Cic. Att. 4.16.6</mixed-citation>
            </p>
            <p>
               <mixed-citation id="d9302e1777" publication-type="journal">
App. B.C. 2.90-3<fpage>90</fpage>
                  <volume>2</volume>
                  <source>B.C.</source>
               </mixed-citation>
            </p>
            <p>
               <mixed-citation id="d9302e1792" publication-type="journal">
Cic. Fam. 13.1 (esp. 1)<fpage>1</fpage>
                  <volume>13</volume>
                  <source>Fam.</source>
               </mixed-citation>
            </p>
            <p>
               <mixed-citation id="d9302e1807" publication-type="other">
Att. 5.11.6</mixed-citation>
            </p>
            <p>
               <mixed-citation id="d9302e1813" publication-type="other">
Caes. BC 3.1.4</mixed-citation>
            </p>
            <p>
               <mixed-citation id="d9302e1819" publication-type="journal">
Fr. Miinzer, 'Memmius 8', RE 15
(1931), 609-16<person-group>
                     <string-name>
                        <surname>Miinzer</surname>
                     </string-name>
                  </person-group>
                  <fpage>609</fpage>
                  <volume>15</volume>
                  <source>RE</source>
                  <year>1931</year>
               </mixed-citation>
            </p>
         </fn>
         <fn id="d9302e1851a1310">
            <label>20</label>
            <p>
               <mixed-citation id="d9302e1860" publication-type="other">
Cic. Fam. 13.1.2</mixed-citation>
            </p>
            <p>
               <mixed-citation id="d9302e1866" publication-type="book">
J. Kirchner, Prosopographia Attica [2 vols, Berlin, 1901-3],
2.222<person-group>
                     <string-name>
                        <surname>Kirchner</surname>
                     </string-name>
                  </person-group>
                  <fpage>222</fpage>
                  <volume>2</volume>
                  <source>Prosopographia Attica</source>
                  <year>1903</year>
               </mixed-citation>
            </p>
            <p>
               <mixed-citation id="d9302e1898" publication-type="book">
C. J. Castner, Prosopography of Roman Epicureans from the Second Century B.c. to the
Second Century A.D., Studien zur klassischen Philologie Bd. 34 (Frankfurt, etc., 1998), 103-4<person-group>
                     <string-name>
                        <surname>Castner</surname>
                     </string-name>
                  </person-group>
                  <fpage>103</fpage>
                  <volume>34</volume>
                  <source>Prosopography of Roman Epicureans from the Second Century B.c. to the Second Century A.D.</source>
                  <year>1998</year>
               </mixed-citation>
            </p>
            <p>
               <mixed-citation id="d9302e1929" publication-type="other">
M. Griffin, 'Philosophy, politics, and politicians at Rome', in Griffin and
Barnes (n. 3), 16-18</mixed-citation>
            </p>
            <p>
               <mixed-citation id="d9302e1938" publication-type="book">
W R. Johnson, Lucretius and the Modern
World (London, 2000), 6-11<person-group>
                     <string-name>
                        <surname>Johnson</surname>
                     </string-name>
                  </person-group>
                  <fpage>6</fpage>
                  <source>Lucretius and the Modern World</source>
                  <year>2000</year>
               </mixed-citation>
            </p>
            <p>
               <mixed-citation id="d9302e1966" publication-type="book">
T. P. Wiseman, 'Pete nobiles amicos: poets and patrons in late Republican Rome', in B. K. Gold
(ed.), Literary and Artistic Patronage in Ancient Rome (Austin, 1982), 35-6<person-group>
                     <string-name>
                        <surname>Wiseman</surname>
                     </string-name>
                  </person-group>
                  <fpage>35</fpage>
                  <source>Literary and Artistic Patronage in Ancient Rome</source>
                  <year>1982</year>
               </mixed-citation>
            </p>
            <p>
               <mixed-citation id="d9302e1994" publication-type="journal">
Cat. 10.29-30<fpage>29</fpage>
                  <volume>10</volume>
                  <source>Cat.</source>
               </mixed-citation>
            </p>
            <p>
               <mixed-citation id="d9302e2009" publication-type="other">
Wiseman 38-42</mixed-citation>
            </p>
            <p>
               <mixed-citation id="d9302e2016" publication-type="journal">
Cat. 10.11-12<fpage>11</fpage>
                  <volume>10</volume>
                  <source>Cat.</source>
               </mixed-citation>
            </p>
            <p>
               <mixed-citation id="d9302e2031" publication-type="other">
28.8-9</mixed-citation>
            </p>
         </fn>
         <fn id="d9302e2038a1310">
            <label>21</label>
            <p>
               <mixed-citation id="d9302e2045" publication-type="book">
G. V. Sumner, The Orators in Cicero's Brutus: Prosopography and
Chronology, Phoenix Suppl. 11 (Toronto 1973), 85-90<person-group>
                     <string-name>
                        <surname>Sumner</surname>
                     </string-name>
                  </person-group>
                  <fpage>85</fpage>
                  <source>The Orators in Cicero's Brutus: Prosopography and Chronology</source>
                  <year>1973</year>
               </mixed-citation>
            </p>
            <p>
               <mixed-citation id="d9302e2073" publication-type="book">
M. Harlan, Roman Republican
Moneyers and their Coins: 63 Bc.-49 Bc. (London, 1995), ch. 12<person-group>
                     <string-name>
                        <surname>Harlan</surname>
                     </string-name>
                  </person-group>
                  <source>Roman Republican Moneyers and their Coins</source>
                  <year>1995</year>
               </mixed-citation>
            </p>
            <p>
               <mixed-citation id="d9302e2097" publication-type="journal">
E. Fantham,
'The trials of Gabinius in 54 B.c.', Historia 24 (1975), 425-43<person-group>
                     <string-name>
                        <surname>Fantham</surname>
                     </string-name>
                  </person-group>
                  <fpage>425</fpage>
                  <volume>24</volume>
                  <source>Historia</source>
                  <year>1975</year>
               </mixed-citation>
            </p>
            <p>
               <mixed-citation id="d9302e2129" publication-type="book">
M. C. Alexander, Trials in the Late
Roman Republic, 149 B.c. to 50 B.c., Phoenix Suppl. 26 (Toronto, 1990), 157<person-group>
                     <string-name>
                        <surname>Alexander</surname>
                     </string-name>
                  </person-group>
                  <fpage>157</fpage>
                  <volume>26</volume>
                  <source>Trials in the Late Roman Republic, 149 B.c. to 50 B.c., Phoenix</source>
                  <year>1990</year>
               </mixed-citation>
            </p>
            <p>
               <mixed-citation id="d9302e2160" publication-type="other">
Q. Metellus Scipio in 52</mixed-citation>
            </p>
            <p>
               <mixed-citation id="d9302e2166" publication-type="other">
Fowler (n. 3), 121-2</mixed-citation>
            </p>
            <p>
               <mixed-citation id="d9302e2172" publication-type="other">
C. Memmius (if either) was the love-poet (Courtney [n. 16], 233)</mixed-citation>
            </p>
            <p>
               <mixed-citation id="d9302e2178" publication-type="other">
Plin. Ep. 5.3.5</mixed-citation>
            </p>
            <p>
               <mixed-citation id="d9302e2184" publication-type="other">
1.26-7</mixed-citation>
            </p>
         </fn>
         <fn id="d9302e2191a1310">
            <label>22</label>
            <p>
               <mixed-citation id="d9302e2198" publication-type="other">
Deufert (n. 2), 302-4 on 5.155</mixed-citation>
            </p>
            <p>
               <mixed-citation id="d9302e2204" publication-type="other">
Emped. fr. 8.1-2, 16-17
Wright (lines 233-4, 246-8</mixed-citation>
            </p>
            <p>
               <mixed-citation id="d9302e2213" publication-type="book">
A. Martin and O. Primavesi, L'Emp&amp;docle de Strasbourg (P. Strasb.
gr. Inv. 1665-1666). Introduction, edition et commentaire [Berlin and New York, 1999])<person-group>
                     <string-name>
                        <surname>Martin</surname>
                     </string-name>
                  </person-group>
                  <source>Introduction, edition et commentaire</source>
                  <year>1999</year>
               </mixed-citation>
            </p>
            <p>
               <mixed-citation id="d9302e2238" publication-type="journal">
E. J. Kenney, review of Deufert, CR 48 [1998], 25<object-id pub-id-type="jstor">10.2307/713683</object-id>
                  <fpage>25</fpage>
               </mixed-citation>
            </p>
            <p>
               <mixed-citation id="d9302e2250" publication-type="other">
1.411-17</mixed-citation>
            </p>
         </fn>
         <fn id="d9302e2257a1310">
            <label>23</label>
            <p>
               <mixed-citation id="d9302e2264" publication-type="other">
Fowler (n. 3), 128</mixed-citation>
            </p>
            <p>
               <mixed-citation id="d9302e2270" publication-type="other">
agere hoc, cf. 4.969-70</mixed-citation>
            </p>
            <p>
               <mixed-citation id="d9302e2276" publication-type="other">
Boiardo's poem (Orl. Inn.
3.9.26)</mixed-citation>
            </p>
            <p>
               <mixed-citation id="d9302e2286" publication-type="journal">
Hom. Od. 13.185-7<fpage>185</fpage>
                  <volume>13</volume>
                  <source>Hom. Od.</source>
               </mixed-citation>
            </p>
            <p>
               <mixed-citation id="d9302e2301" publication-type="book">
P. H. Schrijvers, Horror ac divina voluptas. Etudes sur la
po'tique et la po'sie de Lucrece (Amsterdam, 1970), 323-4<person-group>
                     <string-name>
                        <surname>Schrijvers</surname>
                     </string-name>
                  </person-group>
                  <fpage>323</fpage>
                  <source>Horror ac divina voluptas. Etudes sur la po'tique et la po'sie de Lucrece</source>
                  <year>1970</year>
               </mixed-citation>
            </p>
            <p>
               <mixed-citation id="d9302e2329" publication-type="journal">
A. Schiesaro, 'The palingenesis of De
Rerum Natura', PCPS 40 (1994), esp. 91-2, 100, 102-4<person-group>
                     <string-name>
                        <surname>Schiesaro</surname>
                     </string-name>
                  </person-group>
                  <fpage>91</fpage>
                  <volume>40</volume>
                  <source>PCPS</source>
                  <year>1994</year>
               </mixed-citation>
            </p>
            <p>
               <mixed-citation id="d9302e2360" publication-type="book">
A. Gigandet, Fama deum. Lucrece et les
raisons du mythe (Paris, 1998), 398-9<person-group>
                     <string-name>
                        <surname>Gigandet</surname>
                     </string-name>
                  </person-group>
                  <fpage>398</fpage>
                  <source>Fama deum. Lucrece et les raisons du mythe</source>
                  <year>1998</year>
               </mixed-citation>
            </p>
         </fn>
         <fn id="d9302e2390a1310">
            <label>24</label>
            <p>
               <mixed-citation id="d9302e2399" publication-type="other">
Cic. Att. 7.3.4</mixed-citation>
            </p>
            <p>
               <mixed-citation id="d9302e2405" publication-type="other">
11.1, 13.1, 8.11.2</mixed-citation>
            </p>
            <p>
               <mixed-citation id="d9302e2412" publication-type="other">
Caes. B.C.
1.4.4, 7.7</mixed-citation>
            </p>
            <p>
               <mixed-citation id="d9302e2421" publication-type="journal">
App. B.C. 1. 1-25<fpage>1</fpage>
                  <volume>1</volume>
                  <source>B.C.</source>
               </mixed-citation>
            </p>
            <p>
               <mixed-citation id="d9302e2436" publication-type="other">
Fowler (n. 3)</mixed-citation>
            </p>
            <p>
               <mixed-citation id="d9302e2442" publication-type="book">
C. Segal, Lucretius on Death and Anxiety: Poetry and
Philosophy in De Rerum Natura (Princeton, 1990), 212-14<person-group>
                     <string-name>
                        <surname>Segal</surname>
                     </string-name>
                  </person-group>
                  <fpage>212</fpage>
                  <source>Lucretius on Death and Anxiety: Poetry and Philosophy in De Rerum Natura</source>
                  <year>1990</year>
               </mixed-citation>
            </p>
         </fn>
         <fn id="d9302e2471a1310">
            <label>25</label>
            <p>
               <mixed-citation id="d9302e2478" publication-type="other">
Liv. 5.47.1</mixed-citation>
            </p>
            <p>
               <mixed-citation id="d9302e2484" publication-type="other">
4, 6.17.4</mixed-citation>
            </p>
            <p>
               <mixed-citation id="d9302e2490" publication-type="journal">
Virg. Aen.
8.655-62<fpage>655</fpage>
                  <volume>8</volume>
                  <source>Aen.</source>
               </mixed-citation>
            </p>
            <p>
               <mixed-citation id="d9302e2509" publication-type="book">
Aeneadum 1.1<fpage>1</fpage>
                  <volume>1</volume>
                  <source>Aeneadum</source>
               </mixed-citation>
            </p>
            <p>
               <mixed-citation id="d9302e2524" publication-type="book">
Romanis 1.40<fpage>40</fpage>
                  <volume>1</volume>
                  <source>Romanis</source>
               </mixed-citation>
            </p>
            <p>
               <mixed-citation id="d9302e2539" publication-type="book">
Romidularum 4.683<fpage>683</fpage>
                  <volume>4</volume>
                  <source>Romidularum</source>
               </mixed-citation>
            </p>
         </fn>
         <fn id="d9302e2555a1310">
            <label>26</label>
            <p>
               <mixed-citation id="d9302e2562" publication-type="other">
1.183 tempore iniquo</mixed-citation>
            </p>
            <p>
               <mixed-citation id="d9302e2568" publication-type="other">
1.408
talibus in rebus</mixed-citation>
            </p>
            <p>
               <mixed-citation id="d9302e2577" publication-type="other">
2.147 tempore tali</mixed-citation>
            </p>
            <p>
               <mixed-citation id="d9302e2584" publication-type="other">
in tali tempore at 1.93</mixed-citation>
            </p>
            <p>
               <mixed-citation id="d9302e2590" publication-type="other">
Eur. I.A. 1216-22</mixed-citation>
            </p>
            <p>
               <mixed-citation id="d9302e2596" publication-type="other">
I.T 361-3</mixed-citation>
            </p>
            <p>
               <mixed-citation id="d9302e2602" publication-type="other">
Aeschin. 3.77</mixed-citation>
            </p>
            <p>
               <mixed-citation id="d9302e2608" publication-type="book">
P. G. Fowler, 'Lucretian conclusions', in D. H. Roberts,
E M. Dunn, and D. Fowler (edd.), Classical Closure: Reading the End in Greek and Latin
Literature (Princeton, 1997), 112-38<person-group>
                     <string-name>
                        <surname>Fowler</surname>
                     </string-name>
                  </person-group>
                  <fpage>112</fpage>
                  <source>Classical Closure: Reading the End in Greek and Latin Literature</source>
                  <year>1997</year>
               </mixed-citation>
            </p>
            <p>
               <mixed-citation id="d9302e2639" publication-type="book">
D. P. Fowler, Roman Constructions: Readings
in Postmodern Latin (Oxford, 2000), 248-9<person-group>
                     <string-name>
                        <surname>Fowler</surname>
                     </string-name>
                  </person-group>
                  <fpage>248</fpage>
                  <source>Roman Constructions: Readings in Postmodern Latin</source>
                  <year>2000</year>
               </mixed-citation>
            </p>
            <p>
               <mixed-citation id="d9302e2668" publication-type="other">
P. G. Fowler, 116-17</mixed-citation>
            </p>
            <p>
               <mixed-citation id="d9302e2674" publication-type="book">
M. Gale, Myth and Poetry in Lucretius (Cambridge, 1994),
208-33<person-group>
                     <string-name>
                        <surname>Gale</surname>
                     </string-name>
                  </person-group>
                  <fpage>208</fpage>
                  <source>Myth and Poetry in Lucretius</source>
                  <year>1994</year>
               </mixed-citation>
            </p>
            <p>
               <mixed-citation id="d9302e2702" publication-type="book">
D. Feeney, Literature and Religion at Rome: Cultures, Contexts, and Beliefs (Cambridge,
1998), 16, 43-4<person-group>
                     <string-name>
                        <surname>Feeney</surname>
                     </string-name>
                  </person-group>
                  <fpage>43</fpage>
                  <volume>16</volume>
                  <source>Literature and Religion at Rome: Cultures, Contexts, and Beliefs</source>
                  <year>1998</year>
               </mixed-citation>
            </p>
            <p>
               <mixed-citation id="d9302e2733" publication-type="other">
Gigandet (n. 23), 33, 395-408</mixed-citation>
            </p>
            <p>
               <mixed-citation id="d9302e2739" publication-type="book">
R. Jenkyns, Virgil's Experience. Nature and
Wisdom: Times, Names, and Places (Oxford, 1998), ch. 5<person-group>
                     <string-name>
                        <surname>Jenkyns</surname>
                     </string-name>
                  </person-group>
                  <source>Virgil's Experience. Nature and Wisdom: Times, Names, and Places</source>
                  <year>1998</year>
               </mixed-citation>
            </p>
            <p>
               <mixed-citation id="d9302e2763" publication-type="other">
Sedley, (n. 4), ch. 1</mixed-citation>
            </p>
            <p>
               <mixed-citation id="d9302e2770" publication-type="other">
21-8</mixed-citation>
            </p>
            <p>
               <mixed-citation id="d9302e2776" publication-type="other">
Cat. 36.3-4</mixed-citation>
            </p>
            <p>
               <mixed-citation id="d9302e2782" publication-type="other">
11-17</mixed-citation>
            </p>
            <p>
               <mixed-citation id="d9302e2788" publication-type="other">
35.7-18</mixed-citation>
            </p>
         </fn>
      </fn-group>
   </back>
</article>
