<article xmlns:xsi="http://www.w3.org/2001/XMLSchema-instance"
         xmlns:xlink="http://www.w3.org/1999/xlink"
         xmlns:mml="http://www.w3.org/1998/Math/MathML"
         dtd-version="1.0"
         article-type="research-article">
   <front>
      <journal-meta>
         <journal-id journal-id-type="jstor">clasquar</journal-id>
         <journal-id journal-id-type="jstor">j100124</journal-id>
         <journal-title-group>
            <journal-title>The Classical Quarterly</journal-title>
         </journal-title-group>
         <publisher>
            <publisher-name>Oxford University Press</publisher-name>
         </publisher>
         <issn pub-type="ppub">00098388</issn>
         <issn pub-type="epub">14716844</issn>
      </journal-meta>
      <article-meta>
         <article-id pub-id-type="jstor">3556422</article-id>
         <article-categories>
            <subj-group>
               <subject>Shorter Notes</subject>
            </subj-group>
         </article-categories>
         <title-group>
            <article-title>Semonides, fr. 7.41-2</article-title>
         </title-group>
         <contrib-group>
            <contrib contrib-type="author">
               <string-name>
                  <given-names>J. H.</given-names>
                  <surname>Hordern</surname>
               </string-name>
            </contrib>
         </contrib-group>
         <pub-date>
            <day>1</day>
            <month>1</month>
            <year>2002</year>
         </pub-date>
         <volume>52</volume>
         <issue>2</issue>
         <issue-id>i369252</issue-id>
         <fpage>581</fpage>
         <lpage>582</lpage>
         <page-range>581-582</page-range>
         <permissions>
            <copyright-statement>Copyright 2002 Oxford University Press</copyright-statement>
         </permissions>
         <self-uri xlink:href="http://www.jstor.org/stable/3556422"/>
         <custom-meta-group>
            <custom-meta>
               <meta-name>lang</meta-name>
               <meta-value>eng</meta-value>
            </custom-meta>
         </custom-meta-group>
      </article-meta>
   </front>
   <back>
      <fn-group>
         <title>[Footnotes]</title>
         <fn id="d9642e123a1310">
            <label>1</label>
            <p>
               <mixed-citation id="d9642e130" publication-type="book">
D. Gerber, Greek Iambic Poetry
(Cambridge, MA, and London, 1999)<person-group>
                     <string-name>
                        <surname>Gerber</surname>
                     </string-name>
                  </person-group>
                  <source>Greek Iambic Poetry</source>
                  <year>1999</year>
               </mixed-citation>
            </p>
            <p>
               <mixed-citation id="d9642e154" publication-type="book">
M. L. West, Iambi et Elegi Graeci (Oxford, 1989-&lt;latex&gt;$92^2$&lt;/latex&gt;)<person-group>
                     <string-name>
                        <surname>West</surname>
                     </string-name>
                  </person-group>
                  <source>Iambi et Elegi Graeci</source>
                  <year>1992</year>
               </mixed-citation>
            </p>
            <p>
               <mixed-citation id="d9642e175" publication-type="book">
E. Pellizer and G. Tedeschi, Semonide (Rome, 1990)<person-group>
                     <string-name>
                        <surname>Pellizer</surname>
                     </string-name>
                  </person-group>
                  <source>Semonide</source>
                  <year>1990</year>
               </mixed-citation>
            </p>
            <p>
               <mixed-citation id="d9642e197" publication-type="book">
H. Lloyd-Jones, Females of the Species
(London, 1974)<person-group>
                     <string-name>
                        <surname>Lloyd-Jones</surname>
                     </string-name>
                  </person-group>
                  <source>Females of the Species</source>
                  <year>1974</year>
               </mixed-citation>
            </p>
         </fn>
         <fn id="d9642e222a1310">
            <label>2</label>
            <p>
               <mixed-citation id="d9642e229" publication-type="book">
H. Jordan, Hermes 14 (1879), 280-4.<person-group>
                     <string-name>
                        <surname>Jordan</surname>
                     </string-name>
                  </person-group>
                  <fpage>280</fpage>
                  <volume>14</volume>
                  <source>Hermes</source>
                  <year>1879</year>
               </mixed-citation>
            </p>
         </fn>
         <fn id="d9642e258a1310">
            <label>3</label>
            <p>
               <mixed-citation id="d9642e265" publication-type="other">
Hes. Op. 483</mixed-citation>
            </p>
         </fn>
         <fn id="d9642e272a1310">
            <label>4</label>
            <p>
               <mixed-citation id="d9642e279" publication-type="other">
Semon. fr. 7.1</mixed-citation>
            </p>
            <p>
               <mixed-citation id="d9642e285" publication-type="other">
(Lloyd-Jones ad loc.)</mixed-citation>
            </p>
         </fn>
         <fn id="d9642e293a1310">
            <label>5</label>
            <p>
               <mixed-citation id="d9642e300" publication-type="other">
Homer (e.g. Il. 3.158</mixed-citation>
            </p>
            <p>
               <mixed-citation id="d9642e306" publication-type="other">
Archil. fr. 124a</mixed-citation>
            </p>
            <p>
               <mixed-citation id="d9642e312" publication-type="other">
Anacr. fr. ia. 1.1</mixed-citation>
            </p>
         </fn>
      </fn-group>
   </back>
</article>
