<article xmlns:xsi="http://www.w3.org/2001/XMLSchema-instance"
         xmlns:xlink="http://www.w3.org/1999/xlink"
         xmlns:mml="http://www.w3.org/1998/Math/MathML"
         dtd-version="1.0"
         article-type="research-article">
   <front>
      <journal-meta>
         <journal-id journal-id-type="jstor">clasquar</journal-id>
         <journal-id journal-id-type="jstor">j100124</journal-id>
         <journal-title-group>
            <journal-title>The Classical Quarterly</journal-title>
         </journal-title-group>
         <publisher>
            <publisher-name>Oxford University Press</publisher-name>
         </publisher>
         <custom-meta-group>
            <custom-meta>
               <meta-name>journal-series-title</meta-name>
               <meta-value>2</meta-value>
            </custom-meta>
         </custom-meta-group>
         <issn pub-type="ppub">00098388</issn>
         <issn pub-type="epub">14716844</issn>
      </journal-meta>
      <article-meta>
         <article-id pub-id-type="jstor">3556299</article-id>
         <article-categories>
            <subj-group>
               <subject>Shorter Notes</subject>
            </subj-group>
         </article-categories>
         <title-group>
            <article-title> Medea 1250: ΔΥΣΤΥΧΗΣ Δ' ΕΓΩ ΓΥΝΗ </article-title>
         </title-group>
         <contrib-group>
            <contrib contrib-type="author">
               <string-name>
                  <given-names>Howard</given-names>
                  <surname>Jacobson</surname>
               </string-name>
            </contrib>
         </contrib-group>
         <pub-date>
            <day>1</day>
            <month>5</month>
            <year>2004</year>
         </pub-date>
         <volume>54</volume>
         <issue>1</issue>
         <issue-id>i369255</issue-id>
         <fpage>274</fpage>
         <lpage>274</lpage>
         <page-range>274</page-range>
         <permissions>
            <copyright-statement>Copyright 2004 The Classical Association</copyright-statement>
         </permissions>
         <self-uri xlink:href="http://www.jstor.org/stable/3556299"/>
         <custom-meta-group>
            <custom-meta>
               <meta-name>lang</meta-name>
               <meta-value>eng</meta-value>
            </custom-meta>
         </custom-meta-group>
      </article-meta>
   </front>
   <back>
      <fn-group>
         <title>[Footnotes]</title>
         <fn id="d12647e138a1310">
            <label>1</label>
            <p>
               <mixed-citation id="d12647e145" publication-type="other">
Hecuba 785</mixed-citation>
            </p>
         </fn>
         <fn id="d12647e152a1310">
            <label>2</label>
            <p>
               <mixed-citation id="d12647e159" publication-type="other">
Ph. 424</mixed-citation>
            </p>
            <p>
               <mixed-citation id="d12647e165" publication-type="other">
Alc. 882-3</mixed-citation>
            </p>
         </fn>
      </fn-group>
   </back>
</article>
