<article xmlns:xsi="http://www.w3.org/2001/XMLSchema-instance"
         xmlns:xlink="http://www.w3.org/1999/xlink"
         xmlns:mml="http://www.w3.org/1998/Math/MathML"
         dtd-version="1.0"
         article-type="research-article">
   <front>
      <journal-meta>
         <journal-id journal-id-type="jstor">clasquar</journal-id>
         <journal-id journal-id-type="jstor">j100124</journal-id>
         <journal-title-group>
            <journal-title>The Classical Quarterly</journal-title>
         </journal-title-group>
         <publisher>
            <publisher-name>Oxford University Press</publisher-name>
         </publisher>
         <issn pub-type="ppub">00098388</issn>
         <issn pub-type="epub">14716844</issn>
      </journal-meta>
      <article-meta>
         <article-id pub-id-type="jstor">3556430</article-id>
         <article-categories>
            <subj-group>
               <subject>Shorter Notes</subject>
            </subj-group>
         </article-categories>
         <title-group>
            <article-title>The Invention of the Young Cicero</article-title>
         </title-group>
         <contrib-group>
            <contrib contrib-type="author">
               <string-name>
                  <given-names>Sara</given-names>
                  <surname>Rubinelli</surname>
               </string-name>
            </contrib>
         </contrib-group>
         <pub-date>
            <day>1</day>
            <month>1</month>
            <year>2002</year>
         </pub-date>
         <volume>52</volume>
         <issue>2</issue>
         <issue-id>i369252</issue-id>
         <fpage>612</fpage>
         <lpage>615</lpage>
         <page-range>612-615</page-range>
         <permissions>
            <copyright-statement>Copyright 2002 Oxford University Press</copyright-statement>
         </permissions>
         <self-uri xlink:href="http://www.jstor.org/stable/3556430"/>
         <custom-meta-group>
            <custom-meta>
               <meta-name>lang</meta-name>
               <meta-value>eng</meta-value>
            </custom-meta>
         </custom-meta-group>
      </article-meta>
   </front>
   <back>
      <fn-group>
         <title>[Footnotes]</title>
         <fn id="d9684e123a1310">
            <label>2</label>
            <p>
               <mixed-citation id="d9684e130" publication-type="journal">
E Solmsen, 'The Aristotelian tradition in ancient rhetoric', AJP 62 (1941), 35-50 and
169-90<object-id pub-id-type="doi">10.2307/291223</object-id>
                  <fpage>35</fpage>
               </mixed-citation>
            </p>
            <p>
               <mixed-citation id="d9684e145" publication-type="book">
R. L. Enos and L. P. Agnew (edd.), Landmark Essays on Aristolelian
Rhetoric (Mahwah, 1998), 215-43<person-group>
                     <string-name>
                        <surname>Enos</surname>
                     </string-name>
                  </person-group>
                  <fpage>215</fpage>
                  <source>Landmark Essays on Aristolelian Rhetoric</source>
                  <year>1998</year>
               </mixed-citation>
            </p>
            <p>
               <mixed-citation id="d9684e173" publication-type="book">
G. Kennedy, The Art of Rhetoric in the Roman World
(Princeton, 1972), 103-48<person-group>
                     <string-name>
                        <surname>Kennedy</surname>
                     </string-name>
                  </person-group>
                  <fpage>103</fpage>
                  <source>The Art of Rhetoric in the Roman World</source>
                  <year>1972</year>
               </mixed-citation>
            </p>
         </fn>
         <fn id="d9684e202a1310">
            <label>3</label>
            <p>
               <mixed-citation id="d9684e209" publication-type="book">
G. Achard (ed.), 'Cicéron, De l'Invention (Paris, 1994)<person-group>
                     <string-name>
                        <surname>Achard</surname>
                     </string-name>
                  </person-group>
                  <source>'Cicéron, De l'Invention</source>
                  <year>1994</year>
               </mixed-citation>
            </p>
         </fn>
         <fn id="d9684e231a1310">
            <label>4</label>
            <p>
               <mixed-citation id="d9684e238" publication-type="book">
H. M. Hubbell (trans.), 'Cicero's De inuentione, De Optimo Genere Oratorum, Topica
(Harvard, 1976), xi<person-group>
                     <string-name>
                        <surname>Hubbell</surname>
                     </string-name>
                  </person-group>
                  <fpage>xi</fpage>
                  <source>'Cicero's De inuentione, De Optimo Genere Oratorum, Topica</source>
                  <year>1976</year>
               </mixed-citation>
            </p>
         </fn>
         <fn id="d9684e267a1310">
            <label>5</label>
            <p>
               <mixed-citation id="d9684e274" publication-type="book">
J. Brunschwig's Introduction in Aristote, Topiques I, livres I-IV (Paris, 1967), vii-cxliii<person-group>
                     <string-name>
                        <surname>Brunschwig</surname>
                     </string-name>
                  </person-group>
                  <comment content-type="section">Introduction</comment>
                  <fpage>vii</fpage>
                  <volume>I</volume>
                  <source>Aristote, Topiques</source>
                  <year>1967</year>
               </mixed-citation>
            </p>
            <p>
               <mixed-citation id="d9684e305" publication-type="book">
O. Primavesi, 'Die Aristotelische Topik', Zetemata (1996)<person-group>
                     <string-name>
                        <surname>Primavesi</surname>
                     </string-name>
                  </person-group>
                  <comment content-type="section">Die Aristotelische Topik</comment>
                  <source>Zetemata</source>
                  <year>1996</year>
               </mixed-citation>
            </p>
         </fn>
         <fn id="d9684e331a1310">
            <label>6</label>
            <p>
               <mixed-citation id="d9684e338" publication-type="book">
W. D. Ross (ed.), Aristotelis Topica et Sophistici Elenchi (Oxford, 1958)<person-group>
                     <string-name>
                        <surname>Ross</surname>
                     </string-name>
                  </person-group>
                  <source>Aristotelis Topica et Sophistici Elenchi</source>
                  <year>1958</year>
               </mixed-citation>
            </p>
         </fn>
         <fn id="d9684e360a1310">
            <label>7</label>
            <p>
               <mixed-citation id="d9684e367" publication-type="book">
Aristotle in Topics 139b12-17<person-group>
                     <string-name>
                        <surname>Aristotle</surname>
                     </string-name>
                  </person-group>
                  <fpage>139b12</fpage>
                  <source>Topics</source>
               </mixed-citation>
            </p>
         </fn>
         <fn id="d9684e389a1310">
            <label>8</label>
            <p>
               <mixed-citation id="d9684e396" publication-type="book">
G. Achard (ed.), Rhetorique d Herennius (Paris, 1989)<person-group>
                     <string-name>
                        <surname>Achard</surname>
                     </string-name>
                  </person-group>
                  <source>Rhetorique d Herennius</source>
                  <year>1989</year>
               </mixed-citation>
            </p>
         </fn>
         <fn id="d9684e418a1310">
            <label>9</label>
            <p>
               <mixed-citation id="d9684e425" publication-type="book">
E Marx (ed.), Ad C Herennium libri IV (Lipsiae, 1894)<person-group>
                     <string-name>
                        <surname>Marx</surname>
                     </string-name>
                  </person-group>
                  <source>Ad C Herennium libri IV</source>
                  <year>1894</year>
               </mixed-citation>
            </p>
            <p>
               <mixed-citation id="d9684e446" publication-type="other">
Achard (n. 3)</mixed-citation>
            </p>
         </fn>
         <fn id="d9684e453a1310">
            <label>10</label>
            <p>
               <mixed-citation id="d9684e460" publication-type="other">
Achard (n. 3), 88</mixed-citation>
            </p>
            <p>
               <mixed-citation id="d9684e466" publication-type="book">
Rhetorica ad Herennium 2.34<fpage>34</fpage>
                  <volume>2</volume>
                  <source>Rhetorica ad Herennium</source>
               </mixed-citation>
            </p>
         </fn>
      </fn-group>
   </back>
</article>
