<article xmlns:xsi="http://www.w3.org/2001/XMLSchema-instance"
         xmlns:xlink="http://www.w3.org/1999/xlink"
         xmlns:mml="http://www.w3.org/1998/Math/MathML"
         dtd-version="1.0"
         article-type="research-article">
   <front>
      <journal-meta>
         <journal-id journal-id-type="jstor">clasquar</journal-id>
         <journal-id journal-id-type="jstor">j100124</journal-id>
         <journal-title-group>
            <journal-title>The Classical Quarterly</journal-title>
         </journal-title-group>
         <publisher>
            <publisher-name>Oxford University Press</publisher-name>
         </publisher>
         <issn pub-type="ppub">00098388</issn>
         <issn pub-type="epub">14716844</issn>
      </journal-meta>
      <article-meta>
         <article-id pub-id-type="jstor">3556458</article-id>
         <title-group>
            <article-title>The Speech of Nature in Lucretius' "De Rerum Natura" 3.931-71</article-title>
         </title-group>
         <contrib-group>
            <contrib contrib-type="author">
               <string-name>
                  <given-names>Tobias</given-names>
                  <surname>Reinhardt</surname>
               </string-name>
            </contrib>
         </contrib-group>
         <pub-date>
            <day>1</day>
            <month>1</month>
            <year>2002</year>
         </pub-date>
         <volume>52</volume>
         <issue>1</issue>
         <issue-id>i369251</issue-id>
         <fpage>291</fpage>
         <lpage>304</lpage>
         <page-range>291-304</page-range>
         <permissions>
            <copyright-statement/>
         </permissions>
         <self-uri xlink:href="http://www.jstor.org/stable/3556458"/>
         <custom-meta-group>
            <custom-meta>
               <meta-name>lang</meta-name>
               <meta-value>eng</meta-value>
            </custom-meta>
         </custom-meta-group>
      </article-meta>
   </front>
   <back>
      <fn-group>
         <title>[Footnotes]</title>
         <fn id="d2042e113a1310">
            <label>1</label>
            <p>
               <mixed-citation id="d2042e120" publication-type="book">
G. Striker, 'Commentary on Mitsis',
Proceedings of the Boston Area Colloquium for Ancient Philosophy 4 (1988), 323-8<person-group>
                     <string-name>
                        <surname>Striker</surname>
                     </string-name>
                  </person-group>
                  <comment content-type="section">Commentary on Mitsis</comment>
                  <fpage>323</fpage>
                  <volume>4</volume>
                  <source>Proceedings of the Boston Area Colloquium for Ancient Philosophy</source>
                  <year>1988</year>
               </mixed-citation>
            </p>
         </fn>
         <fn id="d2042e155a1310">
            <label>2</label>
            <p>
               <mixed-citation id="d2042e162" publication-type="book">
G. Striker, 'Epicurean hedonism', in Essays on Hellenistic Epistemology and Ethics
(Cambridge, 1996), 196-208<person-group>
                     <string-name>
                        <surname>Striker</surname>
                     </string-name>
                  </person-group>
                  <comment content-type="section">Epicurean hedonism</comment>
                  <fpage>196</fpage>
                  <source>Essays on Hellenistic Epistemology and Ethics</source>
                  <year>1996</year>
               </mixed-citation>
            </p>
         </fn>
         <fn id="d2042e194a1310">
            <label>3</label>
            <p>
               <mixed-citation id="d2042e201" publication-type="book">
M. Jufresa, 'Il tempo e il sapiente Epicureo', in G. Giannantoni and M. Gigante (edd.),
Epicureismo Greco e Romano 1 (Naples, 1996), 287-98.<person-group>
                     <string-name>
                        <surname>Jufresa</surname>
                     </string-name>
                  </person-group>
                  <comment content-type="section">Il tempo e il sapiente Epicureo</comment>
                  <fpage>287</fpage>
                  <volume>1</volume>
                  <source>Epicureismo Greco e Romano</source>
                  <year>1996</year>
               </mixed-citation>
            </p>
         </fn>
         <fn id="d2042e236a1310">
            <label>4</label>
            <p>
               <mixed-citation id="d2042e243" publication-type="journal">
K. Kleve, 'What kind of work did Lucretius write?', Symbolae Osloenses 54 (1979), 81-5<person-group>
                     <string-name>
                        <surname>Kleve</surname>
                     </string-name>
                  </person-group>
                  <fpage>81</fpage>
                  <volume>54</volume>
                  <source>Symbolae Osloenses</source>
                  <year>1979</year>
               </mixed-citation>
            </p>
            <p>
               <mixed-citation id="d2042e271" publication-type="book">
D. Clay, Lucretius and Epicurus (Ithaca, 1983), 212ff.<person-group>
                     <string-name>
                        <surname>Clay</surname>
                     </string-name>
                  </person-group>
                  <fpage>212</fpage>
                  <source>Lucretius and Epicurus</source>
                  <year>1983</year>
               </mixed-citation>
            </p>
            <p>
               <mixed-citation id="d2042e295" publication-type="journal">
P. Mitsis, 'Committing philosophy on
the reader: didactic coercion and reader autonomy in De rerum natura', in Mega Nepios. II
destinatario nell' epos didascalico, MD 31 (1993), 111-28<person-group>
                     <string-name>
                        <surname>Mitsis</surname>
                     </string-name>
                  </person-group>
                  <fpage>111</fpage>
                  <volume>31</volume>
                  <source>Mega Nepios. II destinatario nell' epos didascalico</source>
                  <year>1993</year>
               </mixed-citation>
            </p>
         </fn>
         <fn id="d2042e331a1310">
            <label>5</label>
            <p>
               <mixed-citation id="d2042e338" publication-type="other">
below, n. 37</mixed-citation>
            </p>
         </fn>
         <fn id="d2042e345a1310">
            <label>7</label>
            <p>
               <mixed-citation id="d2042e352" publication-type="book">
E. J. Kenney, Lucretius-De Rerum Natura Book 3 (Cambridge, 1971)<person-group>
                     <string-name>
                        <surname>Kenney</surname>
                     </string-name>
                  </person-group>
                  <volume>3</volume>
                  <source>Lucretius-De Rerum Natura Book</source>
                  <year>1971</year>
               </mixed-citation>
            </p>
            <p>
               <mixed-citation id="d2042e376" publication-type="book">
R. Heinze, T Lucretius Carus-De Rerum Natura
Buch III (Leipzig, 1897)<person-group>
                     <string-name>
                        <surname>Heinze</surname>
                     </string-name>
                  </person-group>
                  <volume>III</volume>
                  <source>T Lucretius Carus-De Rerum Natura Buch</source>
                  <year>1897</year>
               </mixed-citation>
            </p>
            <p>
               <mixed-citation id="d2042e404" publication-type="book">
C. Bailey, Titi Lucreti Cari De Rerum Natura Libri sex (Oxford, 1947)<person-group>
                     <string-name>
                        <surname>Bailey</surname>
                     </string-name>
                  </person-group>
                  <source>Titi Lucreti Cari De Rerum Natura Libri sex</source>
                  <year>1947</year>
               </mixed-citation>
            </p>
         </fn>
         <fn id="d2042e426a1310">
            <label>9</label>
            <p>
               <mixed-citation id="d2042e433" publication-type="book">
T. Stork, Nil igitur mors est ad nos-Der Schluflteil des dritten Lukrezbuchs und sein
Verhältnis zur Konsolationsliteratur (Bonn, 1970)<person-group>
                     <string-name>
                        <surname>Stork</surname>
                     </string-name>
                  </person-group>
                  <source>Nil igitur mors est ad nos-Der Schluflteil des dritten Lukrezbuchs und sein Verhältnis zur Konsolationsliteratur</source>
                  <year>1970</year>
               </mixed-citation>
            </p>
         </fn>
         <fn id="d2042e458a1310">
            <label>10</label>
            <p>
               <mixed-citation id="d2042e465" publication-type="other">
Bailey (n. 7), vol. 2, at 1149ff.</mixed-citation>
            </p>
         </fn>
         <fn id="d2042e472a1310">
            <label>11</label>
            <p>
               <mixed-citation id="d2042e479" publication-type="other">
Stobaeum, Florilegium 3.1.98</mixed-citation>
            </p>
            <p>
               <mixed-citation id="d2042e485" publication-type="book">
J. E Kindstrand, Bion of Borysthenes (Uppsala, 1976)<person-group>
                     <string-name>
                        <surname>Kindstrand</surname>
                     </string-name>
                  </person-group>
                  <source>Bion of Borysthenes</source>
                  <year>1976</year>
               </mixed-citation>
            </p>
            <p>
               <mixed-citation id="d2042e506" publication-type="book">
B. Price Wallach, Lucretius and the Diatribe
Against the Fear of Death (Leiden, 1976), 61-83<person-group>
                     <string-name>
                        <surname>Wallach</surname>
                     </string-name>
                  </person-group>
                  <fpage>61</fpage>
                  <source>Lucretius and the Diatribe Against the Fear of Death</source>
                  <year>1976</year>
               </mixed-citation>
            </p>
         </fn>
         <fn id="d2042e535a1310">
            <label>12</label>
            <p>
               <mixed-citation id="d2042e542" publication-type="other">
Wallach (n. 11), at 63</mixed-citation>
            </p>
         </fn>
         <fn id="d2042e550a1310">
            <label>13</label>
            <p>
               <mixed-citation id="d2042e557" publication-type="book">
H. A. J. Munro, T Lucreti Cari De Rerum Natura Libri &lt;latex&gt;$sex^4$&lt;/latex&gt; 2 (London, 1928)<person-group>
                     <string-name>
                        <surname>Munro</surname>
                     </string-name>
                  </person-group>
                  <volume>2</volume>
                  <source>T Lucreti Cari De Rerum Natura Libri $sex^4$</source>
                  <year>1928</year>
               </mixed-citation>
            </p>
         </fn>
         <fn id="d2042e582a1310">
            <label>14</label>
            <p>
               <mixed-citation id="d2042e589" publication-type="other">
TLL 5.1.528.18</mixed-citation>
            </p>
            <p>
               <mixed-citation id="d2042e595" publication-type="other">
George. 1.461</mixed-citation>
            </p>
            <p>
               <mixed-citation id="d2042e601" publication-type="book">
R. A. B.
Mynors, Virgil-Georgics (Oxford, 1990)<person-group>
                     <string-name>
                        <surname>Mynors</surname>
                     </string-name>
                  </person-group>
                  <source>Virgil-Georgics</source>
                  <year>1990</year>
               </mixed-citation>
            </p>
         </fn>
         <fn id="d2042e626a1310">
            <label>15</label>
            <p>
               <mixed-citation id="d2042e633" publication-type="book">
W. Görler, 'Storing up past pleasures', in K. A. Algra, M. H. Koenen, and P. H.
Schrijvers (edd.), Lucretius and his Intellectual Background (Amsterdam, Oxford, New York, and
Tokyo, 1997), 193-207<person-group>
                     <string-name>
                        <surname>Görler</surname>
                     </string-name>
                  </person-group>
                  <comment content-type="section">Storing up past pleasures</comment>
                  <fpage>193</fpage>
                  <source>Lucretius and his Intellectual Background</source>
                  <year>1997</year>
               </mixed-citation>
            </p>
         </fn>
         <fn id="d2042e668a1310">
            <label>17</label>
            <p>
               <mixed-citation id="d2042e675" publication-type="book">
M. C. Nussbaum, The Therapy of Desire-Theory and Practice in Hellenistic Ethics
(Princeton, 1994), at 211<person-group>
                     <string-name>
                        <surname>Nussbaum</surname>
                     </string-name>
                  </person-group>
                  <fpage>211</fpage>
                  <source>The Therapy of Desire-Theory and Practice in Hellenistic Ethics</source>
                  <year>1994</year>
               </mixed-citation>
            </p>
         </fn>
         <fn id="d2042e704a1310">
            <label>18</label>
            <p>
               <mixed-citation id="d2042e711" publication-type="other">
Stobaeum, Florilegium 3.1.98 = fr. 68
Kindstrand</mixed-citation>
            </p>
            <p>
               <mixed-citation id="d2042e720" publication-type="other">
Wallach [n. 11], 65-6</mixed-citation>
            </p>
         </fn>
         <fn id="d2042e727a1310">
            <label>19</label>
            <p>
               <mixed-citation id="d2042e734" publication-type="other">
Kenney on 945</mixed-citation>
            </p>
         </fn>
         <fn id="d2042e742a1310">
            <label>20</label>
            <p>
               <mixed-citation id="d2042e749" publication-type="other">
Striker (n. 2), at 207</mixed-citation>
            </p>
         </fn>
         <fn id="d2042e756a1310">
            <label>22</label>
            <p>
               <mixed-citation id="d2042e765" publication-type="other">
Cic. Fin. 1.49</mixed-citation>
            </p>
            <p>
               <mixed-citation id="d2042e771" publication-type="book">
J. Cooper, 'Greek
philosophers on euthanasia and suicide', in id., Reason and Emotion-Essays in Ancient Moral
Psychology and Ethical Theory (Princeton, 1999), 515-41<person-group>
                     <string-name>
                        <surname>Cooper</surname>
                     </string-name>
                  </person-group>
                  <comment content-type="section">Greek philosophers on euthanasia and suicide</comment>
                  <fpage>515</fpage>
                  <source>Reason and Emotion-Essays in Ancient Moral Psychology and Ethical Theory</source>
                  <year>1999</year>
               </mixed-citation>
            </p>
            <p>
               <mixed-citation id="d2042e806" publication-type="book">
W. Englert, 'Stoics and Epicureans on
the nature of suicide', Proceedings of the Boston Area Colloquium in Ancient Philosophy 10 (1994),
67-98<person-group>
                     <string-name>
                        <surname>Englert</surname>
                     </string-name>
                  </person-group>
                  <comment content-type="section">Stoics and Epicureans on the nature of suicide</comment>
                  <fpage>67</fpage>
                  <volume>10</volume>
                  <source>Proceedings of the Boston Area Colloquium in Ancient Philosophy</source>
                  <year>1994</year>
               </mixed-citation>
            </p>
         </fn>
         <fn id="d2042e844a1310">
            <label>24</label>
            <p>
               <mixed-citation id="d2042e851" publication-type="other">
Heinze, ad loc.</mixed-citation>
            </p>
            <p>
               <mixed-citation id="d2042e857" publication-type="other">
Stork (n. 9), at 82</mixed-citation>
            </p>
            <p>
               <mixed-citation id="d2042e863" publication-type="book">
H.-T. Johann, Trauer und Trost. Eine quellen- und
strukturanalytische Untersuchung der philosophischen Trostschriften über den Tod (Munich, 1968),
at 88, n. 403<person-group>
                     <string-name>
                        <surname>Johann</surname>
                     </string-name>
                  </person-group>
                  <fpage>88</fpage>
                  <source>Trauer und Trost. Eine quellen- und strukturanalytische Untersuchung der philosophischen Trostschriften über den Tod</source>
                  <year>1968</year>
               </mixed-citation>
            </p>
         </fn>
         <fn id="d2042e895a1310">
            <label>25</label>
            <p>
               <mixed-citation id="d2042e902" publication-type="journal">
C. Rambaux, 'La logique de l'argu-
mentation dans le De Rerum Natura, III, 830-1094', Revue des Etudes Latines 58 (1980), 201-19,
at 204<person-group>
                     <string-name>
                        <surname>Rambaux</surname>
                     </string-name>
                  </person-group>
                  <fpage>201</fpage>
                  <volume>58</volume>
                  <source>Revue des Etudes Latines</source>
                  <year>1980</year>
               </mixed-citation>
            </p>
         </fn>
         <fn id="d2042e937a1310">
            <label>27</label>
            <p>
               <mixed-citation id="d2042e944" publication-type="other">
Heinze notes on 3.959</mixed-citation>
            </p>
            <p>
               <mixed-citation id="d2042e950" publication-type="other">
Ausleger zu Sall. Cat. 54, 24</mixed-citation>
            </p>
            <p>
               <mixed-citation id="d2042e956" publication-type="other">
Liv. III 17, 2</mixed-citation>
            </p>
         </fn>
         <fn id="d2042e963a1310">
            <label>28</label>
            <p>
               <mixed-citation id="d2042e970" publication-type="book">
W. Richter, Textstudien zu Lukrez (Munich, 1974), at
50-2<person-group>
                     <string-name>
                        <surname>Richter</surname>
                     </string-name>
                  </person-group>
                  <fpage>50</fpage>
                  <source>Textstudien zu Lukrez</source>
                  <year>1974</year>
               </mixed-citation>
            </p>
            <p>
               <mixed-citation id="d2042e998" publication-type="journal">
G. Kloss, 'Zum Text von Lukrez 3.962', RhM 139 (1996), 360-3<person-group>
                     <string-name>
                        <surname>Kloss</surname>
                     </string-name>
                  </person-group>
                  <fpage>360</fpage>
                  <volume>139</volume>
                  <source>RhM</source>
                  <year>1996</year>
               </mixed-citation>
            </p>
         </fn>
         <fn id="d2042e1028a1310">
            <label>30</label>
            <p>
               <mixed-citation id="d2042e1035" publication-type="book">
W. H. D. Rouse and M. F Smith, Lucretius-De Rerum Natura (Cambridge, MA and
London, 1992).<person-group>
                     <string-name>
                        <surname>Rouse</surname>
                     </string-name>
                  </person-group>
                  <source>Lucretius-De Rerum Natura</source>
                  <year>1992</year>
               </mixed-citation>
            </p>
         </fn>
         <fn id="d2042e1060a1310">
            <label>31</label>
            <p>
               <mixed-citation id="d2042e1067" publication-type="book">
R.
Kühner and C. Stegmann, Ausführliche Grammatik der Lateinischen Sprache 2 (Darmstadt,
1992), §214.1b.3<person-group>
                     <string-name>
                        <surname>Kühner</surname>
                     </string-name>
                  </person-group>
                  <fpage>214</fpage>
                  <volume>2</volume>
                  <source>Ausführliche Grammatik der Lateinischen Sprache</source>
                  <year>1992</year>
               </mixed-citation>
            </p>
            <p>
               <mixed-citation id="d2042e1101" publication-type="other">
Kenney on si in 946, 948</mixed-citation>
            </p>
         </fn>
         <fn id="d2042e1108a1310">
            <label>32</label>
            <p>
               <mixed-citation id="d2042e1115" publication-type="other">
Serv. In Verg. Aen. 11.160</mixed-citation>
            </p>
         </fn>
         <fn id="d2042e1122a1310">
            <label>34</label>
            <p>
               <mixed-citation id="d2042e1129" publication-type="book">
C. P. Craig, Form as Argument in Cicero's Speeches (Atlanta, 1993)<person-group>
                     <string-name>
                        <surname>Craig</surname>
                     </string-name>
                  </person-group>
                  <source>Form as Argument in Cicero's Speeches</source>
                  <year>1993</year>
               </mixed-citation>
            </p>
            <p>
               <mixed-citation id="d2042e1150" publication-type="journal">
D. H. Berry, JRS 86 (1996), 201-7<object-id pub-id-type="doi">10.2307/300444</object-id>
                  <fpage>201</fpage>
               </mixed-citation>
            </p>
         </fn>
         <fn id="d2042e1163a1310">
            <label>36</label>
            <p>
               <mixed-citation id="d2042e1170" publication-type="book">
M. Wigodsky, 'The alleged
impossibility of philosophical poetry', in D. Obbink (ed.), Philodemus and Poetry (Oxford and
New York, 1995), 58-68, at 62-3<person-group>
                     <string-name>
                        <surname>Wigodsky</surname>
                     </string-name>
                  </person-group>
                  <comment content-type="section">The alleged impossibility of philosophical poetry</comment>
                  <fpage>58</fpage>
                  <source>Philodemus and Poetry</source>
                  <year>1995</year>
               </mixed-citation>
            </p>
         </fn>
         <fn id="d2042e1205a1310">
            <label>37</label>
            <p>
               <mixed-citation id="d2042e1214" publication-type="book">
P. H. Schrijvers, 'Eléments psychagogiques dans l'oeuvre de Lucrèce', Actes du VIIIe Congrès
de l'Assoc. G. Budé (Paris, 1969), 370-6<person-group>
                     <string-name>
                        <surname>Schrijvers</surname>
                     </string-name>
                  </person-group>
                  <comment content-type="section">Eléments psychagogiques dans l'oeuvre de Lucrèce</comment>
                  <fpage>370</fpage>
                  <source>Actes du VIIIe Congrès de l'Assoc</source>
                  <year>1969</year>
               </mixed-citation>
            </p>
            <p>
               <mixed-citation id="d2042e1245" publication-type="book">
D. Clay, Lucretius and Epicurus (Ithaca, 1983), 176-85<person-group>
                     <string-name>
                        <surname>Clay</surname>
                     </string-name>
                  </person-group>
                  <fpage>176</fpage>
                  <source>Lucretius and Epicurus</source>
                  <year>1983</year>
               </mixed-citation>
            </p>
            <p>
               <mixed-citation id="d2042e1270" publication-type="journal">
A. Schiesaro, 'The palingenesis of De Rerum Natura', PCPhS 40 (1994), 81-107<person-group>
                     <string-name>
                        <surname>Schiesaro</surname>
                     </string-name>
                  </person-group>
                  <fpage>81</fpage>
                  <volume>40</volume>
                  <source>PCPhS</source>
                  <year>1994</year>
               </mixed-citation>
            </p>
            <p>
               <mixed-citation id="d2042e1298" publication-type="book">
M. Erler,
'Einübung und Anverwandlung. Reflexe mündlicher Meditationstechnik in philosophischer
Literatur der Kaiserzeit', in W Kullmann, J. Althoff, and M. Asper (edd.), Gattungen wissen-
schaftlicher Literatur in der Antike (Tübingen, 1998), 361-81<person-group>
                     <string-name>
                        <surname>Erler</surname>
                     </string-name>
                  </person-group>
                  <comment content-type="section">Einübung und Anverwandlung. Reflexe mündlicher Meditationstechnik in philosophischer Literatur der Kaiserzeit</comment>
                  <fpage>361</fpage>
                  <source>Gattungen wissenschaftlicher Literatur in der Antike</source>
                  <year>1998</year>
               </mixed-citation>
            </p>
         </fn>
      </fn-group>
   </back>
</article>
