<article xmlns:xsi="http://www.w3.org/2001/XMLSchema-instance"
         xmlns:xlink="http://www.w3.org/1999/xlink"
         xmlns:mml="http://www.w3.org/1998/Math/MathML"
         dtd-version="1.0"
         article-type="research-article">
   <front>
      <journal-meta>
         <journal-id journal-id-type="jstor">clasquar</journal-id>
         <journal-id journal-id-type="jstor">j100124</journal-id>
         <journal-title-group>
            <journal-title>The Classical Quarterly</journal-title>
         </journal-title-group>
         <publisher>
            <publisher-name>Oxford University Press</publisher-name>
         </publisher>
         <issn pub-type="ppub">00098388</issn>
         <issn pub-type="epub">14716844</issn>
      </journal-meta>
      <article-meta>
         <article-id pub-id-type="jstor">3556344</article-id>
         <title-group>
            <article-title>Paul, Gaius, and the 'Law of Persons': The Conceptualization of Roman Law in the Early Classical Period</article-title>
         </title-group>
         <contrib-group>
            <contrib contrib-type="author">
               <string-name>
                  <given-names>Will</given-names>
                  <surname>Deming</surname>
               </string-name>
            </contrib>
         </contrib-group>
         <pub-date>
            <day>1</day>
            <month>1</month>
            <year>2001</year>
         </pub-date>
         <volume>51</volume>
         <issue>1</issue>
         <issue-id>i369249</issue-id>
         <fpage>218</fpage>
         <lpage>230</lpage>
         <page-range>218-230</page-range>
         <permissions>
            <copyright-statement/>
         </permissions>
         <self-uri xlink:href="http://www.jstor.org/stable/3556344"/>
         <custom-meta-group>
            <custom-meta>
               <meta-name>lang</meta-name>
               <meta-value>eng</meta-value>
            </custom-meta>
         </custom-meta-group>
      </article-meta>
   </front>
   <back>
      <fn-group>
         <title>[Footnotes]</title>
         <fn id="d9435e113a1310">
            <label>1</label>
            <p>
               <mixed-citation id="d9435e120" publication-type="book">
C. E. B. Cranfield, A Critical and Exegetical Commentary on the Epistle to the
Romans, 2 vols (Edinburgh, 1975-9)<person-group>
                     <string-name>
                        <surname>Cranfield</surname>
                     </string-name>
                  </person-group>
                  <source>A Critical and Exegetical Commentary on the Epistle to the Romans</source>
                  <year>1979</year>
               </mixed-citation>
            </p>
            <p>
               <mixed-citation id="d9435e144" publication-type="book">
J. A. Fitzmyer, Romans (Garden City, NY, 1993)<person-group>
                     <string-name>
                        <surname>Fitzmyer</surname>
                     </string-name>
                  </person-group>
                  <source>Romans</source>
                  <year>1993</year>
               </mixed-citation>
            </p>
            <p>
               <mixed-citation id="d9435e165" publication-type="book">
Manfred
Fuhrmann, Das systematische Lehrbuch (Göttingen, 1960)<person-group>
                     <string-name>
                        <surname>Fuhrmann</surname>
                     </string-name>
                  </person-group>
                  <source>Das systematische Lehrbuch</source>
                  <year>1960</year>
               </mixed-citation>
            </p>
            <p>
               <mixed-citation id="d9435e190" publication-type="book">
F Stanley Jones, 'Freiheit' in den
Briefen des Apostels Paulus (Göttingen, 1987)<person-group>
                     <string-name>
                        <surname>Jones</surname>
                     </string-name>
                  </person-group>
                  <source>'Freiheit' in den Briefen des Apostels Paulus</source>
                  <year>1987</year>
               </mixed-citation>
            </p>
            <p>
               <mixed-citation id="d9435e214" publication-type="journal">
Detlef Liebs, 'Rechtsschulen und Rechtsunterricht
im Prinzipat', ANRW 2.15 (1976), 197-286<person-group>
                     <string-name>
                        <surname>Liebs</surname>
                     </string-name>
                  </person-group>
                  <issue>15</issue>
                  <fpage>197</fpage>
                  <volume>2</volume>
                  <source>ANRW</source>
                  <year>1976</year>
               </mixed-citation>
            </p>
            <p>
               <mixed-citation id="d9435e248" publication-type="book">
Peter Stein, 'The development of the institutional
system', in P. G. Stein and A.D.E. Lewis (edd.), Studies in Justinian's Institutes (London, 1983),
151-63<person-group>
                     <string-name>
                        <surname>Stein</surname>
                     </string-name>
                  </person-group>
                  <comment content-type="section">The development of the institutional system</comment>
                  <fpage>151</fpage>
                  <source>Studies in Justinian's Institutes</source>
                  <year>1983</year>
               </mixed-citation>
            </p>
            <p>
               <mixed-citation id="d9435e282" publication-type="book">
Alan Watson, Law Making in the Later Roman Republic (Oxford, 1974)<person-group>
                     <string-name>
                        <surname>Watson</surname>
                     </string-name>
                  </person-group>
                  <source>Law Making in the Later Roman Republic</source>
                  <year>1974</year>
               </mixed-citation>
            </p>
            <p>
               <mixed-citation id="d9435e303" publication-type="book">
Franz Wieacker,
Römische Rechtsgeschichte 1 (Munich, 1988)<person-group>
                     <string-name>
                        <surname>Wieacker</surname>
                     </string-name>
                  </person-group>
                  <volume>1</volume>
                  <source>Römische Rechtsgeschichte</source>
                  <year>1988</year>
               </mixed-citation>
            </p>
            <p>
               <mixed-citation id="d9435e331" publication-type="journal">
id., 'Über das Verhältnis der römischen Fachjuris-
prudenz zur griechisch-hellenistischen Theorie', Iura 20 (1969), 448-77<person-group>
                     <string-name>
                        <surname>Wieacker</surname>
                     </string-name>
                  </person-group>
                  <fpage>448</fpage>
                  <volume>20</volume>
                  <source>Iura</source>
                  <year>1969</year>
               </mixed-citation>
            </p>
         </fn>
         <fn id="d9435e363a1310">
            <label>2</label>
            <p>
               <mixed-citation id="d9435e370" publication-type="journal">
Gai. Inst. 1.9<fpage>9</fpage>
                  <volume>1</volume>
                  <source>Inst.</source>
               </mixed-citation>
            </p>
            <p>
               <mixed-citation id="d9435e385" publication-type="other">
1.48 and 2.1 (see next note)</mixed-citation>
            </p>
         </fn>
         <fn id="d9435e392a1310">
            <label>3</label>
            <p>
               <mixed-citation id="d9435e399" publication-type="other">
Superiore commentario de iure personarum exposuimus; modo uideamus de rebus (cf. 4.1)</mixed-citation>
            </p>
            <p>
               <mixed-citation id="d9435e405" publication-type="journal">
Gai. Epitome 2.1 pr<fpage>1</fpage>
                  <volume>2</volume>
                  <source>Gai. Epitome</source>
               </mixed-citation>
            </p>
         </fn>
         <fn id="d9435e421a1310">
            <label>4</label>
            <p>
               <mixed-citation id="d9435e428" publication-type="journal">
Gerhard von Beseler, 'Einzelne Stellen', ZRG 46 (1928), 268<person-group>
                     <string-name>
                        <surname>von Beseler</surname>
                     </string-name>
                  </person-group>
                  <fpage>268</fpage>
                  <volume>46</volume>
                  <source>ZRG</source>
                  <year>1928</year>
               </mixed-citation>
            </p>
            <p>
               <mixed-citation id="d9435e456" publication-type="other">
de
iure at 1.9</mixed-citation>
            </p>
         </fn>
         <fn id="d9435e467a1310">
            <label>5</label>
            <p>
               <mixed-citation id="d9435e474" publication-type="other">
Fuhrmann, 104-15</mixed-citation>
            </p>
         </fn>
         <fn id="d9435e481a1310">
            <label>6</label>
            <p>
               <mixed-citation id="d9435e488" publication-type="other">
Fuhrmann, 108, n. 1 and 109</mixed-citation>
            </p>
            <p>
               <mixed-citation id="d9435e494" publication-type="book">
Reinhard Zimmermann, The Law of Obligations (Cape
Town and Boston, 1990; repr. 1992), 26<person-group>
                     <string-name>
                        <surname>Zimmermann</surname>
                     </string-name>
                  </person-group>
                  <fpage>26</fpage>
                  <source>The Law of Obligations</source>
                  <year>1992</year>
               </mixed-citation>
            </p>
         </fn>
         <fn id="d9435e523a1310">
            <label>7</label>
            <p>
               <mixed-citation id="d9435e530" publication-type="other">
Fuhrmann, 118, 183-6</mixed-citation>
            </p>
            <p>
               <mixed-citation id="d9435e536" publication-type="book">
H. L. W. Nelson (with M. David), Überlieferung, Aufbau und Stil
von Gai Institutiones (Leiden, 1981), 376-8, 381-94<person-group>
                     <string-name>
                        <surname>Nelson</surname>
                     </string-name>
                  </person-group>
                  <fpage>376</fpage>
                  <source>Überlieferung, Aufbau und Stil von Gai Institutiones</source>
                  <year>1981</year>
               </mixed-citation>
            </p>
            <p>
               <mixed-citation id="d9435e564" publication-type="journal">
id., review of lus civile in artem redactum by
H. J. Mette, Mnemosyne 14 (1961), 371<person-group>
                     <string-name>
                        <surname>Nelson</surname>
                     </string-name>
                  </person-group>
                  <fpage>371</fpage>
                  <volume>14</volume>
                  <source>Mnemosyne</source>
                  <year>1961</year>
               </mixed-citation>
            </p>
            <p>
               <mixed-citation id="d9435e596" publication-type="other">
Stein, 154-6</mixed-citation>
            </p>
            <p>
               <mixed-citation id="d9435e602" publication-type="journal">
Wieslaw Litewski, review of Gaius noster by
O. Stanojević, ZRG 108 (1991), 463-5<person-group>
                     <string-name>
                        <surname>Litewski</surname>
                     </string-name>
                  </person-group>
                  <fpage>463</fpage>
                  <volume>108</volume>
                  <source>ZRG</source>
                  <year>1991</year>
               </mixed-citation>
            </p>
            <p>
               <mixed-citation id="d9435e633" publication-type="other">
Liebs, 235</mixed-citation>
            </p>
            <p>
               <mixed-citation id="d9435e639" publication-type="other">
Zimmermann (n. 6), 1-26</mixed-citation>
            </p>
         </fn>
         <fn id="d9435e646a1310">
            <label>8</label>
            <p>
               <mixed-citation id="d9435e653" publication-type="other">
Wieacker (n. 1, 1988) 1.597-638</mixed-citation>
            </p>
            <p>
               <mixed-citation id="d9435e659" publication-type="other">
id. (1969), 463-9</mixed-citation>
            </p>
            <p>
               <mixed-citation id="d9435e665" publication-type="other">
Watson, 123-95</mixed-citation>
            </p>
            <p>
               <mixed-citation id="d9435e672" publication-type="book">
Bruce W. Frier, The Rise of the Roman Jurists (Princeton, 1985), 155-71<person-group>
                     <string-name>
                        <surname>Frier</surname>
                     </string-name>
                  </person-group>
                  <fpage>155</fpage>
                  <source>The Rise of the Roman Jurists</source>
                  <year>1985</year>
               </mixed-citation>
            </p>
            <p>
               <mixed-citation id="d9435e696" publication-type="book">
Maximilian Herberger, Dogmatik: Zur Geschichte von Begriff und Methode in Medizin und
Jurisprudenz (Frankfort, 1981), 46-57<person-group>
                     <string-name>
                        <surname>Herberger</surname>
                     </string-name>
                  </person-group>
                  <fpage>46</fpage>
                  <source>Dogmatik: Zur Geschichte von Begriff und Methode in Medizin und Jurisprudenz</source>
                  <year>1981</year>
               </mixed-citation>
            </p>
            <p>
               <mixed-citation id="d9435e724" publication-type="other">
Stein, 151-4</mixed-citation>
            </p>
         </fn>
         <fn id="d9435e731a1310">
            <label>9</label>
            <p>
               <mixed-citation id="d9435e738" publication-type="other">
Wieacker (1988), 1.634-5</mixed-citation>
            </p>
            <p>
               <mixed-citation id="d9435e744" publication-type="other">
id. (1969), 465-6</mixed-citation>
            </p>
            <p>
               <mixed-citation id="d9435e750" publication-type="other">
Watson, 183-4, 191-2</mixed-citation>
            </p>
            <p>
               <mixed-citation id="d9435e757" publication-type="journal">
Sen. Ep. 58.8-12<fpage>8</fpage>
                  <volume>58</volume>
                  <source>Ep.</source>
               </mixed-citation>
            </p>
            <p>
               <mixed-citation id="d9435e772" publication-type="book">
Elizabeth Rawson,
'The introduction of logical organisation in Roman prose literature', Papers of the British School
at Rome 46 (1978), 27-9<person-group>
                     <string-name>
                        <surname>Rawson</surname>
                     </string-name>
                  </person-group>
                  <comment content-type="section">The introduction of logical organisation in Roman prose literature</comment>
                  <fpage>27</fpage>
                  <volume>46</volume>
                  <source>Papers of the British School at Rome</source>
                  <year>1978</year>
               </mixed-citation>
            </p>
         </fn>
         <fn id="d9435e810a1310">
            <label>10</label>
            <p>
               <mixed-citation id="d9435e817" publication-type="book">
A. M. Honoré, Gaius (Oxford, 1962), 63-5<person-group>
                     <string-name>
                        <surname>Honoré</surname>
                     </string-name>
                  </person-group>
                  <fpage>63</fpage>
                  <source>Gaius</source>
                  <year>1962</year>
               </mixed-citation>
            </p>
            <p>
               <mixed-citation id="d9435e841" publication-type="other">
Liebs,
231, n. 186</mixed-citation>
            </p>
         </fn>
         <fn id="d9435e852a1310">
            <label>11</label>
            <p>
               <mixed-citation id="d9435e859" publication-type="journal">
Franz Wieacker, 'Griechische Wurzeln des Institutionensystems', ZRG 70 (1953), 102-3<person-group>
                     <string-name>
                        <surname>Wieacker</surname>
                     </string-name>
                  </person-group>
                  <fpage>102</fpage>
                  <volume>70</volume>
                  <source>ZRG</source>
                  <year>1953</year>
               </mixed-citation>
            </p>
            <p>
               <mixed-citation id="d9435e887" publication-type="other">
Liebs, 235</mixed-citation>
            </p>
            <p>
               <mixed-citation id="d9435e893" publication-type="book">
W.W. Buckland, A Text-Book of Roman Law (Cambridge, &lt;latex&gt;$1963^3$&lt;/latex&gt;), 60<person-group>
                     <string-name>
                        <surname>Buckland</surname>
                     </string-name>
                  </person-group>
                  <fpage>60</fpage>
                  <source>A Text-Book of Roman Law</source>
               </mixed-citation>
            </p>
         </fn>
         <fn id="d9435e915a1310">
            <label>12</label>
            <p>
               <mixed-citation id="d9435e922" publication-type="other">
Wieacker (1988), 1.635</mixed-citation>
            </p>
            <p>
               <mixed-citation id="d9435e928" publication-type="other">
id. (1969), 467</mixed-citation>
            </p>
            <p>
               <mixed-citation id="d9435e934" publication-type="other">
Fuhrmann, 187-8</mixed-citation>
            </p>
            <p>
               <mixed-citation id="d9435e941" publication-type="other">
Watson, 108-9</mixed-citation>
            </p>
            <p>
               <mixed-citation id="d9435e947" publication-type="journal">
Cic. De Or. 1.85-91<fpage>85</fpage>
                  <volume>1</volume>
                  <source>De Or.</source>
               </mixed-citation>
            </p>
         </fn>
         <fn id="d9435e963a1310">
            <label>13</label>
            <p>
               <mixed-citation id="d9435e970" publication-type="other">
Frier (n. 8), 169</mixed-citation>
            </p>
            <p>
               <mixed-citation id="d9435e976" publication-type="other">
Herberger (n. 8), 55-76, 106-20</mixed-citation>
            </p>
            <p>
               <mixed-citation id="d9435e982" publication-type="journal">
Ferdinando
Bona, 'L'ideale retorico ciceroniano ed il "ius civile in artem redigere"', Studia et documenta
historiae et iuris 46 (1980), 333-66<person-group>
                     <string-name>
                        <surname>Bona</surname>
                     </string-name>
                  </person-group>
                  <fpage>333</fpage>
                  <volume>46</volume>
                  <source>Studia et documenta historiae et iuris</source>
                  <year>1980</year>
               </mixed-citation>
            </p>
            <p>
               <mixed-citation id="d9435e1017" publication-type="journal">
Bruno Schmidlin, 'Horoi, pithana und regulae-Zum Einfluβ
der Rhetorik und Dialektik auf die juristische Regelbildung', ANRW 2.15 (1976), 104-5<issue>15</issue>
                  <fpage>104</fpage>
                  <volume>2</volume>
                  <source>ANRW</source>
                  <year>1976</year>
               </mixed-citation>
            </p>
            <p>
               <mixed-citation id="d9435e1042" publication-type="other">
Rawson (n. 9), 29-31</mixed-citation>
            </p>
         </fn>
         <fn id="d9435e1049a1310">
            <label>14</label>
            <p>
               <mixed-citation id="d9435e1056" publication-type="other">
Liebs, 229-30, 235</mixed-citation>
            </p>
            <p>
               <mixed-citation id="d9435e1062" publication-type="other">
Wieacker (1988), 1.616</mixed-citation>
            </p>
            <p>
               <mixed-citation id="d9435e1068" publication-type="book">
H. von Arnim, Hierokles ethische
Elementarlehre (Berlin, 1906), xvi-xvii<person-group>
                     <string-name>
                        <surname>von Arnim</surname>
                     </string-name>
                  </person-group>
                  <fpage>xvi</fpage>
                  <source>Hierokles ethische Elementarlehre</source>
                  <year>1906</year>
               </mixed-citation>
            </p>
         </fn>
         <fn id="d9435e1097a1310">
            <label>15</label>
            <p>
               <mixed-citation id="d9435e1104" publication-type="journal">
T. Honoré, review of Überlieferung, Aufbau und Stil von Gai Institutiones by H. L. W. Nelson,
Revue d'Histoire du Droit 58 (1990), 473.<person-group>
                     <string-name>
                        <surname>Honoré</surname>
                     </string-name>
                  </person-group>
                  <fpage>473</fpage>
                  <volume>58</volume>
                  <source>Revue d'Histoire du Droit</source>
                  <year>1990</year>
               </mixed-citation>
            </p>
         </fn>
         <fn id="d9435e1136a1310">
            <label>16</label>
            <p>
               <mixed-citation id="d9435e1143" publication-type="journal">
T Honoré, 'Gaius (2)', OCD3, 620<person-group>
                     <string-name>
                        <surname>Honoré</surname>
                     </string-name>
                  </person-group>
                  <fpage>620</fpage>
                  <source>&lt;latex&gt;$OCD^3$&lt;/latex&gt;</source>
               </mixed-citation>
            </p>
         </fn>
         <fn id="d9435e1166a1310">
            <label>17</label>
            <p>
               <mixed-citation id="d9435e1173" publication-type="other">
Justinian's Institutes</mixed-citation>
            </p>
         </fn>
         <fn id="d9435e1180a1310">
            <label>18</label>
            <p>
               <mixed-citation id="d9435e1187" publication-type="other">
below, n. 36</mixed-citation>
            </p>
         </fn>
         <fn id="d9435e1194a1310">
            <label>19</label>
            <p>
               <mixed-citation id="d9435e1201" publication-type="book">
Herbert M. Gale, The Use of Analogy in the Letters of Paul
(Philadelphia, 1964), 189-98<person-group>
                     <string-name>
                        <surname>Gale</surname>
                     </string-name>
                  </person-group>
                  <fpage>189</fpage>
                  <source>The Use of Analogy in the Letters of Paul</source>
                  <year>1964</year>
               </mixed-citation>
            </p>
            <p>
               <mixed-citation id="d9435e1229" publication-type="other">
Cranfield 1.331-5</mixed-citation>
            </p>
            <p>
               <mixed-citation id="d9435e1235" publication-type="journal">
Joyce A. Little, 'Paul's use of analogy', Catholic
Biblical Quarterly (1984), 82-90<person-group>
                     <string-name>
                        <surname>Little</surname>
                     </string-name>
                  </person-group>
                  <fpage>82</fpage>
                  <source>Catholic Biblical Quarterly</source>
                  <year>1984</year>
               </mixed-citation>
            </p>
            <p>
               <mixed-citation id="d9435e1264" publication-type="other">
Fitzmyer, 454-7</mixed-citation>
            </p>
            <p>
               <mixed-citation id="d9435e1270" publication-type="journal">
J. D. Earnshaw, 'Reconsidering Paul's
marriage analogy in Romans 7.1-4', New Testament Studies (1994), 68-88<person-group>
                     <string-name>
                        <surname>Earnshaw</surname>
                     </string-name>
                  </person-group>
                  <fpage>68</fpage>
                  <source>New Testament Studies</source>
                  <year>1994</year>
               </mixed-citation>
            </p>
         </fn>
         <fn id="d9435e1299a1310">
            <label>20</label>
            <p>
               <mixed-citation id="d9435e1306" publication-type="other">
below, especially nn. 31 and 53</mixed-citation>
            </p>
         </fn>
         <fn id="d9435e1313a1310">
            <label>21</label>
            <p>
               <mixed-citation id="d9435e1320" publication-type="book">
C. K. Barrett,
A Commentary on the First Epistle to the Corinthians (New York, 1968), 136<person-group>
                     <string-name>
                        <surname>Barrett</surname>
                     </string-name>
                  </person-group>
                  <fpage>136</fpage>
                  <source>A Commentary on the First Epistle to the Corinthians</source>
                  <year>1968</year>
               </mixed-citation>
            </p>
            <p>
               <mixed-citation id="d9435e1348" publication-type="book">
Origen, Commentarii in evangelium Joannis 13.44-5<person-group>
                     <string-name>
                        <surname>Origen</surname>
                     </string-name>
                  </person-group>
                  <fpage>44</fpage>
                  <volume>13</volume>
                  <source>Commentarii in evangelium Joannis</source>
               </mixed-citation>
            </p>
         </fn>
         <fn id="d9435e1373a1310">
            <label>22</label>
            <p>
               <mixed-citation id="d9435e1380" publication-type="other">
Namely Romans 1.23, 2.9, 3.28, 7.24</mixed-citation>
            </p>
            <p>
               <mixed-citation id="d9435e1386" publication-type="other">
1 Corinthians 2.9, 2.14, 4.1, 6.18, 7.1, 7.26, 11.28</mixed-citation>
            </p>
            <p>
               <mixed-citation id="d9435e1392" publication-type="other">
2
Corinthians 12.2, 12.4</mixed-citation>
            </p>
            <p>
               <mixed-citation id="d9435e1402" publication-type="other">
Galatians 2.6, 2.16, 3.15, 6.1, 6.7</mixed-citation>
            </p>
            <p>
               <mixed-citation id="d9435e1408" publication-type="other">
Philippians 2.8</mixed-citation>
            </p>
            <p>
               <mixed-citation id="d9435e1414" publication-type="other">
1 Thessalonians
4.8</mixed-citation>
            </p>
            <p>
               <mixed-citation id="d9435e1423" publication-type="other">
1 Corinthians 2.11</mixed-citation>
            </p>
            <p>
               <mixed-citation id="d9435e1429" publication-type="other">
Romans 7.1</mixed-citation>
            </p>
         </fn>
         <fn id="d9435e1437a1310">
            <label>23</label>
            <p>
               <mixed-citation id="d9435e1444" publication-type="other">
Paul: Romans 1.13, 6.3,
11.25</mixed-citation>
            </p>
            <p>
               <mixed-citation id="d9435e1453" publication-type="other">
1 Corinthians 10.1, 12.1</mixed-citation>
            </p>
            <p>
               <mixed-citation id="d9435e1459" publication-type="other">
2 Corinthians 1.8</mixed-citation>
            </p>
            <p>
               <mixed-citation id="d9435e1466" publication-type="other">
1 Thessalonians 4.13</mixed-citation>
            </p>
         </fn>
         <fn id="d9435e1473a1310">
            <label>25</label>
            <p>
               <mixed-citation id="d9435e1480" publication-type="other">
2 Samuel 7.19 (LXX)</mixed-citation>
            </p>
         </fn>
         <fn id="d9435e1487a1310">
            <label>26</label>
            <p>
               <mixed-citation id="d9435e1494" publication-type="journal">
Aeschines, In Timarchum 1.35<person-group>
                     <string-name>
                        <surname>Aeschines</surname>
                     </string-name>
                  </person-group>
                  <fpage>35</fpage>
                  <volume>1</volume>
                  <source>In Timarchum</source>
               </mixed-citation>
            </p>
            <p>
               <mixed-citation id="d9435e1518" publication-type="other">
Hyperides, Epitaphius col. 9, line 5 (Jensen)</mixed-citation>
            </p>
            <p>
               <mixed-citation id="d9435e1524" publication-type="other">
Stob. Flor.
4.23.35.2</mixed-citation>
            </p>
            <p>
               <mixed-citation id="d9435e1534" publication-type="book">
Raphael Taubenschlag, The Law of Greco-Roman Egypt in the Light of the Papyri
(Warsaw, 1955), 230-2<person-group>
                     <string-name>
                        <surname>Taubenschlag</surname>
                     </string-name>
                  </person-group>
                  <fpage>230</fpage>
                  <source>The Law of Greco-Roman Egypt in the Light of the Papyri</source>
                  <year>1955</year>
               </mixed-citation>
            </p>
            <p>
               <mixed-citation id="d9435e1562" publication-type="other">
Diod. Sic. 1.27.2 (re Egyptian marriage contracts)</mixed-citation>
            </p>
         </fn>
         <fn id="d9435e1569a1310">
            <label>27</label>
            <p>
               <mixed-citation id="d9435e1576" publication-type="journal">
PTeb 105.47<fpage>47</fpage>
                  <volume>105</volume>
                  <source>PTeb</source>
               </mixed-citation>
            </p>
            <p>
               <mixed-citation id="d9435e1591" publication-type="other">
POxy 3.910.24-5, 8.1124.6-7</mixed-citation>
            </p>
         </fn>
         <fn id="d9435e1598a1310">
            <label>28</label>
            <p>
               <mixed-citation id="d9435e1605" publication-type="other">
PTorChoach 11 bis 56</mixed-citation>
            </p>
            <p>
               <mixed-citation id="d9435e1611" publication-type="other">
12 V.19-20 (= UPZ 2.161.56, 162 V.19-20)</mixed-citation>
            </p>
         </fn>
         <fn id="d9435e1618a1310">
            <label>29</label>
            <p>
               <mixed-citation id="d9435e1625" publication-type="journal">
PTorChoach 12 IX.15-17<issue>IX</issue>
                  <fpage>15</fpage>
                  <volume>12</volume>
                  <source>PTorChoach</source>
               </mixed-citation>
            </p>
            <p>
               <mixed-citation id="d9435e1643" publication-type="journal">
UPZ 162 IX.15-17<issue>IX</issue>
                  <fpage>15</fpage>
                  <volume>162</volume>
                  <source>UPZ</source>
               </mixed-citation>
            </p>
         </fn>
         <fn id="d9435e1663a1310">
            <label>30</label>
            <p>
               <mixed-citation id="d9435e1670" publication-type="other">
PTorChoach 11.11, 11 bis 12-13, 12 1.22-23</mixed-citation>
            </p>
            <p>
               <mixed-citation id="d9435e1676" publication-type="other">
UPZ 2.160.11, 161.12-13, 162
1.22-3</mixed-citation>
            </p>
            <p>
               <mixed-citation id="d9435e1685" publication-type="journal">
PTeb 771.8-9<fpage>8</fpage>
                  <volume>771</volume>
                  <source>PTeb</source>
               </mixed-citation>
            </p>
         </fn>
         <fn id="d9435e1701a1310">
            <label>31</label>
            <p>
               <mixed-citation id="d9435e1708" publication-type="other">
n. 28</mixed-citation>
            </p>
            <p>
               <mixed-citation id="d9435e1714" publication-type="journal">
PEleph 14.22<fpage>22</fpage>
                  <volume>14</volume>
                  <source>PEleph</source>
               </mixed-citation>
            </p>
            <p>
               <mixed-citation id="d9435e1729" publication-type="other">
Polybius 8.18.6, 11.6.3</mixed-citation>
            </p>
            <p>
               <mixed-citation id="d9435e1736" publication-type="journal">
Philo, Leg. Alleg. 3.220<person-group>
                     <string-name>
                        <surname>Philo</surname>
                     </string-name>
                  </person-group>
                  <fpage>220</fpage>
                  <volume>3</volume>
                  <source>Leg. Alleg.</source>
               </mixed-citation>
            </p>
            <p>
               <mixed-citation id="d9435e1760" publication-type="journal">
Cher. 74 (=
Exodus 15.9)<volume>74</volume>
                  <source>Cher.</source>
               </mixed-citation>
            </p>
            <p>
               <mixed-citation id="d9435e1775" publication-type="other">
1 Maccabees 7.8</mixed-citation>
            </p>
            <p>
               <mixed-citation id="d9435e1781" publication-type="other">
Sirach 44.3</mixed-citation>
            </p>
            <p>
               <mixed-citation id="d9435e1787" publication-type="journal">
Sext. Emp. Math. 8.97<fpage>97</fpage>
                  <volume>8</volume>
                  <source>Emp. Math.</source>
               </mixed-citation>
            </p>
            <p>
               <mixed-citation id="d9435e1802" publication-type="book">
Theodor Ebert, Dialektiker und
frühe Stoiker bei Sextus Empiricus (Göttingen, 1991), 88, n. 12<person-group>
                     <string-name>
                        <surname>Ebert</surname>
                     </string-name>
                  </person-group>
                  <fpage>88</fpage>
                  <source>Dialektiker und frühe Stoiker bei Sextus Empiricus</source>
                  <year>1991</year>
               </mixed-citation>
            </p>
         </fn>
         <fn id="d9435e1831a1310">
            <label>33</label>
            <p>
               <mixed-citation id="d9435e1838" publication-type="other">
Dig. lust. 24.1.11.3 (= Ulp. Sabinus 32, citing Marcellus)</mixed-citation>
            </p>
            <p>
               <mixed-citation id="d9435e1844" publication-type="other">
35.1.61 pr. (= Ulp. Lex
Julia et Papia 8)</mixed-citation>
            </p>
            <p>
               <mixed-citation id="d9435e1853" publication-type="book">
42.1.23 pr. (= Paulus, Plautius 6)<person-group>
                     <string-name>
                        <surname>Paulus</surname>
                     </string-name>
                  </person-group>
                  <fpage>6</fpage>
                  <source>Plautius</source>
               </mixed-citation>
            </p>
         </fn>
         <fn id="d9435e1875a1310">
            <label>34</label>
            <p>
               <mixed-citation id="d9435e1882" publication-type="journal">
Plut. De mul. vir. 257 F 4<fpage>4</fpage>
                  <volume>257</volume>
                  <source>De mul. vir.</source>
               </mixed-citation>
            </p>
            <p>
               <mixed-citation id="d9435e1897" publication-type="journal">
Cass. Dio, Hist. Rom. (Xiph. ep.) 93.30 (Dindorf-Steph.)<fpage>30</fpage>
                  <volume>93</volume>
                  <source>Hist. Rom. (Xiph. ep.)</source>
               </mixed-citation>
            </p>
            <p>
               <mixed-citation id="d9435e1912" publication-type="journal">
Philo, De Spec. Leg. 1.105, 129<person-group>
                     <string-name>
                        <surname>Philo</surname>
                     </string-name>
                  </person-group>
                  <issue>105</issue>
                  <fpage>129</fpage>
                  <volume>1</volume>
                  <source>De Spec. Leg.</source>
               </mixed-citation>
            </p>
            <p>
               <mixed-citation id="d9435e1941" publication-type="other">
3.27, 30</mixed-citation>
            </p>
         </fn>
         <fn id="d9435e1948a1310">
            <label>35</label>
            <p>
               <mixed-citation id="d9435e1955" publication-type="other">
Fitzmyer, 455-7</mixed-citation>
            </p>
            <p>
               <mixed-citation id="d9435e1961" publication-type="book">
E. Küsemann,
Commentary on Romans (Grand Rapids, 1980), 187<person-group>
                     <string-name>
                        <surname>Küsemann</surname>
                     </string-name>
                  </person-group>
                  <fpage>187</fpage>
                  <source>Commentary on Romans</source>
                  <year>1980</year>
               </mixed-citation>
            </p>
         </fn>
         <fn id="d9435e1990a1310">
            <label>36</label>
            <p>
               <mixed-citation id="d9435e1997" publication-type="other">
Romans 7.2-3</mixed-citation>
            </p>
            <p>
               <mixed-citation id="d9435e2003" publication-type="other">
Matthew 5.31</mixed-citation>
            </p>
            <p>
               <mixed-citation id="d9435e2009" publication-type="other">
Mark 10.4</mixed-citation>
            </p>
            <p>
               <mixed-citation id="d9435e2016" publication-type="book">
John J. Collins, 'Marriage, divorce, and family in Second
Temple Judaism', in Leo G. Perdue et al. (edd.), Families in Ancient Israel (Louisville, 1997),
117-18<person-group>
                     <string-name>
                        <surname>Collins</surname>
                     </string-name>
                  </person-group>
                  <comment content-type="section">Marriage, divorce, and family in Second Temple Judaism</comment>
                  <fpage>117</fpage>
                  <source>Families in Ancient Israel</source>
                  <year>1997</year>
               </mixed-citation>
            </p>
            <p>
               <mixed-citation id="d9435e2050" publication-type="other">
Cranfield, 1:333, n. 5</mixed-citation>
            </p>
            <p>
               <mixed-citation id="d9435e2056" publication-type="other">
Jones, 119, n. 44</mixed-citation>
            </p>
            <p>
               <mixed-citation id="d9435e2062" publication-type="other">
Deuteronomy 24.1-4</mixed-citation>
            </p>
            <p>
               <mixed-citation id="d9435e2068" publication-type="journal">
De Spec.
Leg. 3.30<fpage>30</fpage>
                  <volume>3</volume>
                  <source>De Spec. Leg.</source>
               </mixed-citation>
            </p>
         </fn>
         <fn id="d9435e2088a1310">
            <label>37</label>
            <p>
               <mixed-citation id="d9435e2095" publication-type="other">
Matthew 5.31</mixed-citation>
            </p>
            <p>
               <mixed-citation id="d9435e2101" publication-type="other">
Mark 10.4</mixed-citation>
            </p>
         </fn>
         <fn id="d9435e2108a1310">
            <label>38</label>
            <p>
               <mixed-citation id="d9435e2115" publication-type="other">
1 Corinthians 7.10-11, 19</mixed-citation>
            </p>
            <p>
               <mixed-citation id="d9435e2121" publication-type="book">
Paul on Marriage and Celibacy
(Cambridge, 1995), 169-73<fpage>169</fpage>
                  <source>Paul on Marriage and Celibacy</source>
                  <year>1995</year>
               </mixed-citation>
            </p>
         </fn>
         <fn id="d9435e2140a1310">
            <label>39</label>
            <p>
               <mixed-citation id="d9435e2147" publication-type="other">
Romans 7.2-3</mixed-citation>
            </p>
            <p>
               <mixed-citation id="d9435e2153" publication-type="other">
Romans
7.2-3</mixed-citation>
            </p>
            <p>
               <mixed-citation id="d9435e2162" publication-type="book">
James D. G. Dunn,
Romans (Dallas, 1988), 359-60, 368<person-group>
                     <string-name>
                        <surname>Dunn</surname>
                     </string-name>
                  </person-group>
                  <fpage>359</fpage>
                  <source>Romans</source>
                  <year>1988</year>
               </mixed-citation>
            </p>
            <p>
               <mixed-citation id="d9435e2191" publication-type="other">
Collins (n. 36), 119-21</mixed-citation>
            </p>
            <p>
               <mixed-citation id="d9435e2197" publication-type="journal">
David Instone Brewer, 'Jewish women
divorcing their husbands in early Judaism', Harvard Theological Review 92 (1999), 349-57<object-id pub-id-type="jstor">10.2307/1510131</object-id>
                  <fpage>349</fpage>
               </mixed-citation>
            </p>
            <p>
               <mixed-citation id="d9435e2212" publication-type="other">
verse 3</mixed-citation>
            </p>
            <p>
               <mixed-citation id="d9435e2218" publication-type="book">
P. J. Tomson, Paul and the Jewish Law
(Assen and Minneapolis, 1990), 111, 120-1<person-group>
                     <string-name>
                        <surname>Tomson</surname>
                     </string-name>
                  </person-group>
                  <fpage>111</fpage>
                  <source>Paul and the Jewish Law</source>
                  <year>1990</year>
               </mixed-citation>
            </p>
         </fn>
         <fn id="d9435e2247a1310">
            <label>40</label>
            <p>
               <mixed-citation id="d9435e2254" publication-type="book">
Boaz Cohen, Jewish and Roman Law (New York, 1966), 1.126<person-group>
                     <string-name>
                        <surname>Cohen</surname>
                     </string-name>
                  </person-group>
                  <fpage>126</fpage>
                  <volume>1</volume>
                  <source>Jewish and Roman Law</source>
                  <year>1966</year>
               </mixed-citation>
            </p>
         </fn>
         <fn id="d9435e2283a1310">
            <label>42</label>
            <p>
               <mixed-citation id="d9435e2290" publication-type="other">
Stein, 158</mixed-citation>
            </p>
            <p>
               <mixed-citation id="d9435e2296" publication-type="other">
Buckland (n. 11), 58-9</mixed-citation>
            </p>
            <p>
               <mixed-citation id="d9435e2302" publication-type="book">
H. E Jolowicz, Roman Foundations of Modern Law
(Oxford, 1957), 66-9<person-group>
                     <string-name>
                        <surname>Jolowicz</surname>
                     </string-name>
                  </person-group>
                  <fpage>66</fpage>
                  <source>Roman Foundations of Modern Law</source>
                  <year>1957</year>
               </mixed-citation>
            </p>
            <p>
               <mixed-citation id="d9435e2331" publication-type="book">
A. M. Prichard, Leage's Roman Private Law (London and New York,
1961), 63<person-group>
                     <string-name>
                        <surname>Prichard</surname>
                     </string-name>
                  </person-group>
                  <fpage>63</fpage>
                  <source>Leage's Roman Private Law</source>
                  <year>1961</year>
               </mixed-citation>
            </p>
         </fn>
         <fn id="d9435e2360a1310">
            <label>43</label>
            <p>
               <mixed-citation id="d9435e2369" publication-type="other">
Wieacker (1988), 1.270-1, 491-3</mixed-citation>
            </p>
            <p>
               <mixed-citation id="d9435e2375" publication-type="other">
Stein, 161</mixed-citation>
            </p>
            <p>
               <mixed-citation id="d9435e2382" publication-type="book">
id., 'The fate of the institutional system', in The
Character and Influence of the Roman Civil Law (London and Ronceverte, 1988), 74<person-group>
                     <string-name>
                        <surname>Stein</surname>
                     </string-name>
                  </person-group>
                  <comment content-type="section">The fate of the institutional system</comment>
                  <source>The Character and Influence of the Roman Civil Law</source>
                  <year>1988</year>
               </mixed-citation>
            </p>
         </fn>
         <fn id="d9435e2412a1310">
            <label>45</label>
            <p>
               <mixed-citation id="d9435e2419" publication-type="book">
Jerome Murphy-O'Connor, Paul (Oxford, 1996), 34-5<person-group>
                     <string-name>
                        <surname>Murphy-O'Connor</surname>
                     </string-name>
                  </person-group>
                  <fpage>34</fpage>
                  <source>Paul</source>
                  <year>1996</year>
               </mixed-citation>
            </p>
            <p>
               <mixed-citation id="d9435e2443" publication-type="other">
Jerusalem (Acts 16.37-8, 22.3)</mixed-citation>
            </p>
            <p>
               <mixed-citation id="d9435e2449" publication-type="book">
Raymond E. Brown, An Introduction
to the New Testament (New York, 1997), 423-6<person-group>
                     <string-name>
                        <surname>Brown</surname>
                     </string-name>
                  </person-group>
                  <fpage>423</fpage>
                  <source>An Introduction to the New Testament</source>
                  <year>1997</year>
               </mixed-citation>
            </p>
            <p>
               <mixed-citation id="d9435e2478" publication-type="journal">
W Ward Gasque, 'Tarsus', Anchor Bible
Dictionary 6 (1992), 334<person-group>
                     <string-name>
                        <surname>Gasque</surname>
                     </string-name>
                  </person-group>
                  <fpage>334</fpage>
                  <volume>6</volume>
                  <source>Anchor Bible Dictionary</source>
                  <year>1992</year>
               </mixed-citation>
            </p>
         </fn>
         <fn id="d9435e2510a1310">
            <label>46</label>
            <p>
               <mixed-citation id="d9435e2517" publication-type="journal">
Will Deming, 'The unity of 1 Corinthians 5-6', Journal of Biblical Literature 115 (1996),
289-312.<object-id pub-id-type="doi">10.2307/3266857</object-id>
                  <fpage>289</fpage>
               </mixed-citation>
            </p>
         </fn>
         <fn id="d9435e2533a1310">
            <label>47</label>
            <p>
               <mixed-citation id="d9435e2540" publication-type="other">
Romans 7.1-3 of parallels to Greek law
(see above)</mixed-citation>
            </p>
            <p>
               <mixed-citation id="d9435e2549" publication-type="other">
Acts 18.12-17</mixed-citation>
            </p>
         </fn>
         <fn id="d9435e2556a1310">
            <label>48</label>
            <p>
               <mixed-citation id="d9435e2563" publication-type="journal">
Gaius' day, of course (Inst. 1.59, 63)<person-group>
                     <string-name>
                        <surname>Gaius</surname>
                     </string-name>
                  </person-group>
                  <issue>59</issue>
                  <fpage>63</fpage>
                  <volume>1</volume>
                  <source>Inst.</source>
               </mixed-citation>
            </p>
            <p>
               <mixed-citation id="d9435e2591" publication-type="journal">
Philo, Legat. 71-2<person-group>
                     <string-name>
                        <surname>Philo</surname>
                     </string-name>
                  </person-group>
                  <fpage>71</fpage>
                  <source>Legat.</source>
               </mixed-citation>
            </p>
         </fn>
         <fn id="d9435e2613a1310">
            <label>49</label>
            <p>
               <mixed-citation id="d9435e2620" publication-type="other">
Paul's argument in 7.2-6</mixed-citation>
            </p>
            <p>
               <mixed-citation id="d9435e2626" publication-type="other">
Käsemann (n. 35), 190</mixed-citation>
            </p>
            <p>
               <mixed-citation id="d9435e2632" publication-type="other">
Jones,
119</mixed-citation>
            </p>
            <p>
               <mixed-citation id="d9435e2642" publication-type="other">
Fitzmyer, 455</mixed-citation>
            </p>
         </fn>
         <fn id="d9435e2649a1310">
            <label>50</label>
            <p>
               <mixed-citation id="d9435e2656" publication-type="book">
P. W. Pestman, Marriage and Matrimonial Property in Ancient Egypt (Leiden,
1961), 73-4, 181<person-group>
                     <string-name>
                        <surname>Pestman</surname>
                     </string-name>
                  </person-group>
                  <fpage>73</fpage>
                  <source>Marriage and Matrimonial Property in Ancient Egypt</source>
                  <year>1961</year>
               </mixed-citation>
            </p>
         </fn>
         <fn id="d9435e2686a1310">
            <label>51</label>
            <p>
               <mixed-citation id="d9435e2693" publication-type="other">
Cranfīeld, 2.691-3</mixed-citation>
            </p>
         </fn>
         <fn id="d9435e2700a1310">
            <label>52</label>
            <p>
               <mixed-citation id="d9435e2707" publication-type="other">
Jones, 119-20, 121</mixed-citation>
            </p>
         </fn>
         <fn id="d9435e2714a1310">
            <label>54</label>
            <p>
               <mixed-citation id="d9435e2721" publication-type="other">
κυρθεύω occurs in 6.9, 14</mixed-citation>
            </p>
            <p>
               <mixed-citation id="d9435e2727" publication-type="other">
νόμος occurs in 6.14, 15 and throughout ch.7</mixed-citation>
            </p>
         </fn>
         <fn id="d9435e2734a1310">
            <label>55</label>
            <p>
               <mixed-citation id="d9435e2741" publication-type="other">
Paul's citation of Mosaic law (Deuteronomy 27.26) in Galatians 3.10</mixed-citation>
            </p>
            <p>
               <mixed-citation id="d9435e2747" publication-type="book">
E. P. Sanders, Paul (Oxford, 1991), 57-8<person-group>
                     <string-name>
                        <surname>Sanders</surname>
                     </string-name>
                  </person-group>
                  <fpage>57</fpage>
                  <source>Paul</source>
                  <year>1991</year>
               </mixed-citation>
            </p>
         </fn>
         <fn id="d9435e2772a1310">
            <label>56</label>
            <p>
               <mixed-citation id="d9435e2779" publication-type="other">
Wieacker (1969), 466-7, 477</mixed-citation>
            </p>
         </fn>
      </fn-group>
   </back>
</article>
