<article xmlns:xsi="http://www.w3.org/2001/XMLSchema-instance"
         xmlns:xlink="http://www.w3.org/1999/xlink"
         xmlns:mml="http://www.w3.org/1998/Math/MathML"
         dtd-version="1.0"
         article-type="research-article">
   <front>
      <journal-meta>
         <journal-id journal-id-type="jstor">clasquar</journal-id>
         <journal-id journal-id-type="jstor">j100124</journal-id>
         <journal-title-group>
            <journal-title>The Classical Quarterly</journal-title>
         </journal-title-group>
         <publisher>
            <publisher-name>Oxford University Press</publisher-name>
         </publisher>
         <custom-meta-group>
            <custom-meta>
               <meta-name>journal-series-title</meta-name>
               <meta-value>2</meta-value>
            </custom-meta>
         </custom-meta-group>
         <issn pub-type="ppub">00098388</issn>
         <issn pub-type="epub">14716844</issn>
      </journal-meta>
      <article-meta>
         <article-id pub-id-type="jstor">3556280</article-id>
         <title-group>
            <article-title> Frölich's Table of Homeric Wounds </article-title>
         </title-group>
         <contrib-group>
            <contrib contrib-type="author">
               <string-name>
                  <given-names>K. B.</given-names>
                  <surname>Saunders</surname>
               </string-name>
            </contrib>
         </contrib-group>
         <pub-date>
            <day>1</day>
            <month>5</month>
            <year>2004</year>
         </pub-date>
         <volume>54</volume>
         <issue>1</issue>
         <issue-id>i369255</issue-id>
         <fpage>1</fpage>
         <lpage>17</lpage>
         <page-range>1-17</page-range>
         <permissions>
            <copyright-statement>Copyright 2004 The Classical Association</copyright-statement>
         </permissions>
         <self-uri xlink:href="http://www.jstor.org/stable/3556280"/>
         <custom-meta-group>
            <custom-meta>
               <meta-name>lang</meta-name>
               <meta-value>eng</meta-value>
            </custom-meta>
         </custom-meta-group>
      </article-meta>
   </front>
   <back>
      <fn-group>
         <title>[Footnotes]</title>
         <fn id="d12507e210a1310">
            <label>1</label>
            <p>
               <mixed-citation id="d12507e217" publication-type="book">
H. Frölich, Die Militärmedicin Homer's (Stuttgart, 1879)<person-group>
                     <string-name>
                        <surname>Frölich</surname>
                     </string-name>
                  </person-group>
                  <source>Die Militärmedicin Homer's</source>
                  <year>1879</year>
               </mixed-citation>
            </p>
            <p>
               <mixed-citation id="d12507e238" publication-type="other">
Fröhlich, Militäirmedizin, Homers</mixed-citation>
            </p>
         </fn>
         <fn id="d12507e245a1310">
            <label>2</label>
            <p>
               <mixed-citation id="d12507e252" publication-type="other">
Frölich (n. 1), 58</mixed-citation>
            </p>
         </fn>
         <fn id="d12507e259a1310">
            <label>3</label>
            <p>
               <mixed-citation id="d12507e266" publication-type="book">
M. D. Grmek, Diseases in the Ancient Greek World, trans. M. Muellner and L. Muellner
(Baltimore, 1989), 28<person-group>
                     <string-name>
                        <surname>Grmek</surname>
                     </string-name>
                  </person-group>
                  <fpage>28</fpage>
                  <source>Diseases in the Ancient Greek World</source>
                  <year>1989</year>
               </mixed-citation>
            </p>
            <p>
               <mixed-citation id="d12507e294" publication-type="book">
B. Hainsworth, The Iliad: A Commentary. Volume III: Books 9-12
(Cambridge, 1993), 253<person-group>
                     <string-name>
                        <surname>Hainsworth</surname>
                     </string-name>
                  </person-group>
                  <fpage>253</fpage>
                  <volume>III</volume>
                  <source>The Iliad: A Commentary</source>
                  <year>1993</year>
               </mixed-citation>
            </p>
            <p>
               <mixed-citation id="d12507e325" publication-type="book">
C. E Salazar, The Treatment of War Wounds in Graeco-Roman Antiquity
(Leiden, 2000), 127, 129<person-group>
                     <string-name>
                        <surname>Salazar</surname>
                     </string-name>
                  </person-group>
                  <fpage>127</fpage>
                  <source>The Treatment of War Wounds in Graeco-Roman Antiquity</source>
                  <year>2000</year>
               </mixed-citation>
            </p>
         </fn>
         <fn id="d12507e354a1310">
            <label>5</label>
            <p>
               <mixed-citation id="d12507e361" publication-type="other">
Perseus 2.0. Editor-in-chief Gregory Crane (Yale University Press, 1996)</mixed-citation>
            </p>
         </fn>
         <fn id="d12507e369a1310">
            <label>7</label>
            <p>
               <mixed-citation id="d12507e376" publication-type="other">
Peirous/Dioreus 4.517</mixed-citation>
            </p>
            <p>
               <mixed-citation id="d12507e382" publication-type="other">
Antilochus/Mydon 5.580</mixed-citation>
            </p>
            <p>
               <mixed-citation id="d12507e388" publication-type="other">
Peneleus/
Ilioneus 14.487</mixed-citation>
            </p>
            <p>
               <mixed-citation id="d12507e398" publication-type="other">
Achilles/Demouchus 20.457</mixed-citation>
            </p>
            <p>
               <mixed-citation id="d12507e404" publication-type="other">
Achilles/Deucalion 20.478</mixed-citation>
            </p>
         </fn>
         <fn id="d12507e411a1310">
            <label>9</label>
            <p>
               <mixed-citation id="d12507e418" publication-type="other">
Antilochus/Thoon 13.545</mixed-citation>
            </p>
            <p>
               <mixed-citation id="d12507e424" publication-type="other">
Menelaus/Thoas 16.311</mixed-citation>
            </p>
            <p>
               <mixed-citation id="d12507e430" publication-type="other">
Meriones/
Acamas 16.342</mixed-citation>
            </p>
            <p>
               <mixed-citation id="d12507e440" publication-type="other">
Patroclus/Thrasymelus 16.463</mixed-citation>
            </p>
            <p>
               <mixed-citation id="d12507e446" publication-type="other">
Meriones/Laogonus 16.603</mixed-citation>
            </p>
            <p>
               <mixed-citation id="d12507e452" publication-type="other">
Ajax/Phorcus
17.312</mixed-citation>
            </p>
            <p>
               <mixed-citation id="d12507e461" publication-type="other">
Hector/Leitus 17.601</mixed-citation>
            </p>
         </fn>
         <fn id="d12507e468a1310">
            <label>10</label>
            <p>
               <mixed-citation id="d12507e475" publication-type="other">
W. Leaf, The Iliad, 1 Appendix B 576-7, Facsimile of Second Edition [1899] (Amsterdam,
1960).</mixed-citation>
            </p>
         </fn>
         <fn id="d12507e485a1310">
            <label>11</label>
            <p>
               <mixed-citation id="d12507e492" publication-type="other">
II. 13.573</mixed-citation>
            </p>
            <p>
               <mixed-citation id="d12507e498" publication-type="other">
II. 14.28</mixed-citation>
            </p>
            <p>
               <mixed-citation id="d12507e504" publication-type="other">
Il.
14.379</mixed-citation>
            </p>
            <p>
               <mixed-citation id="d12507e514" publication-type="other">
II. 11.144, 11.321, 11.389, 16.793, and 23.384</mixed-citation>
            </p>
         </fn>
         <fn id="d12507e521a1310">
            <label>12</label>
            <p>
               <mixed-citation id="d12507e528" publication-type="other">
Hector at 14.432</mixed-citation>
            </p>
            <p>
               <mixed-citation id="d12507e534" publication-type="book">
R. Janko (The Iliad: A Commentary. Volume IV: Books
13-16 [Cambridge, 1992], 98)<person-group>
                     <string-name>
                        <surname>Janko</surname>
                     </string-name>
                  </person-group>
                  <fpage>98</fpage>
                  <volume>IV</volume>
                  <source>The Iliad: A Commentary</source>
                  <year>1992</year>
               </mixed-citation>
            </p>
         </fn>
         <fn id="d12507e566a1310">
            <label>15</label>
            <p>
               <mixed-citation id="d12507e573" publication-type="journal">
'Formulae or single words? Towards a new theory on
Homeric verse-making', Würzburger Jahrbücher (1988), 14, 21-37<fpage>21</fpage>
                  <volume>14</volume>
                  <source>Würzburger Jahrbücher</source>
                  <year>1988</year>
               </mixed-citation>
            </p>
         </fn>
         <fn id="d12507e597a1310">
            <label>20</label>
            <p>
               <mixed-citation id="d12507e604" publication-type="journal">
Iliad, Alcathous at 13.442<fpage>442</fpage>
                  <volume>13</volume>
                  <source>Iliad</source>
               </mixed-citation>
            </p>
         </fn>
         <fn id="d12507e620a1310">
            <label>21</label>
            <p>
               <mixed-citation id="d12507e627" publication-type="other">
n. 17</mixed-citation>
            </p>
         </fn>
         <fn id="d12507e634a1310">
            <label>22</label>
            <p>
               <mixed-citation id="d12507e641" publication-type="other">
Agenor/Alphenor 4.467</mixed-citation>
            </p>
            <p>
               <mixed-citation id="d12507e647" publication-type="other">
Agamemnon/Iphidamas 11.238</mixed-citation>
            </p>
            <p>
               <mixed-citation id="d12507e653" publication-type="other">
Agamemnon/Coon 11.256</mixed-citation>
            </p>
            <p>
               <mixed-citation id="d12507e660" publication-type="other">
Patroclus/Pronous 16.399</mixed-citation>
            </p>
         </fn>
         <fn id="d12507e667a1310">
            <label>23</label>
            <p>
               <mixed-citation id="d12507e674" publication-type="other">
Menelaus/Thoas 16.311</mixed-citation>
            </p>
            <p>
               <mixed-citation id="d12507e680" publication-type="other">
Patroclus/Thrasymelus 16.463</mixed-citation>
            </p>
         </fn>
         <fn id="d12507e687a1310">
            <label>24</label>
            <p>
               <mixed-citation id="d12507e694" publication-type="other">
Hector/Eioneus 7.11</mixed-citation>
            </p>
            <p>
               <mixed-citation id="d12507e700" publication-type="other">
Glaucus/Iphinous 7.13</mixed-citation>
            </p>
            <p>
               <mixed-citation id="d12507e706" publication-type="other">
Hector/Lycophron 15.430</mixed-citation>
            </p>
         </fn>
         <fn id="d12507e713a1310">
            <label>25</label>
            <p>
               <mixed-citation id="d12507e720" publication-type="other">
5.176, 13.360, 15.290, 16.425, 24.498.</mixed-citation>
            </p>
         </fn>
         <fn id="d12507e728a1310">
            <label>26</label>
            <p>
               <mixed-citation id="d12507e735" publication-type="other">
Eurypylus/Apisaon 11.577</mixed-citation>
            </p>
            <p>
               <mixed-citation id="d12507e741" publication-type="other">
Lycomedes/Apisaon 17.346</mixed-citation>
            </p>
         </fn>
         <fn id="d12507e748a1310">
            <label>27</label>
            <p>
               <mixed-citation id="d12507e755" publication-type="other">
n. 12</mixed-citation>
            </p>
         </fn>
         <fn id="d12507e762a1310">
            <label>28</label>
            <p>
               <mixed-citation id="d12507e769" publication-type="journal">
K. B. Saunders, 'A note on the strange death
of Mydon', Symbolae Osloenses 75 (2000), 24-33<person-group>
                     <string-name>
                        <surname>Saunders</surname>
                     </string-name>
                  </person-group>
                  <fpage>24</fpage>
                  <volume>75</volume>
                  <source>Symbolae Osloenses</source>
                  <year>2000</year>
               </mixed-citation>
            </p>
         </fn>
         <fn id="d12507e801a1310">
            <label>29</label>
            <p>
               <mixed-citation id="d12507e808" publication-type="journal">
Saunders, 'The wounds in Iliad 13-16', CQ 49 (1999), 351.<object-id pub-id-type="jstor">10.2307/639862</object-id>
                  <fpage>351</fpage>
               </mixed-citation>
            </p>
         </fn>
         <fn id="d12507e821a1310">
            <label>31</label>
            <p>
               <mixed-citation id="d12507e828" publication-type="book">
W-H. Friedrich, Wounding and Death in the Iliad (Göttingen, 1956),
trans. G. Wright and P. V. Jones (London, 2003), 131-67<person-group>
                     <string-name>
                        <surname>Friedrich</surname>
                     </string-name>
                  </person-group>
                  <fpage>131</fpage>
                  <source>Wounding and Death in the Iliad</source>
                  <year>2003</year>
               </mixed-citation>
            </p>
         </fn>
         <fn id="d12507e857a1310">
            <label>34</label>
            <p>
               <mixed-citation id="d12507e864" publication-type="other">
Salazar [n. 3], 129</mixed-citation>
            </p>
         </fn>
         <fn id="d12507e872a1310">
            <label>37</label>
            <p>
               <mixed-citation id="d12507e879" publication-type="journal">
R. Arnott, 'Surgical practice in the prehistoric Aegean', Medizinhistorisches Journal 32
(1997), 252.<person-group>
                     <string-name>
                        <surname>Arnott</surname>
                     </string-name>
                  </person-group>
                  <fpage>252</fpage>
                  <volume>32</volume>
                  <source>Medizinhistorisches Journal</source>
                  <year>1997</year>
               </mixed-citation>
            </p>
         </fn>
         <fn id="d12507e911a1310">
            <label>38</label>
            <p>
               <mixed-citation id="d12507e918" publication-type="book">
R. Drews, The End of the Bronze Age (Princeton, 1993), esp. 192-208 and ch. 14.<person-group>
                     <string-name>
                        <surname>Drews</surname>
                     </string-name>
                  </person-group>
                  <fpage>192</fpage>
                  <source>The End of the Bronze Age</source>
                  <year>1993</year>
               </mixed-citation>
            </p>
         </fn>
         <fn id="d12507e943a1310">
            <label>42</label>
            <p>
               <mixed-citation id="d12507e950" publication-type="other">
Achilles' aristeia</mixed-citation>
            </p>
            <p>
               <mixed-citation id="d12507e956" publication-type="other">
n. 11</mixed-citation>
            </p>
         </fn>
      </fn-group>
   </back>
</article>
