<article xmlns:xsi="http://www.w3.org/2001/XMLSchema-instance"
         xmlns:xlink="http://www.w3.org/1999/xlink"
         xmlns:mml="http://www.w3.org/1998/Math/MathML"
         dtd-version="1.0"
         article-type="research-article">
   <front>
      <journal-meta>
         <journal-id journal-id-type="jstor">clasquar</journal-id>
         <journal-id journal-id-type="jstor">j100124</journal-id>
         <journal-title-group>
            <journal-title>The Classical Quarterly</journal-title>
         </journal-title-group>
         <publisher>
            <publisher-name>Oxford University Press</publisher-name>
         </publisher>
         <issn pub-type="ppub">00098388</issn>
         <issn pub-type="epub">14716844</issn>
      </journal-meta>
      <article-meta>
         <article-id pub-id-type="jstor">3556224</article-id>
         <article-categories>
            <subj-group>
               <subject>Shorter Notes</subject>
            </subj-group>
         </article-categories>
         <title-group>
            <article-title>Gnesippus and the Rivals of Aristophanes</article-title>
         </title-group>
         <contrib-group>
            <contrib contrib-type="author">
               <string-name>
                  <given-names>J. H.</given-names>
                  <surname>Hordern</surname>
               </string-name>
            </contrib>
         </contrib-group>
         <pub-date>
            <day>1</day>
            <month>11</month>
            <year>2003</year>
         </pub-date>
         <volume>53</volume>
         <issue>2</issue>
         <issue-id>i369254</issue-id>
         <fpage>608</fpage>
         <lpage>613</lpage>
         <page-range>608-613</page-range>
         <permissions>
            <copyright-statement>Copyright 2003 The Classical Association</copyright-statement>
         </permissions>
         <self-uri xlink:href="http://www.jstor.org/stable/3556224"/>
         <custom-meta-group>
            <custom-meta>
               <meta-name>lang</meta-name>
               <meta-value>eng</meta-value>
            </custom-meta>
         </custom-meta-group>
      </article-meta>
   </front>
   <back>
      <fn-group>
         <title>[Footnotes]</title>
         <fn id="d7046e123a1310">
            <label>1</label>
            <p>
               <mixed-citation id="d7046e130" publication-type="book">
J. Davidson, in D. Harvey and J. Wilkins (edd.), The Rivals of Aristophanes (London, 2000),
41-64, hereafter 'Davidson'.<person-group>
                     <string-name>
                        <surname>Davidson</surname>
                     </string-name>
                  </person-group>
                  <fpage>41</fpage>
                  <source>The Rivals of Aristophanes</source>
                  <year>2000</year>
               </mixed-citation>
            </p>
         </fn>
         <fn id="d7046e159a1310">
            <label>2</label>
            <p>
               <mixed-citation id="d7046e166" publication-type="other">
Davidson (48)</mixed-citation>
            </p>
            <p>
               <mixed-citation id="d7046e172" publication-type="other">
Hecate at Ar. Lys. 700-3</mixed-citation>
            </p>
         </fn>
         <fn id="d7046e179a1310">
            <label>3</label>
            <p>
               <mixed-citation id="d7046e186" publication-type="other">
Suda, Θ 462</mixed-citation>
            </p>
            <p>
               <mixed-citation id="d7046e192" publication-type="other">
DK 81 Al</mixed-citation>
            </p>
         </fn>
         <fn id="d7046e199a1310">
            <label>4</label>
            <p>
               <mixed-citation id="d7046e206" publication-type="book">
R. Kassel and C. Austin, Poetae Comici Graeci
(Berlin and New York, 1984-)<person-group>
                     <string-name>
                        <surname>Kassel</surname>
                     </string-name>
                  </person-group>
                  <source>Poetae Comici Graeci</source>
                  <year>1984</year>
               </mixed-citation>
            </p>
         </fn>
         <fn id="d7046e232a1310">
            <label>5</label>
            <p>
               <mixed-citation id="d7046e239" publication-type="other">
Ephipp. fr. 7</mixed-citation>
            </p>
         </fn>
         <fn id="d7046e246a1310">
            <label>6</label>
            <p>
               <mixed-citation id="d7046e253" publication-type="journal">
S. D. Olson CQ 38 (1988), 328-30<object-id pub-id-type="jstor">10.2307/638983</object-id>
                  <fpage>328</fpage>
               </mixed-citation>
            </p>
            <p>
               <mixed-citation id="d7046e265" publication-type="journal">
C. M. Bowra, AJP 79 (1958), 376-91<object-id pub-id-type="doi">10.2307/292349</object-id>
                  <fpage>376</fpage>
               </mixed-citation>
            </p>
            <p>
               <mixed-citation id="d7046e277" publication-type="book">
Greek Margins [Oxford, 1970], 149-63)<fpage>149</fpage>
                  <source>Greek Margins</source>
                  <year>1970</year>
               </mixed-citation>
            </p>
         </fn>
         <fn id="d7046e293a1310">
            <label>7</label>
            <p>
               <mixed-citation id="d7046e300" publication-type="other">
Ussher ad loc.</mixed-citation>
            </p>
            <p>
               <mixed-citation id="d7046e306" publication-type="book">
M. L. West, Ancient Greek Music (Oxford, 1992), 349<person-group>
                     <string-name>
                        <surname>West</surname>
                     </string-name>
                  </person-group>
                  <fpage>349</fpage>
                  <source>Ancient Greek Music</source>
                  <year>1992</year>
               </mixed-citation>
            </p>
            <p>
               <mixed-citation id="d7046e330" publication-type="other">
n. 96</mixed-citation>
            </p>
            <p>
               <mixed-citation id="d7046e337" publication-type="other">
Plato
Com. fr. 71. 12ff.</mixed-citation>
            </p>
         </fn>
         <fn id="d7046e347a1310">
            <label>8</label>
            <p>
               <mixed-citation id="d7046e354" publication-type="other">
Supplement to LSJ, s.v.</mixed-citation>
            </p>
            <p>
               <mixed-citation id="d7046e360" publication-type="journal">
E. Voutiras, Epigraphica Anatolica 24 (1995),
61-72<person-group>
                     <string-name>
                        <surname>Voutiras</surname>
                     </string-name>
                  </person-group>
                  <fpage>61</fpage>
                  <volume>24</volume>
                  <source>Epigraphica Anatolica</source>
                  <year>1995</year>
               </mixed-citation>
            </p>
         </fn>
         <fn id="d7046e392a1310">
            <label>9</label>
            <p>
               <mixed-citation id="d7046e399" publication-type="other">
Fragments 10-12 Kuchenmüller</mixed-citation>
            </p>
            <p>
               <mixed-citation id="d7046e405" publication-type="other">
10-11 Powell</mixed-citation>
            </p>
            <p>
               <mixed-citation id="d7046e411" publication-type="other">
12-13 Sbardella</mixed-citation>
            </p>
            <p>
               <mixed-citation id="d7046e418" publication-type="other">
23, 25 Spanoudakis</mixed-citation>
            </p>
            <p>
               <mixed-citation id="d7046e424" publication-type="journal">
von Blumethal, RE 18.2.2396-8<person-group>
                     <string-name>
                        <surname>von Blumethal</surname>
                     </string-name>
                  </person-group>
                  <issue>2</issue>
                  <fpage>2396</fpage>
                  <volume>18</volume>
                  <source>RE</source>
               </mixed-citation>
            </p>
            <p>
               <mixed-citation id="d7046e452" publication-type="journal">
D. Bain, CQ 48 (1998), 262-8<object-id pub-id-type="jstor">10.2307/639768</object-id>
                  <fpage>262</fpage>
               </mixed-citation>
            </p>
            <p>
               <mixed-citation id="d7046e464" publication-type="journal">
J. Davidson, CQ 45 [1995], 590-2<object-id pub-id-type="jstor">10.2307/639553</object-id>
                  <fpage>590</fpage>
               </mixed-citation>
            </p>
         </fn>
         <fn id="d7046e477a1310">
            <label>10</label>
            <p>
               <mixed-citation id="d7046e484" publication-type="journal">
Leonides, AP 6. 322<person-group>
                     <string-name>
                        <surname>Leonides</surname>
                     </string-name>
                  </person-group>
                  <fpage>322</fpage>
                  <volume>6</volume>
                  <source>AP</source>
               </mixed-citation>
            </p>
            <p>
               <mixed-citation id="d7046e508" publication-type="book">
D. L. Page, Further Greek Epigrams [Cambridge, 1981], 515-16<person-group>
                     <string-name>
                        <surname>Page</surname>
                     </string-name>
                  </person-group>
                  <fpage>515</fpage>
                  <source>Further Greek Epigrams</source>
                  <year>1981</year>
               </mixed-citation>
            </p>
         </fn>
         <fn id="d7046e534a1310">
            <label>11</label>
            <p>
               <mixed-citation id="d7046e541" publication-type="book">
E. Courtney, The Fragmentary Latin Poets (Oxford, 1993), 118f.<person-group>
                     <string-name>
                        <surname>Courtney</surname>
                     </string-name>
                  </person-group>
                  <fpage>118</fpage>
                  <source>The Fragmentary Latin Poets</source>
                  <year>1993</year>
               </mixed-citation>
            </p>
         </fn>
         <fn id="d7046e566a1310">
            <label>12</label>
            <p>
               <mixed-citation id="d7046e573" publication-type="journal">
Aelian, NA 15.19<person-group>
                     <string-name>
                        <surname>Aelian</surname>
                     </string-name>
                  </person-group>
                  <fpage>19</fpage>
                  <volume>15</volume>
                  <source>NA</source>
               </mixed-citation>
            </p>
            <p>
               <mixed-citation id="d7046e597" publication-type="other">
Davidson, 46</mixed-citation>
            </p>
            <p>
               <mixed-citation id="d7046e603" publication-type="journal">
Hedylus, HE 1883<person-group>
                     <string-name>
                        <surname>Hedylus</surname>
                     </string-name>
                  </person-group>
                  <source>HE</source>
                  <year>1883</year>
               </mixed-citation>
            </p>
            <p>
               <mixed-citation id="d7046e625" publication-type="other">
Theocr. 4. 31</mixed-citation>
            </p>
         </fn>
         <fn id="d7046e632a1310">
            <label>13</label>
            <p>
               <mixed-citation id="d7046e639" publication-type="book">
W. Beare, The Roman Stage (London, &lt;latex&gt;$1955^2$&lt;/latex&gt;), 139-49<person-group>
                     <string-name>
                        <surname>Beare</surname>
                     </string-name>
                  </person-group>
                  <fpage>139</fpage>
                  <source>The Roman Stage</source>
               </mixed-citation>
            </p>
         </fn>
         <fn id="d7046e661a1310">
            <label>15</label>
            <p>
               <mixed-citation id="d7046e668" publication-type="book">
U. von Wilamowitz-Moellendorff, Griechische Verskunst (Berlin, &lt;latex&gt;$1921^2$&lt;/latex&gt;), 394-5<person-group>
                     <string-name>
                        <surname>von Wilamowitz-Moellendorff</surname>
                     </string-name>
                  </person-group>
                  <fpage>394</fpage>
                  <source>Griechische Verskunst</source>
               </mixed-citation>
            </p>
         </fn>
         <fn id="d7046e690a1310">
            <label>16</label>
            <p>
               <mixed-citation id="d7046e697" publication-type="book">
D. M.
MacDowell, Andokides. On the Mysteries [Oxford, 1962], 208-10<person-group>
                     <string-name>
                        <surname>MacDowell</surname>
                     </string-name>
                  </person-group>
                  <fpage>208</fpage>
                  <source>Andokides. On the Mysteries</source>
                  <year>1962</year>
               </mixed-citation>
            </p>
         </fn>
         <fn id="d7046e726a1310">
            <label>17</label>
            <p>
               <mixed-citation id="d7046e733" publication-type="other">
Clearchus, fr. 34 Wehrli</mixed-citation>
            </p>
         </fn>
         <fn id="d7046e741a1310">
            <label>18</label>
            <p>
               <mixed-citation id="d7046e748" publication-type="other">
Wilamowitz (n. 15), 385.</mixed-citation>
            </p>
         </fn>
         <fn id="d7046e755a1310">
            <label>19</label>
            <p>
               <mixed-citation id="d7046e762" publication-type="other">
West (n. 7), 71-2 with n. 105</mixed-citation>
            </p>
         </fn>
         <fn id="d7046e769a1310">
            <label>20</label>
            <p>
               <mixed-citation id="d7046e776" publication-type="other">
West (n. 7), 75-7.</mixed-citation>
            </p>
         </fn>
         <fn id="d7046e783a1310">
            <label>21</label>
            <p>
               <mixed-citation id="d7046e790" publication-type="journal">
Stesichorus: PMGF 276<person-group>
                     <string-name>
                        <surname>Stesichorus</surname>
                     </string-name>
                  </person-group>
                  <fpage>276</fpage>
                  <source>PMGF</source>
               </mixed-citation>
            </p>
            <p>
               <mixed-citation id="d7046e811" publication-type="other">
Simonides: Ar. Nub. 1355ff.</mixed-citation>
            </p>
            <p>
               <mixed-citation id="d7046e817" publication-type="other">
PMG 507</mixed-citation>
            </p>
            <p>
               <mixed-citation id="d7046e824" publication-type="other">
Ar. Nub. 967</mixed-citation>
            </p>
            <p>
               <mixed-citation id="d7046e830" publication-type="other">
PMGF 274</mixed-citation>
            </p>
            <p>
               <mixed-citation id="d7046e836" publication-type="journal">
Lamprocles, PMG 735<person-group>
                     <string-name>
                        <surname>Lamprocles</surname>
                     </string-name>
                  </person-group>
                  <fpage>735</fpage>
                  <source>PMG</source>
               </mixed-citation>
            </p>
         </fn>
         <fn id="d7046e858a1310">
            <label>22</label>
            <p>
               <mixed-citation id="d7046e865" publication-type="journal">
P. Maas, RE 7.2.1479-81<person-group>
                     <string-name>
                        <surname>Maas</surname>
                     </string-name>
                  </person-group>
                  <issue>2</issue>
                  <fpage>1479</fpage>
                  <volume>7</volume>
                  <source>RE</source>
               </mixed-citation>
            </p>
            <p>
               <mixed-citation id="d7046e893" publication-type="journal">
W. Luppe (Wiss. Z. Halle 18 [1969], 4.218)<person-group>
                     <string-name>
                        <surname>Luppe</surname>
                     </string-name>
                  </person-group>
                  <fpage>4</fpage>
                  <volume>18</volume>
                  <source>Wiss. Z. Halle</source>
                  <year>1969</year>
               </mixed-citation>
            </p>
         </fn>
         <fn id="d7046e922a1310">
            <label>23</label>
            <p>
               <mixed-citation id="d7046e929" publication-type="book">
R. Parker, Athenian Religion. A History (Oxford, 1996), 194, 197-8<person-group>
                     <string-name>
                        <surname>Parker</surname>
                     </string-name>
                  </person-group>
                  <fpage>194</fpage>
                  <source>Athenian Religion. A History</source>
                  <year>1996</year>
               </mixed-citation>
            </p>
         </fn>
         <fn id="d7046e955a1310">
            <label>24</label>
            <p>
               <mixed-citation id="d7046e962" publication-type="other">
Ar. Eccl. 60f.</mixed-citation>
            </p>
            <p>
               <mixed-citation id="d7046e968" publication-type="other">
Thesm. 238</mixed-citation>
            </p>
            <p>
               <mixed-citation id="d7046e974" publication-type="journal">
Henderson on Lys. 87-9<person-group>
                     <string-name>
                        <surname>Henderson</surname>
                     </string-name>
                  </person-group>
                  <fpage>87</fpage>
                  <source>Lys.</source>
               </mixed-citation>
            </p>
            <p>
               <mixed-citation id="d7046e996" publication-type="journal">
Olson on Pax 892-3<person-group>
                     <string-name>
                        <surname>Olson</surname>
                     </string-name>
                  </person-group>
                  <fpage>892</fpage>
                  <source>Pax</source>
               </mixed-citation>
            </p>
         </fn>
         <fn id="d7046e1018a1310">
            <label>25</label>
            <p>
               <mixed-citation id="d7046e1025" publication-type="journal">
Pl. Rep. 3.398E<fpage>398</fpage>
                  <volume>3</volume>
                  <source>Rep.</source>
               </mixed-citation>
            </p>
            <p>
               <mixed-citation id="d7046e1040" publication-type="other">
West (n. 7), 179</mixed-citation>
            </p>
         </fn>
      </fn-group>
   </back>
</article>
