<article xmlns:xsi="http://www.w3.org/2001/XMLSchema-instance"
         xmlns:xlink="http://www.w3.org/1999/xlink"
         xmlns:mml="http://www.w3.org/1998/Math/MathML"
         dtd-version="1.0"
         article-type="research-article">
   <front>
      <journal-meta>
         <journal-id journal-id-type="jstor">clasquar</journal-id>
         <journal-id journal-id-type="jstor">j100124</journal-id>
         <journal-title-group>
            <journal-title>The Classical Quarterly</journal-title>
         </journal-title-group>
         <publisher>
            <publisher-name>Oxford University Press</publisher-name>
         </publisher>
         <issn pub-type="ppub">00098388</issn>
         <issn pub-type="epub">14716844</issn>
      </journal-meta>
      <article-meta>
         <article-id pub-id-type="jstor">3556343</article-id>
         <title-group>
            <article-title>Gaius' Bridge at Baiae and Alexander-Imitatio</article-title>
         </title-group>
         <contrib-group>
            <contrib contrib-type="author">
               <string-name>
                  <given-names>S. J. V.</given-names>
                  <surname>Malloch</surname>
               </string-name>
            </contrib>
         </contrib-group>
         <pub-date>
            <day>1</day>
            <month>1</month>
            <year>2001</year>
         </pub-date>
         <volume>51</volume>
         <issue>1</issue>
         <issue-id>i369249</issue-id>
         <fpage>206</fpage>
         <lpage>217</lpage>
         <page-range>206-217</page-range>
         <permissions>
            <copyright-statement/>
         </permissions>
         <self-uri xlink:href="http://www.jstor.org/stable/3556343"/>
         <custom-meta-group>
            <custom-meta>
               <meta-name>lang</meta-name>
               <meta-value>eng</meta-value>
            </custom-meta>
         </custom-meta-group>
      </article-meta>
   </front>
   <back>
      <fn-group>
         <title>[Footnotes]</title>
         <fn id="d9316e113a1310">
            <label>1</label>
            <p>
               <mixed-citation id="d9316e120" publication-type="book">
D. Wardle, Suetonius' Life of Caligula: A
Commentary, Collection Latomus 225 (Brussels, 1994), 194-6<person-group>
                     <string-name>
                        <surname>Wardle</surname>
                     </string-name>
                  </person-group>
                  <fpage>194</fpage>
                  <volume>225</volume>
                  <source>Suetonius' Life of Caligula: A Commentary</source>
                  <year>1994</year>
               </mixed-citation>
            </p>
            <p>
               <mixed-citation id="d9316e151" publication-type="book">
Donna Hurley, An
Historical and Historiographical Commentary on Suetonius' Life of C. Caligula (Atlanta, 1993),
73ff.<person-group>
                     <string-name>
                        <surname>Hurley</surname>
                     </string-name>
                  </person-group>
                  <fpage>73</fpage>
                  <source>An Historical and Historiographical Commentary on Suetonius' Life of C. Caligula</source>
                  <year>1993</year>
               </mixed-citation>
            </p>
            <p>
               <mixed-citation id="d9316e182" publication-type="journal">
Marc Kleijwegt, 'Caligula's
"triumph" at Baiae', Mnemosyne 47 (1994), 652-71<person-group>
                     <string-name>
                        <surname>Kleijwegt</surname>
                     </string-name>
                  </person-group>
                  <fpage>652</fpage>
                  <volume>47</volume>
                  <source>Mnemosyne</source>
                  <year>1994</year>
               </mixed-citation>
            </p>
            <p>
               <mixed-citation id="d9316e214" publication-type="book">
Jonathan
Edmondson, Dio: The Julio-Claudians: Selections from Books 58-63 of the Roman History of
Cassius Dio (London, 1992), 163ff.<person-group>
                     <string-name>
                        <surname>Edmondson</surname>
                     </string-name>
                  </person-group>
                  <fpage>163</fpage>
                  <source>Dio: The Julio-Claudians: Selections from Books 58-63 of the Roman History of Cassius Dio</source>
                  <year>1992</year>
               </mixed-citation>
            </p>
            <p>
               <mixed-citation id="d9316e245" publication-type="book">
Hugh Lindsay, Suetonius: Caligula (London, 1993), 94-7<person-group>
                     <string-name>
                        <surname>Lindsay</surname>
                     </string-name>
                  </person-group>
                  <fpage>94</fpage>
                  <source>Suetonius: Caligula</source>
                  <year>1993</year>
               </mixed-citation>
            </p>
            <p>
               <mixed-citation id="d9316e269" publication-type="book">
Barrett's interpretation is a case in point (Caligula: The
Corruption of Power [London, 1989], 211-12)<person-group>
                     <string-name>
                        <surname>Barrett</surname>
                     </string-name>
                  </person-group>
                  <fpage>211</fpage>
                  <source>Caligula: The Corruption of Power</source>
                  <year>1989</year>
               </mixed-citation>
            </p>
            <p>
               <mixed-citation id="d9316e297" publication-type="journal">
Barry Baldwin, review of Barrett in Ancient
History Bulletin 4 (1990), 140<person-group>
                     <string-name>
                        <surname>Baldwin</surname>
                     </string-name>
                  </person-group>
                  <fpage>140</fpage>
                  <volume>4</volume>
                  <source>Ancient History Bulletin</source>
                  <year>1990</year>
               </mixed-citation>
            </p>
            <p>
               <mixed-citation id="d9316e328" publication-type="other">
Kleijwegt (n. 1), 655, n. 12</mixed-citation>
            </p>
         </fn>
         <fn id="d9316e335a1310">
            <label>2</label>
            <p>
               <mixed-citation id="d9316e342" publication-type="other">
Lindsay (n. 1), 97</mixed-citation>
            </p>
         </fn>
         <fn id="d9316e349a1310">
            <label>3</label>
            <p>
               <mixed-citation id="d9316e356" publication-type="book">
J.P.V. D. Balsdon, The Emperor Gaius (Caligula) (Oxford, 1934), 52-3<person-group>
                     <string-name>
                        <surname>Balsdon</surname>
                     </string-name>
                  </person-group>
                  <fpage>52</fpage>
                  <source>The Emperor Gaius (Caligula)</source>
                  <year>1934</year>
               </mixed-citation>
            </p>
            <p>
               <mixed-citation id="d9316e380" publication-type="other">
Barrett (n. 1), 212</mixed-citation>
            </p>
            <p>
               <mixed-citation id="d9316e386" publication-type="other">
Lindsay (n. 1), 97</mixed-citation>
            </p>
            <p>
               <mixed-citation id="d9316e393" publication-type="other">
Hurley (n. 1), 78</mixed-citation>
            </p>
            <p>
               <mixed-citation id="d9316e399" publication-type="other">
Kleijwegt (n. 1), 657</mixed-citation>
            </p>
            <p>
               <mixed-citation id="d9316e405" publication-type="other">
Wardle (n. 1), 193</mixed-citation>
            </p>
         </fn>
         <fn id="d9316e412a1310">
            <label>4</label>
            <p>
               <mixed-citation id="d9316e419" publication-type="book">
John Marincola, Authority and Tradition in Ancient Historiography
(Cambridge, 1997), ch. 2 and appendix 4<person-group>
                     <string-name>
                        <surname>Marincola</surname>
                     </string-name>
                  </person-group>
                  <source>Authority and Tradition in Ancient Historiography</source>
                  <year>1997</year>
               </mixed-citation>
            </p>
         </fn>
         <fn id="d9316e445a1310">
            <label>5</label>
            <p>
               <mixed-citation id="d9316e452" publication-type="book">
A. J. Woodman and R. H. Martin, Annals of Tacitus, Book 3 (Cambridge, 1996), 168ff.<person-group>
                     <string-name>
                        <surname>Woodman</surname>
                     </string-name>
                  </person-group>
                  <fpage>168</fpage>
                  <source>Annals of Tacitus, Book 3</source>
                  <year>1996</year>
               </mixed-citation>
            </p>
         </fn>
         <fn id="d9316e477a1310">
            <label>6</label>
            <p>
               <mixed-citation id="d9316e484" publication-type="other">
59.16.11</mixed-citation>
            </p>
            <p>
               <mixed-citation id="d9316e490" publication-type="other">
59.17.1</mixed-citation>
            </p>
            <p>
               <mixed-citation id="d9316e496" publication-type="other">
Barrett [n. 1], 211</mixed-citation>
            </p>
            <p>
               <mixed-citation id="d9316e503" publication-type="other">
59.17.6-8</mixed-citation>
            </p>
         </fn>
         <fn id="d9316e510a1310">
            <label>7</label>
            <p>
               <mixed-citation id="d9316e517" publication-type="book">
W W. How and J. Wells, A Commentary on
Herodotus (Oxford, 1912), 1.429<person-group>
                     <string-name>
                        <surname>How</surname>
                     </string-name>
                  </person-group>
                  <fpage>429</fpage>
                  <volume>1</volume>
                  <source>A Commentary on Herodotus</source>
                  <year>1912</year>
               </mixed-citation>
            </p>
            <p>
               <mixed-citation id="d9316e548" publication-type="other">
1.332 (on 4.85.2)</mixed-citation>
            </p>
         </fn>
         <fn id="d9316e555a1310">
            <label>8</label>
            <p>
               <mixed-citation id="d9316e562" publication-type="other">
Edmondson (n. 1), 164</mixed-citation>
            </p>
            <p>
               <mixed-citation id="d9316e568" publication-type="book">
Richard Alston, Aspects of Roman History A.D. 14-117 (London, 1998),
73<person-group>
                     <string-name>
                        <surname>Alston</surname>
                     </string-name>
                  </person-group>
                  <fpage>73</fpage>
                  <source>Aspects of Roman History A.D. 14-117</source>
                  <year>1998</year>
               </mixed-citation>
            </p>
            <p>
               <mixed-citation id="d9316e596" publication-type="other">
Hurley ([n. 1], 73-4)</mixed-citation>
            </p>
            <p>
               <mixed-citation id="d9316e603" publication-type="journal">
Suet. Cal. 14.3<object-id pub-id-type="doi">10.2307/2931418</object-id>
                  <fpage>3</fpage>
               </mixed-citation>
            </p>
            <p>
               <mixed-citation id="d9316e615" publication-type="other">
Dio
59.27.3</mixed-citation>
            </p>
            <p>
               <mixed-citation id="d9316e624" publication-type="other">
Tac. Ann. 6.41-44.5</mixed-citation>
            </p>
            <p>
               <mixed-citation id="d9316e630" publication-type="other">
Wardle [n. 1], 195</mixed-citation>
            </p>
         </fn>
         <fn id="d9316e637a1310">
            <label>9</label>
            <p>
               <mixed-citation id="d9316e644" publication-type="other">
Barrett (n. 1), 212</mixed-citation>
            </p>
            <p>
               <mixed-citation id="d9316e650" publication-type="other">
Edmondson (n. 1), 166</mixed-citation>
            </p>
            <p>
               <mixed-citation id="d9316e656" publication-type="other">
Wardle (n. 1), 193</mixed-citation>
            </p>
         </fn>
         <fn id="d9316e663a1310">
            <label>10</label>
            <p>
               <mixed-citation id="d9316e670" publication-type="journal">
J. Rufus Fears, 'The Stoic view of the career and character of Alexander the Great',
Philologus 118 (1974), 113-30<person-group>
                     <string-name>
                        <surname>Fears</surname>
                     </string-name>
                  </person-group>
                  <fpage>113</fpage>
                  <volume>118</volume>
                  <source>Philologus</source>
                  <year>1974</year>
               </mixed-citation>
            </p>
            <p>
               <mixed-citation id="d9316e701" publication-type="book">
A. B. Bosworth, Alexander and the East: The Tragedy
of Triumph (Oxford, 1996), 1-2<person-group>
                     <string-name>
                        <surname>Bosworth</surname>
                     </string-name>
                  </person-group>
                  <fpage>1</fpage>
                  <source>Alexander and the East: The Tragedy of Triumph</source>
                  <year>1996</year>
               </mixed-citation>
            </p>
            <p>
               <mixed-citation id="d9316e729" publication-type="book">
Elizabeth Baynham, Alexander the Great: The Unique History of Quintus Curtius
(Michigan, 1998), 11, 25-30<person-group>
                     <string-name>
                        <surname>Baynham</surname>
                     </string-name>
                  </person-group>
                  <fpage>25</fpage>
                  <volume>11</volume>
                  <source>Alexander the Great: The Unique History of Quintus Curtius</source>
                  <year>1998</year>
               </mixed-citation>
            </p>
         </fn>
         <fn id="d9316e762a1310">
            <label>11</label>
            <p>
               <mixed-citation id="d9316e769" publication-type="other">
vesanus: De Ben. 1.13.3</mixed-citation>
            </p>
            <p>
               <mixed-citation id="d9316e775" publication-type="other">
2.16.1</mixed-citation>
            </p>
            <p>
               <mixed-citation id="d9316e781" publication-type="journal">
Epp. 91.17<fpage>17</fpage>
                  <volume>91</volume>
                  <source>Epp.</source>
               </mixed-citation>
            </p>
            <p>
               <mixed-citation id="d9316e797" publication-type="journal">
Epp. 94.62<fpage>62</fpage>
                  <volume>94</volume>
                  <source>Epp.</source>
               </mixed-citation>
            </p>
         </fn>
         <fn id="d9316e813a1310">
            <label>12</label>
            <p>
               <mixed-citation id="d9316e820" publication-type="other">
De Ben. 1.13.1</mixed-citation>
            </p>
            <p>
               <mixed-citation id="d9316e826" publication-type="other">
De Ben. 1.13.2</mixed-citation>
            </p>
            <p>
               <mixed-citation id="d9316e832" publication-type="other">
De Ben. 2.16.2</mixed-citation>
            </p>
         </fn>
         <fn id="d9316e839a1310">
            <label>13</label>
            <p>
               <mixed-citation id="d9316e846" publication-type="journal">
Epp. 91.17<fpage>17</fpage>
                  <volume>91</volume>
                  <source>Epp.</source>
               </mixed-citation>
            </p>
            <p>
               <mixed-citation id="d9316e861" publication-type="other">
Sen. De Ben. 1.13.3</mixed-citation>
            </p>
            <p>
               <mixed-citation id="d9316e867" publication-type="other">
(aviditas: De
Ben. 7.2.6)</mixed-citation>
            </p>
            <p>
               <mixed-citation id="d9316e877" publication-type="journal">
cruel (crudelitas: Epp. 94.62)<fpage>62</fpage>
                  <volume>94</volume>
                  <source>Epp.</source>
               </mixed-citation>
            </p>
            <p>
               <mixed-citation id="d9316e892" publication-type="other">
(latro: De Ben. 1.13.3)</mixed-citation>
            </p>
            <p>
               <mixed-citation id="d9316e898" publication-type="other">
(per-
nicies: De Ben. 1.13.3)</mixed-citation>
            </p>
            <p>
               <mixed-citation id="d9316e907" publication-type="other">
Lucan's equally hostile denunciation of Alexander (B. C. 10.20-46)</mixed-citation>
            </p>
            <p>
               <mixed-citation id="d9316e913" publication-type="other">
Baynham (n. 10), 11</mixed-citation>
            </p>
         </fn>
         <fn id="d9316e920a1310">
            <label>14</label>
            <p>
               <mixed-citation id="d9316e927" publication-type="book">
Miriam T. Griffin, Seneca: A Philosopher in Politics (Oxford, 1976), 316<person-group>
                     <string-name>
                        <surname>Griffin</surname>
                     </string-name>
                  </person-group>
                  <fpage>316</fpage>
                  <source>Seneca: A Philosopher in Politics</source>
                  <year>1976</year>
               </mixed-citation>
            </p>
         </fn>
         <fn id="d9316e952a1310">
            <label>15</label>
            <p>
               <mixed-citation id="d9316e959" publication-type="other">
below, n. 48</mixed-citation>
            </p>
         </fn>
         <fn id="d9316e966a1310">
            <label>16</label>
            <p>
               <mixed-citation id="d9316e973" publication-type="other">
Hurley (n. 1), 75-6</mixed-citation>
            </p>
         </fn>
         <fn id="d9316e981a1310">
            <label>17</label>
            <p>
               <mixed-citation id="d9316e988" publication-type="book">
Valerie A. Maxfield, The Military Decorations of the Roman Army
(London, 1981), 91ff<person-group>
                     <string-name>
                        <surname>Maxfield</surname>
                     </string-name>
                  </person-group>
                  <fpage>91</fpage>
                  <source>The Military Decorations of the Roman Army</source>
                  <year>1981</year>
               </mixed-citation>
            </p>
            <p>
               <mixed-citation id="d9316e1016" publication-type="journal">
Suet. Claud. 17.3<fpage>3</fpage>
                  <volume>17</volume>
                  <source>Claud.</source>
               </mixed-citation>
            </p>
         </fn>
         <fn id="d9316e1032a1310">
            <label>18</label>
            <p>
               <mixed-citation id="d9316e1039" publication-type="other">
Julius Caesar (Dio 44.4.5</mixed-citation>
            </p>
            <p>
               <mixed-citation id="d9316e1045" publication-type="journal">
Appian, B.C. 2.106)<person-group>
                     <string-name>
                        <surname>Appian</surname>
                     </string-name>
                  </person-group>
                  <fpage>106</fpage>
                  <source>B.C.</source>
               </mixed-citation>
            </p>
            <p>
               <mixed-citation id="d9316e1066" publication-type="journal">
Augustus (R. G 34<person-group>
                     <string-name>
                        <surname>Augustus</surname>
                     </string-name>
                  </person-group>
                  <fpage>34</fpage>
                  <source>R. G</source>
               </mixed-citation>
            </p>
            <p>
               <mixed-citation id="d9316e1088" publication-type="other">
Dio 53.16.4)</mixed-citation>
            </p>
            <p>
               <mixed-citation id="d9316e1094" publication-type="journal">
Claudius (Suet. Claud. 17.3)<person-group>
                     <string-name>
                        <surname>Claudius</surname>
                     </string-name>
                  </person-group>
                  <fpage>3</fpage>
                  <volume>17</volume>
                  <source>Claud.</source>
               </mixed-citation>
            </p>
            <p>
               <mixed-citation id="d9316e1118" publication-type="journal">
Tiberius (Suet. Tib. 26.2)<person-group>
                     <string-name>
                        <surname>Tiberius</surname>
                     </string-name>
                  </person-group>
                  <fpage>2</fpage>
                  <volume>26</volume>
                  <source>Tib.</source>
               </mixed-citation>
            </p>
            <p>
               <mixed-citation id="d9316e1142" publication-type="other">
Barrett [n. 1], 70-1</mixed-citation>
            </p>
            <p>
               <mixed-citation id="d9316e1148" publication-type="other">
Maxfield (n. 17), 70ff</mixed-citation>
            </p>
            <p>
               <mixed-citation id="d9316e1154" publication-type="other">
Hurley (n. 1), 76</mixed-citation>
            </p>
         </fn>
         <fn id="d9316e1161a1310">
            <label>19</label>
            <p>
               <mixed-citation id="d9316e1168" publication-type="other">
Livy 31.36.1</mixed-citation>
            </p>
            <p>
               <mixed-citation id="d9316e1174" publication-type="other">
33.4.4</mixed-citation>
            </p>
            <p>
               <mixed-citation id="d9316e1180" publication-type="other">
33.8.7, 13</mixed-citation>
            </p>
            <p>
               <mixed-citation id="d9316e1187" publication-type="other">
33.15.11</mixed-citation>
            </p>
            <p>
               <mixed-citation id="d9316e1193" publication-type="other">
35.28.11</mixed-citation>
            </p>
         </fn>
         <fn id="d9316e1200a1310">
            <label>20</label>
            <p>
               <mixed-citation id="d9316e1207" publication-type="journal">
Epit. 3.9<fpage>9</fpage>
                  <volume>3</volume>
                  <source>Epit.</source>
               </mixed-citation>
            </p>
            <p>
               <mixed-citation id="d9316e1222" publication-type="other">
Hurley [n. 1], 76</mixed-citation>
            </p>
            <p>
               <mixed-citation id="d9316e1228" publication-type="other">
Lindsay [n. 1], 96</mixed-citation>
            </p>
         </fn>
         <fn id="d9316e1235a1310">
            <label>21</label>
            <p>
               <mixed-citation id="d9316e1242" publication-type="other">
Tac. Ann. 2.33.1-2</mixed-citation>
            </p>
            <p>
               <mixed-citation id="d9316e1248" publication-type="other">
Dio 57.15.1</mixed-citation>
            </p>
            <p>
               <mixed-citation id="d9316e1254" publication-type="other">
Suet. Cal. 52</mixed-citation>
            </p>
            <p>
               <mixed-citation id="d9316e1261" publication-type="other">
Dio
59.12.2</mixed-citation>
            </p>
            <p>
               <mixed-citation id="d9316e1270" publication-type="other">
26.10</mixed-citation>
            </p>
            <p>
               <mixed-citation id="d9316e1276" publication-type="other">
Edmondson (n. 1), 165</mixed-citation>
            </p>
         </fn>
         <fn id="d9316e1283a1310">
            <label>22</label>
            <p>
               <mixed-citation id="d9316e1290" publication-type="other">
5.7.1-8.1</mixed-citation>
            </p>
            <p>
               <mixed-citation id="d9316e1296" publication-type="other">
Curtius (8.10.2-3)</mixed-citation>
            </p>
            <p>
               <mixed-citation id="d9316e1302" publication-type="other">
Diodorus (17.86.3)</mixed-citation>
            </p>
            <p>
               <mixed-citation id="d9316e1309" publication-type="other">
Metz Epitome (48)</mixed-citation>
            </p>
            <p>
               <mixed-citation id="d9316e1315" publication-type="book">
A. B. Bosworth, A
Historical Commentary on Arrian's History of Alexander 2: Books IV-V (Oxford, 1995), 254-9<person-group>
                     <string-name>
                        <surname>Bosworth</surname>
                     </string-name>
                  </person-group>
                  <fpage>254</fpage>
                  <source>A Historical Commentary on Arrian's History of Alexander 2: Books IV-V</source>
                  <year>1995</year>
               </mixed-citation>
            </p>
         </fn>
         <fn id="d9316e1345a1310">
            <label>23</label>
            <p>
               <mixed-citation id="d9316e1352" publication-type="other">
Arrian 1.11.1-6</mixed-citation>
            </p>
         </fn>
         <fn id="d9316e1359a1310">
            <label>24</label>
            <p>
               <mixed-citation id="d9316e1366" publication-type="other">
Hurley ([n. 1], 74)</mixed-citation>
            </p>
            <p>
               <mixed-citation id="d9316e1372" publication-type="other">
Kleijwegt ([n. 1], passim)</mixed-citation>
            </p>
            <p>
               <mixed-citation id="d9316e1378" publication-type="other">
Wardle ([n.1], 192)</mixed-citation>
            </p>
            <p>
               <mixed-citation id="d9316e1385" publication-type="other">
ibid.</mixed-citation>
            </p>
         </fn>
         <fn id="d9316e1392a1310">
            <label>25</label>
            <p>
               <mixed-citation id="d9316e1399" publication-type="book">
J. R. Hamilton, Plutarch Alexander: A Commentary (Oxford, 1969), 185<person-group>
                     <string-name>
                        <surname>Hamilton</surname>
                     </string-name>
                  </person-group>
                  <fpage>185</fpage>
                  <source>Plutarch Alexander: A Commentary</source>
                  <year>1969</year>
               </mixed-citation>
            </p>
            <p>
               <mixed-citation id="d9316e1423" publication-type="book">
Paul Goukowsky, Essai sur les origines de mythe d'Alexandre (336-270 B.c.), 2:
Alexandre et Dionysos (Nancy, 1988), ch. 4<person-group>
                     <string-name>
                        <surname>Goukowsky</surname>
                     </string-name>
                  </person-group>
                  <comment content-type="section">Essai sur les origines de mythe d'Alexandre (336-270 B.c.)</comment>
                  <source>Alexandre et Dionysos</source>
                  <year>1988</year>
               </mixed-citation>
            </p>
         </fn>
         <fn id="d9316e1452a1310">
            <label>26</label>
            <p>
               <mixed-citation id="d9316e1459" publication-type="book">
A. B. Bosworth, Conquest and Empire: The Reign of Alexander the Great (Cambridge,
1988), 147<person-group>
                     <string-name>
                        <surname>Bosworth</surname>
                     </string-name>
                  </person-group>
                  <fpage>147</fpage>
                  <source>Conquest and Empire: The Reign of Alexander the Great</source>
                  <year>1988</year>
               </mixed-citation>
            </p>
         </fn>
         <fn id="d9316e1488a1310">
            <label>27</label>
            <p>
               <mixed-citation id="d9316e1495" publication-type="journal">
P. H. Green, 'Caesar and Alexander: aemulatio, imitatio, comparatio', AJAH 3 (1978), 7<person-group>
                     <string-name>
                        <surname>Green</surname>
                     </string-name>
                  </person-group>
                  <fpage>7</fpage>
                  <volume>3</volume>
                  <source>AJAH</source>
                  <year>1978</year>
               </mixed-citation>
            </p>
         </fn>
         <fn id="d9316e1524a1310">
            <label>28</label>
            <p>
               <mixed-citation id="d9316e1531" publication-type="journal">
The elder Pliny, for example, refers to him as celebratus auctor (N H. 10.136).<person-group>
                     <string-name>
                        <surname>Pliny</surname>
                     </string-name>
                  </person-group>
                  <fpage>136</fpage>
                  <volume>10</volume>
                  <source>N H.</source>
               </mixed-citation>
            </p>
         </fn>
         <fn id="d9316e1557a1310">
            <label>29</label>
            <p>
               <mixed-citation id="d9316e1564" publication-type="other">
Bosworth (n. 26), 297-8.</mixed-citation>
            </p>
         </fn>
         <fn id="d9316e1571a1310">
            <label>30</label>
            <p>
               <mixed-citation id="d9316e1578" publication-type="other">
17.106.1</mixed-citation>
            </p>
            <p>
               <mixed-citation id="d9316e1584" publication-type="journal">
Plutarch
(Alex. 67)<person-group>
                     <string-name>
                        <surname>Plutarch</surname>
                     </string-name>
                  </person-group>
                  <fpage>67</fpage>
                  <source>Alex.</source>
               </mixed-citation>
            </p>
            <p>
               <mixed-citation id="d9316e1608" publication-type="other">
Bosworth [n. 26], 298</mixed-citation>
            </p>
            <p>
               <mixed-citation id="d9316e1615" publication-type="other">
Arrian (6.28.1-3)</mixed-citation>
            </p>
         </fn>
         <fn id="d9316e1622a1310">
            <label>31</label>
            <p>
               <mixed-citation id="d9316e1629" publication-type="other">
Balsdon ([n. 3], 51)</mixed-citation>
            </p>
            <p>
               <mixed-citation id="d9316e1635" publication-type="other">
Wardle ([n. 1], 190)</mixed-citation>
            </p>
            <p>
               <mixed-citation id="d9316e1641" publication-type="book">
T. S. Jerome, Aspects of the Study of Roman History (New York and London, 1923),
394-5<person-group>
                     <string-name>
                        <surname>Jerome</surname>
                     </string-name>
                  </person-group>
                  <fpage>394</fpage>
                  <source>Aspects of the Study of Roman History</source>
                  <year>1923</year>
               </mixed-citation>
            </p>
         </fn>
         <fn id="d9316e1670a1310">
            <label>32</label>
            <p>
               <mixed-citation id="d9316e1677" publication-type="other">
Kleijwegt ([n. 1], 659)</mixed-citation>
            </p>
         </fn>
         <fn id="d9316e1684a1310">
            <label>33</label>
            <p>
               <mixed-citation id="d9316e1691" publication-type="other">
Curt. 8.1.20-2.12</mixed-citation>
            </p>
            <p>
               <mixed-citation id="d9316e1697" publication-type="other">
Plut. Alex. 50-2</mixed-citation>
            </p>
            <p>
               <mixed-citation id="d9316e1703" publication-type="other">
Arrian 4.8-9</mixed-citation>
            </p>
            <p>
               <mixed-citation id="d9316e1710" publication-type="other">
Just. 12.6.1-16</mixed-citation>
            </p>
         </fn>
         <fn id="d9316e1717a1310">
            <label>34</label>
            <p>
               <mixed-citation id="d9316e1724" publication-type="book">
John D. Christie (ed.), C. J. Fordyce, P Vergili Maronis Aeneidos Libri VII &amp; VIII (Oxford,
1977) on 8.720ff<person-group>
                     <string-name>
                        <surname>Christie</surname>
                     </string-name>
                  </person-group>
                  <fpage>720</fpage>
                  <volume>8</volume>
                  <source>P Vergili Maronis Aeneidos Libri VII &amp; VIII</source>
                  <year>1977</year>
               </mixed-citation>
            </p>
            <p>
               <mixed-citation id="d9316e1755" publication-type="journal">
Brian Bosworth, 'Augustus, the Res Gestae and Hellenistic theories of
apotheosis', JRS 89 (1999), 8<object-id pub-id-type="doi">10.2307/300731</object-id>
                  <fpage>8</fpage>
               </mixed-citation>
            </p>
         </fn>
         <fn id="d9316e1772a1310">
            <label>35</label>
            <p>
               <mixed-citation id="d9316e1779" publication-type="other">
OLD s.v. indignor I a.</mixed-citation>
            </p>
         </fn>
         <fn id="d9316e1786a1310">
            <label>36</label>
            <p>
               <mixed-citation id="d9316e1793" publication-type="other">
Mynors ad loc.</mixed-citation>
            </p>
         </fn>
         <fn id="d9316e1800a1310">
            <label>37</label>
            <p>
               <mixed-citation id="d9316e1807" publication-type="journal">
(on Aen. 8.728)<fpage>728</fpage>
                  <volume>8</volume>
                  <source>Aen.</source>
               </mixed-citation>
            </p>
         </fn>
         <fn id="d9316e1823a1310">
            <label>38</label>
            <p>
               <mixed-citation id="d9316e1830" publication-type="other">
Bosworth (n. 34), 8.</mixed-citation>
            </p>
         </fn>
         <fn id="d9316e1837a1310">
            <label>39</label>
            <p>
               <mixed-citation id="d9316e1844" publication-type="journal">
Aen. 6.792ff.<fpage>792</fpage>
                  <volume>6</volume>
                  <source>Aen.</source>
               </mixed-citation>
            </p>
            <p>
               <mixed-citation id="d9316e1859" publication-type="journal">
Geo. 3.26ff.<object-id pub-id-type="doi">10.2307/207363</object-id>
                  <fpage>26</fpage>
               </mixed-citation>
            </p>
            <p>
               <mixed-citation id="d9316e1871" publication-type="other">
Horace, Odes 1.12.53-60</mixed-citation>
            </p>
            <p>
               <mixed-citation id="d9316e1878" publication-type="other">
4.14.41-52</mixed-citation>
            </p>
            <p>
               <mixed-citation id="d9316e1884" publication-type="other">
Propertius 3.4</mixed-citation>
            </p>
            <p>
               <mixed-citation id="d9316e1890" publication-type="journal">
Augustus' Porticus ad nationes (on Aen. 8.721<person-group>
                     <string-name>
                        <surname>Augustus</surname>
                     </string-name>
                  </person-group>
                  <fpage>721</fpage>
                  <volume>8</volume>
                  <source>Aen.</source>
               </mixed-citation>
            </p>
            <p>
               <mixed-citation id="d9316e1914" publication-type="book">
Alexander G. Mackay, 'Non
enarrabile textum? The shield of Aeneas and the triple triumph of 29 B.c. [Aen. 8.630-728]', in
Hans-Peter Stahl (ed.), Vergil's Aeneid. Augustan Epic and Political Context [London, 1998], 211)<person-group>
                     <string-name>
                        <surname>MacKay</surname>
                     </string-name>
                  </person-group>
                  <comment content-type="section">'Non enarrabile textum? The shield of Aeneas and the triple triumph of 29 B.c. [Aen. 8.630-728]'</comment>
                  <fpage>211</fpage>
                  <source>Vergil's Aeneid. Augustan Epic and Political Context</source>
                  <year>1998</year>
               </mixed-citation>
            </p>
         </fn>
         <fn id="d9316e1949a1310">
            <label>40</label>
            <p>
               <mixed-citation id="d9316e1956" publication-type="journal">
J. S. Richardson, review of O. Weippert, Alexander-imitatio und Rdmische Politik in
republikanischer Zeit (Augsburg, 1972), in JRS 64 (1974), 238<object-id pub-id-type="doi">10.2307/299284</object-id>
                  <fpage>238</fpage>
               </mixed-citation>
            </p>
            <p>
               <mixed-citation id="d9316e1971" publication-type="other">
Green (n. 27), 2</mixed-citation>
            </p>
         </fn>
         <fn id="d9316e1979a1310">
            <label>41</label>
            <p>
               <mixed-citation id="d9316e1986" publication-type="other">
Green (n. 27), 1-26</mixed-citation>
            </p>
            <p>
               <mixed-citation id="d9316e1992" publication-type="book">
E. S. Gruen, 'Rome and the myth of Alexander', in T. W. Hillard et
al. (edd.), Ancient History in a Modern University 1: The Ancient Near East, Greece, and Rome
(Macquarie University, NSW; Grand Rapids, MI, and Cambridge, 1998), 178-191<person-group>
                     <string-name>
                        <surname>Gruen</surname>
                     </string-name>
                  </person-group>
                  <comment content-type="section">'Rome and the myth of Alexander'</comment>
                  <fpage>178</fpage>
                  <source>Ancient History in a Modern University</source>
                  <year>1998</year>
               </mixed-citation>
            </p>
         </fn>
         <fn id="d9316e2027a1310">
            <label>42</label>
            <p>
               <mixed-citation id="d9316e2034" publication-type="other">
Gruen (n. 41), 190-1.</mixed-citation>
            </p>
         </fn>
         <fn id="d9316e2041a1310">
            <label>44</label>
            <p>
               <mixed-citation id="d9316e2048" publication-type="other">
above, p. 208 with n. 6</mixed-citation>
            </p>
         </fn>
         <fn id="d9316e2055a1310">
            <label>45</label>
            <p>
               <mixed-citation id="d9316e2064" publication-type="journal">
Plut. Caes. 11.3<fpage>3</fpage>
                  <volume>11</volume>
                  <source>Caes.</source>
               </mixed-citation>
            </p>
            <p>
               <mixed-citation id="d9316e2079" publication-type="other">
Suet. lul. 7</mixed-citation>
            </p>
            <p>
               <mixed-citation id="d9316e2086" publication-type="other">
Dio
37.52.2</mixed-citation>
            </p>
         </fn>
         <fn id="d9316e2096a1310">
            <label>46</label>
            <p>
               <mixed-citation id="d9316e2103" publication-type="other">
Green (n. 27), 8, 10, 16</mixed-citation>
            </p>
            <p>
               <mixed-citation id="d9316e2109" publication-type="other">
Gruen (n. 41), 186</mixed-citation>
            </p>
         </fn>
         <fn id="d9316e2116a1310">
            <label>47</label>
            <p>
               <mixed-citation id="d9316e2123" publication-type="other">
Green (n. 27), 3-4</mixed-citation>
            </p>
            <p>
               <mixed-citation id="d9316e2129" publication-type="other">
Gruen (n. 41), 187</mixed-citation>
            </p>
         </fn>
         <fn id="d9316e2137a1310">
            <label>48</label>
            <p>
               <mixed-citation id="d9316e2144" publication-type="journal">
Josephus = 30 stades (A.J 19.6)<person-group>
                     <string-name>
                        <surname>Josephus</surname>
                     </string-name>
                  </person-group>
                  <fpage>6</fpage>
                  <volume>19</volume>
                  <source>A.J</source>
               </mixed-citation>
            </p>
            <p>
               <mixed-citation id="d9316e2168" publication-type="journal">
(Cal. 19.1)<object-id pub-id-type="jstor">10.2307/3299312</object-id>
                  <fpage>1</fpage>
               </mixed-citation>
            </p>
            <p>
               <mixed-citation id="d9316e2180" publication-type="other">
Dio = 26 stades (59.17.1)</mixed-citation>
            </p>
            <p>
               <mixed-citation id="d9316e2187" publication-type="journal">
Epit. = 3 miles (3.9)<fpage>9</fpage>
                  <volume>3</volume>
                  <source>Epit.</source>
               </mixed-citation>
            </p>
            <p>
               <mixed-citation id="d9316e2202" publication-type="other">
5.20.10</mixed-citation>
            </p>
            <p>
               <mixed-citation id="d9316e2208" publication-type="other">
5.4.2</mixed-citation>
            </p>
            <p>
               <mixed-citation id="d9316e2214" publication-type="other">
6.14.5</mixed-citation>
            </p>
            <p>
               <mixed-citation id="d9316e2220" publication-type="other">
6.18.5</mixed-citation>
            </p>
            <p>
               <mixed-citation id="d9316e2226" publication-type="other">
5.20.10</mixed-citation>
            </p>
            <p>
               <mixed-citation id="d9316e2233" publication-type="other">
Bosworth [n. 22], ad loc.</mixed-citation>
            </p>
            <p>
               <mixed-citation id="d9316e2239" publication-type="other">
Bosworth (n. 22), on Arr. 5.4.2</mixed-citation>
            </p>
            <p>
               <mixed-citation id="d9316e2245" publication-type="other">
Barrett (n. 1), 212</mixed-citation>
            </p>
            <p>
               <mixed-citation id="d9316e2251" publication-type="other">
Edmondson (n. 1), 164</mixed-citation>
            </p>
            <p>
               <mixed-citation id="d9316e2257" publication-type="other">
Lindsay (n. 1), 94-5</mixed-citation>
            </p>
            <p>
               <mixed-citation id="d9316e2263" publication-type="other">
Hurley (n. 1), 74-5</mixed-citation>
            </p>
            <p>
               <mixed-citation id="d9316e2270" publication-type="other">
Wardle (n. 1), 189-90</mixed-citation>
            </p>
         </fn>
         <fn id="d9316e2277a1310">
            <label>49</label>
            <p>
               <mixed-citation id="d9316e2284" publication-type="other">
Kleijwegt (n. 1), 664</mixed-citation>
            </p>
         </fn>
         <fn id="d9316e2291a1310">
            <label>50</label>
            <p>
               <mixed-citation id="d9316e2298" publication-type="journal">
Suet. Cal. 10.1<fpage>1</fpage>
                  <volume>10</volume>
                  <source>Cal.</source>
               </mixed-citation>
            </p>
            <p>
               <mixed-citation id="d9316e2313" publication-type="other">
Wardle
[n. 1], 138</mixed-citation>
            </p>
            <p>
               <mixed-citation id="d9316e2322" publication-type="journal">
Suet. Cal. 12.1<fpage>1</fpage>
                  <volume>12</volume>
                  <source>Cal.</source>
               </mixed-citation>
            </p>
            <p>
               <mixed-citation id="d9316e2338" publication-type="other">
Dio 58.7.4</mixed-citation>
            </p>
            <p>
               <mixed-citation id="d9316e2344" publication-type="other">
8.1</mixed-citation>
            </p>
            <p>
               <mixed-citation id="d9316e2350" publication-type="other">
Dio 58.23.1</mixed-citation>
            </p>
            <p>
               <mixed-citation id="d9316e2356" publication-type="other">
ILS 189</mixed-citation>
            </p>
            <p>
               <mixed-citation id="d9316e2362" publication-type="other">
EJ no. 97</mixed-citation>
            </p>
            <p>
               <mixed-citation id="d9316e2368" publication-type="other">
Barrett [n. 1], 261, n. 59</mixed-citation>
            </p>
            <p>
               <mixed-citation id="d9316e2375" publication-type="other">
Balsdon
(n. 3), 12-24</mixed-citation>
            </p>
            <p>
               <mixed-citation id="d9316e2384" publication-type="other">
Barrett (n. 1), ch. 2</mixed-citation>
            </p>
         </fn>
         <fn id="d9316e2391a1310">
            <label>51</label>
            <p>
               <mixed-citation id="d9316e2398" publication-type="journal">
Tac. Ann. 1.41-4<object-id pub-id-type="jstor">10.2307/2946038</object-id>
                  <fpage>41</fpage>
               </mixed-citation>
            </p>
            <p>
               <mixed-citation id="d9316e2410" publication-type="other">
Suet. Cal. 9</mixed-citation>
            </p>
            <p>
               <mixed-citation id="d9316e2416" publication-type="other">
Dio 57.5.5-7</mixed-citation>
            </p>
            <p>
               <mixed-citation id="d9316e2423" publication-type="journal">
Suet. Cal. 10.1<fpage>1</fpage>
                  <volume>10</volume>
                  <source>Cal.</source>
               </mixed-citation>
            </p>
            <p>
               <mixed-citation id="d9316e2438" publication-type="journal">
IGGR 4.251<fpage>251</fpage>
                  <volume>4</volume>
                  <source>IGGR</source>
               </mixed-citation>
            </p>
            <p>
               <mixed-citation id="d9316e2453" publication-type="other">
Tac. Ann. 3.1.4</mixed-citation>
            </p>
            <p>
               <mixed-citation id="d9316e2459" publication-type="other">
Woodman and Martin [n. 5], ad loc.</mixed-citation>
            </p>
         </fn>
         <fn id="d9316e2466a1310">
            <label>52</label>
            <p>
               <mixed-citation id="d9316e2473" publication-type="journal">
Suet. Cal. 10.1<fpage>1</fpage>
                  <volume>10</volume>
                  <source>Cal.</source>
               </mixed-citation>
            </p>
            <p>
               <mixed-citation id="d9316e2488" publication-type="other">
Wardle [n. 1], 138</mixed-citation>
            </p>
         </fn>
         <fn id="d9316e2495a1310">
            <label>53</label>
            <p>
               <mixed-citation id="d9316e2502" publication-type="book">
Harold Mattingly, Coins of the Roman Empire in the British Museum I: Augustus to Vitellius
(London, 1965), Caligula, no. 33 (p. 151)<person-group>
                     <string-name>
                        <surname>Mattingly</surname>
                     </string-name>
                  </person-group>
                  <fpage>151</fpage>
                  <source>Coins of the Roman Empire in the British Museum</source>
                  <year>1965</year>
               </mixed-citation>
            </p>
            <p>
               <mixed-citation id="d9316e2530" publication-type="book">
J. B. Campbell, The Emperor and the Roman Army 31
B.C-A.D. 235 (Oxford, 1984), 35<person-group>
                     <string-name>
                        <surname>Campbell</surname>
                     </string-name>
                  </person-group>
                  <fpage>35</fpage>
                  <source>The Emperor and the Roman Army 31 B.C-A.D. 235</source>
                  <year>1984</year>
               </mixed-citation>
            </p>
         </fn>
      </fn-group>
   </back>
</article>
