<article xmlns:xsi="http://www.w3.org/2001/XMLSchema-instance"
         xmlns:xlink="http://www.w3.org/1999/xlink"
         xmlns:mml="http://www.w3.org/1998/Math/MathML"
         dtd-version="1.0"
         article-type="research-article">
   <front>
      <journal-meta>
         <journal-id journal-id-type="jstor">clasquar</journal-id>
         <journal-id journal-id-type="jstor">j100124</journal-id>
         <journal-title-group>
            <journal-title>The Classical Quarterly</journal-title>
         </journal-title-group>
         <publisher>
            <publisher-name>Oxford University Press</publisher-name>
         </publisher>
         <issn pub-type="ppub">00098388</issn>
         <issn pub-type="epub">14716844</issn>
      </journal-meta>
      <article-meta>
         <article-id pub-id-type="jstor">3556229</article-id>
         <article-categories>
            <subj-group>
               <subject>Shorter Notes</subject>
            </subj-group>
         </article-categories>
         <title-group>
            <article-title>Ovidian Plumbing in "Metamorphoses" 4</article-title>
         </title-group>
         <contrib-group>
            <contrib contrib-type="author">
               <string-name>
                  <given-names>Robert</given-names>
                  <surname>Shorrock</surname>
               </string-name>
            </contrib>
         </contrib-group>
         <pub-date>
            <day>1</day>
            <month>11</month>
            <year>2003</year>
         </pub-date>
         <volume>53</volume>
         <issue>2</issue>
         <issue-id>i369254</issue-id>
         <fpage>624</fpage>
         <lpage>627</lpage>
         <page-range>624-627</page-range>
         <permissions>
            <copyright-statement>Copyright 2003 The Classical Association</copyright-statement>
         </permissions>
         <self-uri xlink:href="http://www.jstor.org/stable/3556229"/>
         <custom-meta-group>
            <custom-meta>
               <meta-name>lang</meta-name>
               <meta-value>eng</meta-value>
            </custom-meta>
         </custom-meta-group>
      </article-meta>
   </front>
   <back>
      <fn-group>
         <title>[Footnotes]</title>
         <fn id="d6920e123a1310">
            <label>1</label>
            <p>
               <mixed-citation id="d6920e130" publication-type="other">
Tales from Ovid (London, 1997)</mixed-citation>
            </p>
            <p>
               <mixed-citation id="d6920e136" publication-type="other">
Shakespeare into Romeo
and Juliet and A Midsummer Night's Dream</mixed-citation>
            </p>
         </fn>
         <fn id="d6920e146a1310">
            <label>2</label>
            <p>
               <mixed-citation id="d6920e153" publication-type="journal">
Nonnus, Dion. 6.344-55<person-group>
                     <string-name>
                        <surname>Nonnus</surname>
                     </string-name>
                  </person-group>
                  <fpage>344</fpage>
                  <volume>6</volume>
                  <source>Dion.</source>
               </mixed-citation>
            </p>
            <p>
               <mixed-citation id="d6920e177" publication-type="other">
12.84-5</mixed-citation>
            </p>
            <p>
               <mixed-citation id="d6920e183" publication-type="journal">
Himerius, Or. 1.11<person-group>
                     <string-name>
                        <surname>Himerius</surname>
                     </string-name>
                  </person-group>
                  <fpage>11</fpage>
                  <volume>1</volume>
                  <source>Or.</source>
               </mixed-citation>
            </p>
            <p>
               <mixed-citation id="d6920e208" publication-type="journal">
Them. Or. 11.151<object-id pub-id-type="doi">10.2307/3007057</object-id>
                  <fpage>151</fpage>
               </mixed-citation>
            </p>
            <p>
               <mixed-citation id="d6920e220" publication-type="journal">
Nicolaus, Progymn. 2.9<person-group>
                     <string-name>
                        <surname>Nicolaus</surname>
                     </string-name>
                  </person-group>
                  <fpage>9</fpage>
                  <volume>2</volume>
                  <source>Progymn.</source>
               </mixed-citation>
            </p>
            <p>
               <mixed-citation id="d6920e244" publication-type="journal">
Rhet. Gr. 1.271 Walz<fpage>271</fpage>
                  <volume>1</volume>
                  <source>Rhet. Gr.</source>
               </mixed-citation>
            </p>
            <p>
               <mixed-citation id="d6920e259" publication-type="journal">
Ps.-Clemens, Recogn. 10.26<person-group>
                     <string-name>
                        <surname>Clemens</surname>
                     </string-name>
                  </person-group>
                  <fpage>26</fpage>
                  <volume>10</volume>
                  <source>Recogn.</source>
               </mixed-citation>
            </p>
         </fn>
         <fn id="d6920e284a1310">
            <label>3</label>
            <p>
               <mixed-citation id="d6920e291" publication-type="journal">
P E. Knox, 'Pyramus and Thisbe in Cyprus', HSCP 92 (1989), 315-28<object-id pub-id-type="doi">10.2307/311365</object-id>
                  <fpage>315</fpage>
               </mixed-citation>
            </p>
            <p>
               <mixed-citation id="d6920e303" publication-type="book">
P. M. C. Forbes
Irving, Metamorphosis in Greek Myths (Oxford, 1990), 305<person-group>
                     <string-name>
                        <surname>Irving</surname>
                     </string-name>
                  </person-group>
                  <fpage>305</fpage>
                  <source>Metamorphosis in Greek Myths</source>
                  <year>1990</year>
               </mixed-citation>
            </p>
         </fn>
         <fn id="d6920e332a1310">
            <label>4</label>
            <p>
               <mixed-citation id="d6920e339" publication-type="other">
Knox (n. 3), 328.</mixed-citation>
            </p>
         </fn>
         <fn id="d6920e347a1310">
            <label>6</label>
            <p>
               <mixed-citation id="d6920e356" publication-type="other">
Knox (n. 3), 328</mixed-citation>
            </p>
            <p>
               <mixed-citation id="d6920e362" publication-type="other">
Salmacis and Hermaphroditus at 4.285-7</mixed-citation>
            </p>
            <p>
               <mixed-citation id="d6920e369" publication-type="other">
Met. 4</mixed-citation>
            </p>
            <p>
               <mixed-citation id="d6920e375" publication-type="journal">
'Minyas' [1] RE 15.2 [1932], 2014-18<issue>2</issue>
                  <fpage>2014</fpage>
                  <volume>15</volume>
                  <source>RE</source>
                  <year>1932</year>
               </mixed-citation>
            </p>
            <p>
               <mixed-citation id="d6920e397" publication-type="journal">
Eust. Il. 2.511 (272:<fpage>511</fpage>
                  <volume>2</volume>
                  <source>Il.</source>
               </mixed-citation>
            </p>
         </fn>
         <fn id="d6920e413a1310">
            <label>7</label>
            <p>
               <mixed-citation id="d6920e420" publication-type="book">
F. Bömer, P Ovidius Naso Metamorphosen:
Kommentar, Buch IV-V (Heidelberg, 1976)<person-group>
                     <string-name>
                        <surname>Bömer</surname>
                     </string-name>
                  </person-group>
                  <source>P Ovidius Naso Metamorphosen: Kommentar, Buch IV-V</source>
                  <year>1976</year>
               </mixed-citation>
            </p>
            <p>
               <mixed-citation id="d6920e444" publication-type="journal">
C. Newlands, 'The simile
of the fractured pipe in Ovid's Met. 4', Ramus 15 (1986), 143-53<person-group>
                     <string-name>
                        <surname>Newlands</surname>
                     </string-name>
                  </person-group>
                  <fpage>143</fpage>
                  <volume>15</volume>
                  <source>Ramus</source>
                  <year>1986</year>
               </mixed-citation>
            </p>
            <p>
               <mixed-citation id="d6920e475" publication-type="journal">
N. Holzberg, 'Ovid's
"Babyloniaka" (Met. 4.55-166)', WS 101 (1988), 265-77<person-group>
                     <string-name>
                        <surname>Holzberg</surname>
                     </string-name>
                  </person-group>
                  <fpage>265</fpage>
                  <volume>101</volume>
                  <source>WS</source>
                  <year>1988</year>
               </mixed-citation>
            </p>
            <p>
               <mixed-citation id="d6920e507" publication-type="journal">
M. Janan, "'There beneath the Roman
ruin / where the purple flowers grow": Ovid's Minyeides and the feminine imagination', AJPh 115
(1994), 427-48<object-id pub-id-type="doi">10.2307/295368</object-id>
                  <fpage>427</fpage>
               </mixed-citation>
            </p>
         </fn>
         <fn id="d6920e526a1310">
            <label>8</label>
            <p>
               <mixed-citation id="d6920e533" publication-type="other">
13.876-97</mixed-citation>
            </p>
         </fn>
         <fn id="d6920e540a1310">
            <label>9</label>
            <p>
               <mixed-citation id="d6920e547" publication-type="other">
Damasichthon at 6.259</mixed-citation>
            </p>
         </fn>
         <fn id="d6920e554a1310">
            <label>10</label>
            <p>
               <mixed-citation id="d6920e561" publication-type="book">
C. P. Segal, Landscape in Ovid's Metamorphoses: A Study in the Transformation of a Literary
Symbol, Hermes Einzelschriften 23 (Wiesbaden, 1969), 50<person-group>
                     <string-name>
                        <surname>Segal</surname>
                     </string-name>
                  </person-group>
                  <fpage>50</fpage>
                  <volume>23</volume>
                  <source>Landscape in Ovid's Metamorphoses: A Study in the Transformation of a Literary Symbol</source>
                  <year>1969</year>
               </mixed-citation>
            </p>
            <p>
               <mixed-citation id="d6920e592" publication-type="other">
Newlands (n. 7)</mixed-citation>
            </p>
         </fn>
         <fn id="d6920e599a1310">
            <label>11</label>
            <p>
               <mixed-citation id="d6920e606" publication-type="book">
W S. Anderson, Ovid's Metamorphoses Books 1-5 (Oklahoma, 1997), 424-5.<person-group>
                     <string-name>
                        <surname>Anderson</surname>
                     </string-name>
                  </person-group>
                  <fpage>424</fpage>
                  <source>Ovid's Metamorphoses Books 1-5</source>
                  <year>1997</year>
               </mixed-citation>
            </p>
         </fn>
         <fn id="d6920e632a1310">
            <label>12</label>
            <p>
               <mixed-citation id="d6920e639" publication-type="other">
1.687-8, 2.682-3, 8.192, 13.784.</mixed-citation>
            </p>
         </fn>
         <fn id="d6920e646a1310">
            <label>13</label>
            <p>
               <mixed-citation id="d6920e653" publication-type="other">
OLD 2</mixed-citation>
            </p>
            <p>
               <mixed-citation id="d6920e659" publication-type="other">
Hor. Ars P 203</mixed-citation>
            </p>
         </fn>
         <fn id="d6920e666a1310">
            <label>14</label>
            <p>
               <mixed-citation id="d6920e673" publication-type="journal">
Callim. Aet. 1.24<fpage>24</fpage>
                  <volume>1</volume>
                  <source>Aet.</source>
               </mixed-citation>
            </p>
            <p>
               <mixed-citation id="d6920e688" publication-type="journal">
Verg. Ecl. 6.3-9, 6.8<fpage>3</fpage>
                  <volume>6</volume>
                  <source>Ecl.</source>
               </mixed-citation>
            </p>
            <p>
               <mixed-citation id="d6920e703" publication-type="other">
Hor. Ars P. 202-3</mixed-citation>
            </p>
         </fn>
         <fn id="d6920e710a1310">
            <label>15</label>
            <p>
               <mixed-citation id="d6920e717" publication-type="other">
Catull. 64.264</mixed-citation>
            </p>
            <p>
               <mixed-citation id="d6920e723" publication-type="journal">
Ecl. 3.26-7<fpage>26</fpage>
                  <volume>3</volume>
                  <source>Ecl.</source>
               </mixed-citation>
            </p>
         </fn>
         <fn id="d6920e739a1310">
            <label>16</label>
            <p>
               <mixed-citation id="d6920e746" publication-type="book">
S. Hinds, The
Metamorphosis of Persephone (Cambridge, 1987), 16-17<person-group>
                     <string-name>
                        <surname>Hinds</surname>
                     </string-name>
                  </person-group>
                  <fpage>16</fpage>
                  <source>The Metamorphosis of Persephone</source>
                  <year>1987</year>
               </mixed-citation>
            </p>
         </fn>
      </fn-group>
   </back>
</article>
