<article xmlns:xsi="http://www.w3.org/2001/XMLSchema-instance"
         xmlns:xlink="http://www.w3.org/1999/xlink"
         xmlns:mml="http://www.w3.org/1998/Math/MathML"
         dtd-version="1.0"
         article-type="research-article">
   <front>
      <journal-meta>
         <journal-id journal-id-type="jstor">clasquar</journal-id>
         <journal-id journal-id-type="jstor">j100124</journal-id>
         <journal-title-group>
            <journal-title>The Classical Quarterly</journal-title>
         </journal-title-group>
         <publisher>
            <publisher-name>Oxford University Press</publisher-name>
         </publisher>
         <issn pub-type="ppub">00098388</issn>
         <issn pub-type="epub">14716844</issn>
      </journal-meta>
      <article-meta>
         <article-id pub-id-type="jstor">3556461</article-id>
         <title-group>
            <article-title>The Deification of Claudius</article-title>
         </title-group>
         <contrib-group>
            <contrib contrib-type="author">
               <string-name>
                  <given-names>Duncan</given-names>
                  <surname>Fishwick</surname>
               </string-name>
            </contrib>
         </contrib-group>
         <pub-date>
            <day>1</day>
            <month>1</month>
            <year>2002</year>
         </pub-date>
         <volume>52</volume>
         <issue>1</issue>
         <issue-id>i369251</issue-id>
         <fpage>341</fpage>
         <lpage>349</lpage>
         <page-range>341-349</page-range>
         <permissions>
            <copyright-statement/>
         </permissions>
         <self-uri xlink:href="http://www.jstor.org/stable/3556461"/>
         <custom-meta-group>
            <custom-meta>
               <meta-name>lang</meta-name>
               <meta-value>eng</meta-value>
            </custom-meta>
         </custom-meta-group>
      </article-meta>
   </front>
   <back>
      <fn-group>
         <title>[Footnotes]</title>
         <fn id="d2217e113a1310">
            <label>1</label>
            <p>
               <mixed-citation id="d2217e120" publication-type="journal">
D. Fishwick, 'Seneca and the temple of Divus Claudius', Britannia
22 (1991), 137-41 at 139-40<object-id pub-id-type="doi">10.2307/526633</object-id>
                  <fpage>137</fpage>
               </mixed-citation>
            </p>
         </fn>
         <fn id="d2217e136a1310">
            <label>2</label>
            <p>
               <mixed-citation id="d2217e143" publication-type="book">
S. Price, 'From noble funerals to divine cult: the consecra-
tion of Roman emperors', in D. Cannadine and S. Price (edd.), Rituals of Royalty: Power and
Ceremonial in Tradional Societies (Cambridge, 1987), 56-105 at 64 (hereafter 'Funerals')<person-group>
                     <string-name>
                        <surname>Price</surname>
                     </string-name>
                  </person-group>
                  <comment content-type="section">From noble funerals to divine cult: the consecration of Roman emperors</comment>
                  <fpage>56</fpage>
                  <source>Rituals of Royalty: Power and Ceremonial in Tradional Societies</source>
                  <year>1987</year>
               </mixed-citation>
            </p>
         </fn>
         <fn id="d2217e178a1310">
            <label>3</label>
            <p>
               <mixed-citation id="d2217e185" publication-type="book">
D. Timpe, Untersuchungen zur Kontinuität des frühen Prinzipats. Historia Einzelschriften 5
(Wiesbaden, 1962), 102-5<person-group>
                     <string-name>
                        <surname>Timpe</surname>
                     </string-name>
                  </person-group>
                  <fpage>102</fpage>
                  <volume>5</volume>
                  <source>Untersuchungen zur Kontinuität des frühen Prinzipats. Historia Einzelschriften</source>
                  <year>1962</year>
               </mixed-citation>
            </p>
         </fn>
         <fn id="d2217e217a1310">
            <label>4</label>
            <p>
               <mixed-citation id="d2217e224" publication-type="book">
A. A. Barrett, Agrippina.
Sex, Power, and Politics in the Early Empire (New Haven and London, 1996), 143-6<person-group>
                     <string-name>
                        <surname>Barrett</surname>
                     </string-name>
                  </person-group>
                  <fpage>143</fpage>
                  <source>Agrippina. Sex, Power, and Politics in the Early Empire</source>
                  <year>1996</year>
               </mixed-citation>
            </p>
         </fn>
         <fn id="d2217e254a1310">
            <label>5</label>
            <p>
               <mixed-citation id="d2217e261" publication-type="other">
Fishwick (n. 1), 138</mixed-citation>
            </p>
            <p>
               <mixed-citation id="d2217e267" publication-type="journal">
M. Clauss, 'Deus praesens. Der römischer Kaiser als Gott',
Klio 78 (1996), 400--33 at 425<person-group>
                     <string-name>
                        <surname>Clauss</surname>
                     </string-name>
                  </person-group>
                  <fpage>400</fpage>
                  <volume>78</volume>
                  <source>Klio</source>
                  <year>1996</year>
               </mixed-citation>
            </p>
            <p>
               <mixed-citation id="d2217e298" publication-type="book">
id., Kaiser und Gott. Herrscherkult im rdmischen Reich (Stuttgart
and Leipzig, 1999), 95<person-group>
                     <string-name>
                        <surname>Clauss</surname>
                     </string-name>
                  </person-group>
                  <fpage>95</fpage>
                  <source>Kaiser und Gott. Herrscherkult im rdmischen Reich</source>
                  <year>1999</year>
               </mixed-citation>
            </p>
         </fn>
         <fn id="d2217e327a1310">
            <label>6</label>
            <p>
               <mixed-citation id="d2217e334" publication-type="book">
P. T. Eden, Apocolocyntosis (Cambridge, 1984), 113 on 9.5<person-group>
                     <string-name>
                        <surname>Eden</surname>
                     </string-name>
                  </person-group>
                  <fpage>113</fpage>
                  <source>Apocolocyntosis</source>
                  <year>1984</year>
               </mixed-citation>
            </p>
            <p>
               <mixed-citation id="d2217e358" publication-type="other">
5.1</mixed-citation>
            </p>
            <p>
               <mixed-citation id="d2217e364" publication-type="other">
Price (n. 2), 87-9, 91</mixed-citation>
            </p>
         </fn>
         <fn id="d2217e371a1310">
            <label>7</label>
            <p>
               <mixed-citation id="d2217e378" publication-type="other">
Eden (n. 6), 10-11</mixed-citation>
            </p>
         </fn>
         <fn id="d2217e385a1310">
            <label>8</label>
            <p>
               <mixed-citation id="d2217e392" publication-type="other">
Barrett (n. 4), 147</mixed-citation>
            </p>
            <p>
               <mixed-citation id="d2217e398" publication-type="other">
Marciana, Trajan's sister, in A.D. 112 (Inscrlt 13.1, 201: lines 40-3</mixed-citation>
            </p>
            <p>
               <mixed-citation id="d2217e404" publication-type="book">
L. Vidman, Fasti Ostienses^2
[Prague, 1982], 48: lines 39-43, 107<person-group>
                     <string-name>
                        <surname>Vidman</surname>
                     </string-name>
                  </person-group>
                  <fpage>48</fpage>
                  <source>Fasti Ostienses^2</source>
                  <year>1982</year>
               </mixed-citation>
            </p>
            <p>
               <mixed-citation id="d2217e433" publication-type="other">
below, p. 348</mixed-citation>
            </p>
         </fn>
         <fn id="d2217e440a1310">
            <label>9</label>
            <p>
               <mixed-citation id="d2217e447" publication-type="book">
M. T. Griffin, Nero. The End of a Dynasty (London, 1984), 98, 133, 137<person-group>
                     <string-name>
                        <surname>Griffin</surname>
                     </string-name>
                  </person-group>
                  <fpage>98</fpage>
                  <source>Nero. The End of a Dynasty</source>
                  <year>1984</year>
               </mixed-citation>
            </p>
            <p>
               <mixed-citation id="d2217e471" publication-type="book">
D. Fishwick, The
Imperial Cult in the Latin West. EPRO 108 (Leiden, 1987), 1.2.296-7, with n. 16 and bibl.
(hereafter ICLW)<person-group>
                     <string-name>
                        <surname>Fishwick</surname>
                     </string-name>
                  </person-group>
                  <fpage>296</fpage>
                  <volume>108</volume>
                  <source>The Imperial Cult in the Latin West. EPRO</source>
                  <year>1987</year>
               </mixed-citation>
            </p>
            <p>
               <mixed-citation id="d2217e505" publication-type="book">
R. Turcan, 'Templum Divi Claudii', in Y. Burnand, Y Le Bohec, and
J.-P. Martin (edd.), Claude de Lyon, Empereur romain (Paris, 1998), 161-7 at 167<person-group>
                     <string-name>
                        <surname>Turcan</surname>
                     </string-name>
                  </person-group>
                  <comment content-type="section">Templum Divi Claudii</comment>
                  <fpage>161</fpage>
                  <source>Claude de Lyon, Empereur romain</source>
                  <year>1998</year>
               </mixed-citation>
            </p>
            <p>
               <mixed-citation id="d2217e537" publication-type="other">
Vespasian: 'Si plus tard, Vespasian l'a reconstruit et rendu
officiellement au cult du divus, c'est pour en faire un lieu de detente et de refraîchissement, dont
Martial appréciait les ombrages' (Spect. 2.9-10)</mixed-citation>
            </p>
         </fn>
         <fn id="d2217e550a1310">
            <label>10</label>
            <p>
               <mixed-citation id="d2217e557" publication-type="book">
H. Furneaux, The Annals of Tacitus XI-XVI (Oxford, 1896), ii, 311, on 13.2.6<person-group>
                     <string-name>
                        <surname>Furneaux</surname>
                     </string-name>
                  </person-group>
                  <fpage>ii</fpage>
                  <volume>XI</volume>
                  <source>The Annals of Tacitus</source>
                  <year>1896</year>
               </mixed-citation>
            </p>
            <p>
               <mixed-citation id="d2217e585" publication-type="book">
H. Pitman, Cornelii Taciti Annalium Libri XIII-XVI (Oxford, 1904), 7<person-group>
                     <string-name>
                        <surname>Pitman</surname>
                     </string-name>
                  </person-group>
                  <fpage>7</fpage>
                  <volume>XIII</volume>
                  <source>Cornelii Taciti Annalium Libri</source>
                  <year>1904</year>
               </mixed-citation>
            </p>
            <p>
               <mixed-citation id="d2217e613" publication-type="book">
E. Koestermann,
Cornelius Tacitus Annalen (Heidelberg, 1967), iii, 237-8<person-group>
                     <string-name>
                        <surname>Koestermann</surname>
                     </string-name>
                  </person-group>
                  <fpage>iii</fpage>
                  <source>Cornelius Tacitus Annalen</source>
                  <year>1967</year>
               </mixed-citation>
            </p>
         </fn>
         <fn id="d2217e643a1310">
            <label>11</label>
            <p>
               <mixed-citation id="d2217e650" publication-type="other">
Griffin (n. 9), 33, 96-7.</mixed-citation>
            </p>
         </fn>
         <fn id="d2217e657a1310">
            <label>12</label>
            <p>
               <mixed-citation id="d2217e664" publication-type="other">
Barrett (n. 4), 147 with n. 17.</mixed-citation>
            </p>
         </fn>
         <fn id="d2217e671a1310">
            <label>13</label>
            <p>
               <mixed-citation id="d2217e678" publication-type="other">
Price (n. 2), 91.</mixed-citation>
            </p>
         </fn>
         <fn id="d2217e685a1310">
            <label>14</label>
            <p>
               <mixed-citation id="d2217e692" publication-type="journal">
W. Kierdorf, 'Funus und consecratio. Zu Terminologie und Ablauf der römischen Kaiser-
apotheose', Chiron 16 (1986), 43-69 (hereafter 'Funus').<person-group>
                     <string-name>
                        <surname>Kierdorf</surname>
                     </string-name>
                  </person-group>
                  <fpage>43</fpage>
                  <volume>16</volume>
                  <source>Chiron</source>
                  <year>1986</year>
               </mixed-citation>
            </p>
         </fn>
         <fn id="d2217e724a1310">
            <label>15</label>
            <p>
               <mixed-citation id="d2217e731" publication-type="other">
Ibid. 46-9</mixed-citation>
            </p>
            <p>
               <mixed-citation id="d2217e737" publication-type="other">
Clauss (n. 5, 1999), 356-60</mixed-citation>
            </p>
         </fn>
         <fn id="d2217e744a1310">
            <label>16</label>
            <p>
               <mixed-citation id="d2217e751" publication-type="book">
S. Weinstock, Divus Julius (Oxford, 1971), 390-4<person-group>
                     <string-name>
                        <surname>Weinstock</surname>
                     </string-name>
                  </person-group>
                  <fpage>390</fpage>
                  <source>Divus Julius</source>
                  <year>1971</year>
               </mixed-citation>
            </p>
            <p>
               <mixed-citation id="d2217e775" publication-type="other">
Price (n. 2), 77</mixed-citation>
            </p>
         </fn>
         <fn id="d2217e783a1310">
            <label>17</label>
            <p>
               <mixed-citation id="d2217e790" publication-type="other">
M. Ant. 18, 3</mixed-citation>
            </p>
            <p>
               <mixed-citation id="d2217e796" publication-type="other">
id., RE 23.1 (1957), 824-5</mixed-citation>
            </p>
         </fn>
         <fn id="d2217e803a1310">
            <label>18</label>
            <p>
               <mixed-citation id="d2217e810" publication-type="other">
Fishwick (n. 9), 1.1, 56-72</mixed-citation>
            </p>
            <p>
               <mixed-citation id="d2217e816" publication-type="other">
Price (n. 2), 71-2</mixed-citation>
            </p>
            <p>
               <mixed-citation id="d2217e822" publication-type="book">
M. Beard, J. A. North, and S. R. E Price,
Religions of Rome 1 (Cambridge, 1998), 140-1<person-group>
                     <string-name>
                        <surname>Beard</surname>
                     </string-name>
                  </person-group>
                  <fpage>140</fpage>
                  <volume>1</volume>
                  <source>Religions of Rome</source>
                  <year>1998</year>
               </mixed-citation>
            </p>
         </fn>
         <fn id="d2217e854a1310">
            <label>19</label>
            <p>
               <mixed-citation id="d2217e861" publication-type="other">
Inscrlt. 13.2.510</mixed-citation>
            </p>
            <p>
               <mixed-citation id="d2217e867" publication-type="other">
Eden (n. 6), 65-70</mixed-citation>
            </p>
            <p>
               <mixed-citation id="d2217e873" publication-type="other">
Fishwick (n. 9), 1.1, 159</mixed-citation>
            </p>
            <p>
               <mixed-citation id="d2217e880" publication-type="other">
Price (n. 2), 73 with n. 30, 91</mixed-citation>
            </p>
            <p>
               <mixed-citation id="d2217e886" publication-type="book">
R. Turcan, Rome et ses dieux (Paris, 1998), 206<person-group>
                     <string-name>
                        <surname>Turcan</surname>
                     </string-name>
                  </person-group>
                  <fpage>206</fpage>
                  <source>Rome et ses dieux</source>
                  <year>1998</year>
               </mixed-citation>
            </p>
            <p>
               <mixed-citation id="d2217e910" publication-type="other">
Beard, North, and
Price (n. 18), 208-9</mixed-citation>
            </p>
         </fn>
         <fn id="d2217e920a1310">
            <label>20</label>
            <p>
               <mixed-citation id="d2217e927" publication-type="other">
Price (n. 2), 74</mixed-citation>
            </p>
            <p>
               <mixed-citation id="d2217e933" publication-type="other">
Beard, North, and Price (n. 18), 148-9</mixed-citation>
            </p>
         </fn>
         <fn id="d2217e940a1310">
            <label>21</label>
            <p>
               <mixed-citation id="d2217e947" publication-type="book">
E. Bickerman, 'Consecratio', in W den Boer (ed.), Le culte des souverains dans l'empire
romain. Entretiens Fondation Hardt 19 (Vandoeuvres and Geneva, 1972), 3-25 at 131<person-group>
                     <string-name>
                        <surname>Bickerman</surname>
                     </string-name>
                  </person-group>
                  <comment content-type="section">Consecratio</comment>
                  <fpage>3</fpage>
                  <volume>19</volume>
                  <source>Le culte des souverains dans l'empire romain. Entretiens Fondation Hardt</source>
                  <year>1972</year>
               </mixed-citation>
            </p>
            <p>
               <mixed-citation id="d2217e981" publication-type="other">
Price (n. 2),
73, 86-7</mixed-citation>
            </p>
         </fn>
         <fn id="d2217e991a1310">
            <label>22</label>
            <p>
               <mixed-citation id="d2217e998" publication-type="other">
Price (n. 2), 71-82</mixed-citation>
            </p>
         </fn>
         <fn id="d2217e1006a1310">
            <label>23</label>
            <p>
               <mixed-citation id="d2217e1013" publication-type="other">
Tac. Ann. 1.8.5-6</mixed-citation>
            </p>
            <p>
               <mixed-citation id="d2217e1019" publication-type="other">
Suet. Aug. 100.2-4</mixed-citation>
            </p>
            <p>
               <mixed-citation id="d2217e1025" publication-type="other">
C.D. 56.34.42</mixed-citation>
            </p>
            <p>
               <mixed-citation id="d2217e1032" publication-type="other">
Barrett
(n. 4), 147</mixed-citation>
            </p>
            <p>
               <mixed-citation id="d2217e1041" publication-type="other">
Price (n. 2), 59-70</mixed-citation>
            </p>
         </fn>
         <fn id="d2217e1048a1310">
            <label>24</label>
            <p>
               <mixed-citation id="d2217e1055" publication-type="book">
H. J. Rose, The Roman Questions of Plutarch (Oxford, 1924), 125, 174-5<person-group>
                     <string-name>
                        <surname>Rose</surname>
                     </string-name>
                  </person-group>
                  <fpage>125</fpage>
                  <source>The Roman Questions of Plutarch</source>
                  <year>1924</year>
               </mixed-citation>
            </p>
            <p>
               <mixed-citation id="d2217e1079" publication-type="journal">
R. Turcan, 'Culte imperial et tradition romaine', Histria Antiqua 4 (1998), 99-106 at 103<person-group>
                     <string-name>
                        <surname>Turcan</surname>
                     </string-name>
                  </person-group>
                  <fpage>99</fpage>
                  <volume>4</volume>
                  <source>Histria Antiqua</source>
                  <year>1998</year>
               </mixed-citation>
            </p>
            <p>
               <mixed-citation id="d2217e1107" publication-type="other">
nn. 87-8</mixed-citation>
            </p>
         </fn>
         <fn id="d2217e1114a1310">
            <label>25</label>
            <p>
               <mixed-citation id="d2217e1121" publication-type="other">
Price (n. 2), 74-5.</mixed-citation>
            </p>
         </fn>
         <fn id="d2217e1128a1310">
            <label>26</label>
            <p>
               <mixed-citation id="d2217e1135" publication-type="other">
Kierdorf (n. 14), 53-5.</mixed-citation>
            </p>
         </fn>
         <fn id="d2217e1142a1310">
            <label>27</label>
            <p>
               <mixed-citation id="d2217e1149" publication-type="other">
Kierdorf (n. 14), 54</mixed-citation>
            </p>
            <p>
               <mixed-citation id="d2217e1155" publication-type="other">
n. 51</mixed-citation>
            </p>
            <p>
               <mixed-citation id="d2217e1161" publication-type="other">
Tac. Ann. 6.31.2</mixed-citation>
            </p>
            <p>
               <mixed-citation id="d2217e1168" publication-type="other">
Livy 22.7.11</mixed-citation>
            </p>
         </fn>
         <fn id="d2217e1175a1310">
            <label>28</label>
            <p>
               <mixed-citation id="d2217e1182" publication-type="other">
Kierdorf (n. 14), 52-5, 63, 68.</mixed-citation>
            </p>
         </fn>
         <fn id="d2217e1190a1310">
            <label>29</label>
            <p>
               <mixed-citation id="d2217e1197" publication-type="other">
n. 8</mixed-citation>
            </p>
         </fn>
         <fn id="d2217e1204a1310">
            <label>30</label>
            <p>
               <mixed-citation id="d2217e1211" publication-type="other">
below, n. 44</mixed-citation>
            </p>
         </fn>
         <fn id="d2217e1218a1310">
            <label>31</label>
            <p>
               <mixed-citation id="d2217e1225" publication-type="other">
Turcan (n. 9), 164-5</mixed-citation>
            </p>
            <p>
               <mixed-citation id="d2217e1231" publication-type="journal">
Suet. Vesp. 9.1<fpage>1</fpage>
                  <volume>9</volume>
                  <source>Suet. Vesp.</source>
               </mixed-citation>
            </p>
            <p>
               <mixed-citation id="d2217e1246" publication-type="other">
Barrett (n. 4), 140-2</mixed-citation>
            </p>
            <p>
               <mixed-citation id="d2217e1253" publication-type="journal">
Augustus (Tac. Ann. 12.69.4)<person-group>
                     <string-name>
                        <surname>Augustus</surname>
                     </string-name>
                  </person-group>
                  <issue>69</issue>
                  <fpage>4</fpage>
                  <volume>12</volume>
                  <source>Tac. Ann.</source>
               </mixed-citation>
            </p>
            <p>
               <mixed-citation id="d2217e1281" publication-type="other">
Barrett (n. 4), 148-50</mixed-citation>
            </p>
         </fn>
         <fn id="d2217e1288a1310">
            <label>32</label>
            <p>
               <mixed-citation id="d2217e1295" publication-type="other">
Turcan (n. 9), 161-7</mixed-citation>
            </p>
            <p>
               <mixed-citation id="d2217e1301" publication-type="other">
Price (n. 2), 77-8</mixed-citation>
            </p>
         </fn>
         <fn id="d2217e1308a1310">
            <label>33</label>
            <p>
               <mixed-citation id="d2217e1315" publication-type="other">
Turcan (n. 9), 163-4</mixed-citation>
            </p>
         </fn>
         <fn id="d2217e1322a1310">
            <label>34</label>
            <p>
               <mixed-citation id="d2217e1329" publication-type="other">
Turcan (n. 9), 165-6</mixed-citation>
            </p>
            <p>
               <mixed-citation id="d2217e1335" publication-type="book">
R. Valentini and G. Zucchetti, Codice topografico della Cittac di
Roma 1 (Rome, 1940), 92-3<person-group>
                     <string-name>
                        <surname>Valentini</surname>
                     </string-name>
                  </person-group>
                  <fpage>92</fpage>
                  <volume>1</volume>
                  <source>Codice topografico della Cittac di Roma</source>
                  <year>1940</year>
               </mixed-citation>
            </p>
            <p>
               <mixed-citation id="d2217e1366" publication-type="other">
n. 1</mixed-citation>
            </p>
            <p>
               <mixed-citation id="d2217e1373" publication-type="other">
193-9</mixed-citation>
            </p>
         </fn>
         <fn id="d2217e1381a1310">
            <label>35</label>
            <p>
               <mixed-citation id="d2217e1388" publication-type="other">
Turcan (n. 9), esp. 165ff.</mixed-citation>
            </p>
         </fn>
         <fn id="d2217e1395a1310">
            <label>36</label>
            <p>
               <mixed-citation id="d2217e1402" publication-type="book">
M. Ihm, C. Suetoni Tranquilli de Vita Caesarum Libri VIII (Leipzig,
1907), 236<person-group>
                     <string-name>
                        <surname>Ihm</surname>
                     </string-name>
                  </person-group>
                  <fpage>236</fpage>
                  <volume>VIII</volume>
                  <source>C. Suetoni Tranquilli de Vita Caesarum Libri</source>
                  <year>1907</year>
               </mixed-citation>
            </p>
         </fn>
         <fn id="d2217e1434a1310">
            <label>37</label>
            <p>
               <mixed-citation id="d2217e1441" publication-type="other">
Price (n. 2), 61</mixed-citation>
            </p>
            <p>
               <mixed-citation id="d2217e1447" publication-type="book">
C. R. Whittaker, Herodian 1. Loeb Classical Library (Cambridge, MA,
1969), 382, n. 1<person-group>
                     <string-name>
                        <surname>Whittaker</surname>
                     </string-name>
                  </person-group>
                  <fpage>382</fpage>
                  <source>Herodian 1. Loeb Classical Library</source>
                  <year>1969</year>
               </mixed-citation>
            </p>
         </fn>
         <fn id="d2217e1476a1310">
            <label>38</label>
            <p>
               <mixed-citation id="d2217e1483" publication-type="other">
Price (n. 2), 81</mixed-citation>
            </p>
            <p>
               <mixed-citation id="d2217e1489" publication-type="other">
n. 52</mixed-citation>
            </p>
            <p>
               <mixed-citation id="d2217e1495" publication-type="journal">
Velleius
Paterculus 2.126.1<issue>126</issue>
                  <fpage>1</fpage>
                  <volume>2</volume>
                  <source>Velleius Paterculus</source>
               </mixed-citation>
            </p>
            <p>
               <mixed-citation id="d2217e1518" publication-type="other">
Turcan's survey
(n. 24), 102-4</mixed-citation>
            </p>
         </fn>
         <fn id="d2217e1528a1310">
            <label>39</label>
            <p>
               <mixed-citation id="d2217e1535" publication-type="other">
Suet. Iul. 88</mixed-citation>
            </p>
            <p>
               <mixed-citation id="d2217e1541" publication-type="journal">
CIL 9.2628<fpage>2628</fpage>
                  <volume>9</volume>
                  <source>CIL</source>
               </mixed-citation>
            </p>
            <p>
               <mixed-citation id="d2217e1556" publication-type="other">
ILS 72</mixed-citation>
            </p>
            <p>
               <mixed-citation id="d2217e1563" publication-type="book">
SHA, Pertinax 14.10<person-group>
                     <string-name>
                        <surname>Sha</surname>
                     </string-name>
                  </person-group>
                  <fpage>10</fpage>
                  <volume>14</volume>
                  <source>Pertinax</source>
               </mixed-citation>
            </p>
         </fn>
         <fn id="d2217e1588a1310">
            <label>40</label>
            <p>
               <mixed-citation id="d2217e1595" publication-type="other">
Kierdorf (n. 14), 55</mixed-citation>
            </p>
            <p>
               <mixed-citation id="d2217e1601" publication-type="other">
n. 54</mixed-citation>
            </p>
            <p>
               <mixed-citation id="d2217e1607" publication-type="other">
Clauss (n. 5, 1999), 520-1</mixed-citation>
            </p>
         </fn>
         <fn id="d2217e1615a1310">
            <label>41</label>
            <p>
               <mixed-citation id="d2217e1622" publication-type="journal">
P. Hertz,
'Diva Drusilla', Historia 30 (1981), 324-36<person-group>
                     <string-name>
                        <surname>Hertz</surname>
                     </string-name>
                  </person-group>
                  <fpage>324</fpage>
                  <volume>30</volume>
                  <source>Historia</source>
                  <year>1981</year>
               </mixed-citation>
            </p>
            <p>
               <mixed-citation id="d2217e1653" publication-type="other">
Kierdorf (n. 14), 58-9, 62, 68</mixed-citation>
            </p>
         </fn>
         <fn id="d2217e1660a1310">
            <label>42</label>
            <p>
               <mixed-citation id="d2217e1667" publication-type="other">
Kierdorf (n. 14), 49-53, 64-9</mixed-citation>
            </p>
            <p>
               <mixed-citation id="d2217e1673" publication-type="other">
Clauss (n. 5, 1999), 363-8</mixed-citation>
            </p>
         </fn>
         <fn id="d2217e1680a1310">
            <label>43</label>
            <p>
               <mixed-citation id="d2217e1687" publication-type="journal">
Alexander (D.S. 17, 115)<person-group>
                     <string-name>
                        <surname>Alexander</surname>
                     </string-name>
                  </person-group>
                  <fpage>115</fpage>
                  <volume>17</volume>
                  <source>D.S.</source>
               </mixed-citation>
            </p>
            <p>
               <mixed-citation id="d2217e1711" publication-type="other">
Dio (75.4.2-5, 5)</mixed-citation>
            </p>
            <p>
               <mixed-citation id="d2217e1717" publication-type="other">
Herodian (4.2)</mixed-citation>
            </p>
            <p>
               <mixed-citation id="d2217e1724" publication-type="other">
Price (n. 2), 96-7</mixed-citation>
            </p>
            <p>
               <mixed-citation id="d2217e1730" publication-type="other">
Kierdorf (n. 14), 43-5</mixed-citation>
            </p>
            <p>
               <mixed-citation id="d2217e1736" publication-type="other">
C.D. 75.5.5</mixed-citation>
            </p>
         </fn>
         <fn id="d2217e1743a1310">
            <label>44</label>
            <p>
               <mixed-citation id="d2217e1750" publication-type="other">
Kierdorf (n. 14), 50, 66-7</mixed-citation>
            </p>
         </fn>
         <fn id="d2217e1757a1310">
            <label>45</label>
            <p>
               <mixed-citation id="d2217e1764" publication-type="other">
Price (n. 2), 87</mixed-citation>
            </p>
            <p>
               <mixed-citation id="d2217e1770" publication-type="other">
above, n. 17</mixed-citation>
            </p>
         </fn>
         <fn id="d2217e1777a1310">
            <label>46</label>
            <p>
               <mixed-citation id="d2217e1784" publication-type="other">
Price (n. 2), 92 with n. 70</mixed-citation>
            </p>
            <p>
               <mixed-citation id="d2217e1790" publication-type="other">
Kierdorf (n. 14), 59, 62-3</mixed-citation>
            </p>
         </fn>
         <fn id="d2217e1798a1310">
            <label>47</label>
            <p>
               <mixed-citation id="d2217e1805" publication-type="book">
SHA,
Pertinax 14.10<person-group>
                     <string-name>
                        <surname>Sha</surname>
                     </string-name>
                  </person-group>
                  <fpage>10</fpage>
                  <volume>14</volume>
                  <source>Pertinax</source>
               </mixed-citation>
            </p>
            <p>
               <mixed-citation id="d2217e1833" publication-type="other">
OLD 1932, s.v. testimonium (3)</mixed-citation>
            </p>
         </fn>
         <fn id="d2217e1840a1310">
            <label>48</label>
            <p>
               <mixed-citation id="d2217e1847" publication-type="journal">
SHA, Sev. 7.8<person-group>
                     <string-name>
                        <surname>Sha</surname>
                     </string-name>
                  </person-group>
                  <fpage>8</fpage>
                  <volume>7</volume>
                  <source>Sev.</source>
               </mixed-citation>
            </p>
            <p>
               <mixed-citation id="d2217e1871" publication-type="other">
Senate. Contra Price (n. 2), 82-3</mixed-citation>
            </p>
         </fn>
         <fn id="d2217e1878a1310">
            <label>49</label>
            <p>
               <mixed-citation id="d2217e1885" publication-type="other">
SHA, Severus 19.4</mixed-citation>
            </p>
         </fn>
         <fn id="d2217e1892a1310">
            <label>50</label>
            <p>
               <mixed-citation id="d2217e1899" publication-type="other">
Kierdorf (n. 14), 56-61.</mixed-citation>
            </p>
         </fn>
         <fn id="d2217e1906a1310">
            <label>51</label>
            <p>
               <mixed-citation id="d2217e1913" publication-type="other">
Contra Bickerman (n. 21), 16.</mixed-citation>
            </p>
         </fn>
         <fn id="d2217e1920a1310">
            <label>52</label>
            <p>
               <mixed-citation id="d2217e1927" publication-type="other">
above, pp. 348-9</mixed-citation>
            </p>
         </fn>
      </fn-group>
   </back>
</article>
