<article xmlns:xsi="http://www.w3.org/2001/XMLSchema-instance"
         xmlns:xlink="http://www.w3.org/1999/xlink"
         xmlns:mml="http://www.w3.org/1998/Math/MathML"
         dtd-version="1.0"
         article-type="research-article">
   <front>
      <journal-meta>
         <journal-id journal-id-type="jstor">clasquar</journal-id>
         <journal-id journal-id-type="jstor">j100124</journal-id>
         <journal-title-group>
            <journal-title>The Classical Quarterly</journal-title>
         </journal-title-group>
         <publisher>
            <publisher-name>Oxford University Press</publisher-name>
         </publisher>
         <custom-meta-group>
            <custom-meta>
               <meta-name>journal-series-title</meta-name>
               <meta-value>New Series</meta-value>
            </custom-meta>
         </custom-meta-group>
         <issn pub-type="ppub">00098388</issn>
         <issn pub-type="epub">14716844</issn>
      </journal-meta>
      <article-meta>
         <article-id pub-id-type="jstor">3556381</article-id>
         <title-group>
            <article-title>Mountain and Molehill? Cornelius Tacitus and Quintus Curtius</article-title>
         </title-group>
         <contrib-group>
            <contrib contrib-type="author">
               <string-name>
                  <given-names>A. B.</given-names>
                  <surname>Bosworth</surname>
               </string-name>
            </contrib>
         </contrib-group>
         <pub-date>
            <day>1</day>
            <month>12</month>
            <year>2004</year>
         </pub-date>
         <volume>54</volume>
         <issue>2</issue>
         <issue-id>i369256</issue-id>
         <fpage>551</fpage>
         <lpage>567</lpage>
         <page-range>551-567</page-range>
         <permissions>
            <copyright-statement>Copyright 2004 The Classical Association</copyright-statement>
         </permissions>
         <self-uri xlink:href="http://www.jstor.org/stable/3556381"/>
         <custom-meta-group>
            <custom-meta>
               <meta-name>lang</meta-name>
               <meta-value>eng</meta-value>
            </custom-meta>
         </custom-meta-group>
      </article-meta>
   </front>
   <back>
      <fn-group>
         <title>[Footnotes]</title>
         <fn id="d1893e114a1310">
            <label>1</label>
            <p>
               <mixed-citation id="d1893e121" publication-type="book">
F. Walter, Studien zu Tacitus und Curtius, Programm des Kgl. Wilhelms-Gymnasiums in
München für das Studienjahr 1886/87 (Munich, 1887), esp. 7-11<person-group>
                     <string-name>
                        <surname>Walter</surname>
                     </string-name>
                  </person-group>
                  <fpage>7</fpage>
                  <source>Studien zu Tacitus und Curtius</source>
                  <year>1887</year>
               </mixed-citation>
            </p>
         </fn>
         <fn id="d1893e150a1310">
            <label>2</label>
            <p>
               <mixed-citation id="d1893e157" publication-type="journal">
L. Alfonsi, 'Nota Tacitiana', Aevum 41 (1967), 154-5<person-group>
                     <string-name>
                        <surname>Alfonsi</surname>
                     </string-name>
                  </person-group>
                  <fpage>154</fpage>
                  <volume>41</volume>
                  <source>Aevum</source>
                  <year>1967</year>
               </mixed-citation>
            </p>
            <p>
               <mixed-citation id="d1893e185" publication-type="journal">
S. Borzsák, 'Alexander
d. Gr. als Muster taciteischen Heldendarstellung', Gymnasium 89 (1982), 37-56<person-group>
                     <string-name>
                        <surname>Borzsák</surname>
                     </string-name>
                  </person-group>
                  <fpage>37</fpage>
                  <volume>89</volume>
                  <source>Gymnasium</source>
                  <year>1982</year>
               </mixed-citation>
            </p>
            <p>
               <mixed-citation id="d1893e216" publication-type="journal">
A. A. Lund,
'Lexikalische und kritische Bemerkungen zu Tacitus und Curtius Rufus', Gymnasium 94 (1987),
50-6<person-group>
                     <string-name>
                        <surname>Lund</surname>
                     </string-name>
                  </person-group>
                  <fpage>50</fpage>
                  <volume>94</volume>
                  <source>Gymnasium</source>
                  <year>1987</year>
               </mixed-citation>
            </p>
            <p>
               <mixed-citation id="d1893e251" publication-type="journal">
'Neues zu Curtius 3,5,1. 3,10,5. 4,10,3', Gymnasium 94 (1987), 438-41<fpage>438</fpage>
                  <volume>94</volume>
                  <source>Gymnasium</source>
                  <year>1987</year>
               </mixed-citation>
            </p>
            <p>
               <mixed-citation id="d1893e269" publication-type="book">
Holger Koch, Hundert Jahre Curtius-Forschung (1899-1999).
Eine Arbeitsbibliographie, Subsidia Classica 4 (St Katharinen, 2000)<person-group>
                     <string-name>
                        <surname>Koch</surname>
                     </string-name>
                  </person-group>
                  <comment content-type="section">Hundert Jahre Curtius-Forschung (1899-1999). Eine Arbeitsbibliographie</comment>
                  <volume>4</volume>
                  <source>Subsidia Classica</source>
                  <year>2000</year>
               </mixed-citation>
            </p>
         </fn>
         <fn id="d1893e301a1310">
            <label>3</label>
            <p>
               <mixed-citation id="d1893e308" publication-type="book">
Simon Hornblower, 'The Old Oligarch (Pseudo-Xenophon's Athenaion Politeia) and
Thucydides. A fourth-century date for the Old Oligarch?', in P. Flensted-Jensen, T H. Nielsen,
L. Rubinstein (edd.), Polis &amp; Politics. Studies in Ancient Greek History (Copenhagen, 2000),
363-84<person-group>
                     <string-name>
                        <surname>Hornblower</surname>
                     </string-name>
                  </person-group>
                  <comment content-type="section">The Old Oligarch (Pseudo-Xenophon's Athenaion Politeia) and Thucydides. A fourth-century date for the Old Oligarch?</comment>
                  <fpage>363</fpage>
                  <source>Polis &amp; Politics. Studies in Ancient Greek History</source>
                  <year>2000</year>
               </mixed-citation>
            </p>
         </fn>
         <fn id="d1893e346a1310">
            <label>4</label>
            <p>
               <mixed-citation id="d1893e355" publication-type="journal">
Quint. 10.1.102-3<issue>1</issue>
                  <fpage>102</fpage>
                  <volume>10</volume>
                  <source>Quint.</source>
               </mixed-citation>
            </p>
            <p>
               <mixed-citation id="d1893e373" publication-type="book">
R. Syme, Tacitus [Oxford, 1958], 179,
n. 8<person-group>
                     <string-name>
                        <surname>Syme</surname>
                     </string-name>
                  </person-group>
                  <fpage>179</fpage>
                  <source>Tacitus</source>
                  <year>1958</year>
               </mixed-citation>
            </p>
            <p>
               <mixed-citation id="d1893e402" publication-type="book">
R. M. Ogilvie and I. Richmond, Cornelii Taciti De Vita
Agricolae [Oxford, 1967], 167<person-group>
                     <string-name>
                        <surname>Ogilvie</surname>
                     </string-name>
                  </person-group>
                  <fpage>167</fpage>
                  <source>Cornelii Taciti De Vita Agricolae</source>
                  <year>1967</year>
               </mixed-citation>
            </p>
            <p>
               <mixed-citation id="d1893e430" publication-type="journal">
Hist.3.9<fpage>9</fpage>
                  <volume>3</volume>
                  <source>Hist.</source>
               </mixed-citation>
            </p>
            <p>
               <mixed-citation id="d1893e445" publication-type="other">
3.25, 28; 4.42.1</mixed-citation>
            </p>
         </fn>
         <fn id="d1893e453a1310">
            <label>5</label>
            <p>
               <mixed-citation id="d1893e460" publication-type="journal">
Tac. Agr. 10.3<fpage>3</fpage>
                  <volume>10</volume>
                  <source>Tac. Agr.</source>
               </mixed-citation>
            </p>
         </fn>
         <fn id="d1893e476a1310">
            <label>6</label>
            <p>
               <mixed-citation id="d1893e483" publication-type="journal">
Tac. Ann. 13.20.2<issue>20</issue>
                  <fpage>2</fpage>
                  <volume>13</volume>
                  <source>Tac. Ann.</source>
               </mixed-citation>
            </p>
            <p>
               <mixed-citation id="d1893e501" publication-type="other">
14.2.2; 15.61.3</mixed-citation>
            </p>
         </fn>
         <fn id="d1893e508a1310">
            <label>7</label>
            <p>
               <mixed-citation id="d1893e515" publication-type="other">
Syme (n. 4), 728-34</mixed-citation>
            </p>
            <p>
               <mixed-citation id="d1893e521" publication-type="book">
A. J. Woodman, Tacitus Reviewed (Oxford, 1998), 231-6<person-group>
                     <string-name>
                        <surname>Woodman</surname>
                     </string-name>
                  </person-group>
                  <fpage>231</fpage>
                  <source>Tacitus Reviewed</source>
                  <year>1998</year>
               </mixed-citation>
            </p>
         </fn>
         <fn id="d1893e546a1310">
            <label>8</label>
            <p>
               <mixed-citation id="d1893e553" publication-type="journal">
Rhiannon Ash, 'Warped intertextualities: Naevius and Sallust at Tacitus
Histories 2.12.2', HISTOS 1 (1997)<person-group>
                     <string-name>
                        <surname>Ash</surname>
                     </string-name>
                  </person-group>
                  <volume>1</volume>
                  <source>HISTOS</source>
                  <year>1997</year>
               </mixed-citation>
            </p>
         </fn>
         <fn id="d1893e582a1310">
            <label>9</label>
            <p>
               <mixed-citation id="d1893e589" publication-type="book">
F. Wilhelm, Curtius und der jüngere Seneca (Paderborn, 1928)<person-group>
                     <string-name>
                        <surname>Wilhelm</surname>
                     </string-name>
                  </person-group>
                  <source>Curtius und der jüngere Seneca</source>
                  <year>1928</year>
               </mixed-citation>
            </p>
            <p>
               <mixed-citation id="d1893e610" publication-type="other">
Walter (n. 1)</mixed-citation>
            </p>
         </fn>
         <fn id="d1893e617a1310">
            <label>10</label>
            <p>
               <mixed-citation id="d1893e626" publication-type="book">
Stephen Hinds, Allusion and Intertext. Dynamics of Appropriation in
Roman Poetry (Cambridge, 1998), 25<person-group>
                     <string-name>
                        <surname>Hinds</surname>
                     </string-name>
                  </person-group>
                  <fpage>25</fpage>
                  <source>Allusion and Intertext. Dynamics of Appropriation in Roman Poetry</source>
                  <year>1998</year>
               </mixed-citation>
            </p>
            <p>
               <mixed-citation id="d1893e654" publication-type="book">
J. C. Yardley, Justin and Pompeius Trogus. A Study of the
Language of Justin's 'Epitome' of Trogus, Phoenix Suppl. 41 (Toronto, 2003)<person-group>
                     <string-name>
                        <surname>Yardley</surname>
                     </string-name>
                  </person-group>
                  <fpage>41</fpage>
                  <source>Justin and Pompeius Trogus. A Study of the Language of Justin's 'Epitome' of Trogus</source>
                  <year>2003</year>
               </mixed-citation>
            </p>
            <p>
               <mixed-citation id="d1893e683" publication-type="journal">
Ziva Ben-Porat, 'The politics of literary allusion', PTL 1 (1976), 105-28<person-group>
                     <string-name>
                        <surname>Ben-Porat</surname>
                     </string-name>
                  </person-group>
                  <fpage>105</fpage>
                  <volume>1</volume>
                  <source>PTL</source>
                  <year>1976</year>
               </mixed-citation>
            </p>
         </fn>
         <fn id="d1893e713a1310">
            <label>11</label>
            <p>
               <mixed-citation id="d1893e720" publication-type="other">
Wilhelm (n. 9), 61-5</mixed-citation>
            </p>
            <p>
               <mixed-citation id="d1893e726" publication-type="journal">
Sen. Ep. Mor. 59.12<fpage>12</fpage>
                  <volume>59</volume>
                  <source>Ep. Mor.</source>
               </mixed-citation>
            </p>
            <p>
               <mixed-citation id="d1893e741" publication-type="other">
Curtius 8.10.27-9</mixed-citation>
            </p>
         </fn>
         <fn id="d1893e748a1310">
            <label>12</label>
            <p>
               <mixed-citation id="d1893e755" publication-type="other">
Curt. 7.3.5</mixed-citation>
            </p>
            <p>
               <mixed-citation id="d1893e761" publication-type="other">
Curt.
4.12.9</mixed-citation>
            </p>
         </fn>
         <fn id="d1893e771a1310">
            <label>13</label>
            <p>
               <mixed-citation id="d1893e778" publication-type="other">
Furneaux' commentary ad loc.</mixed-citation>
            </p>
            <p>
               <mixed-citation id="d1893e784" publication-type="journal">
L. Alfonsi, 'Nota Tacitiana', Aevum 41 (1967),
154-5<person-group>
                     <string-name>
                        <surname>Alfonsi</surname>
                     </string-name>
                  </person-group>
                  <fpage>154</fpage>
                  <volume>41</volume>
                  <source>Aevum</source>
                  <year>1967</year>
               </mixed-citation>
            </p>
         </fn>
         <fn id="d1893e816a1310">
            <label>14</label>
            <p>
               <mixed-citation id="d1893e823" publication-type="book">
Commentary on Q. Curtius Rufus' Historiae Alexandri Magni Books 3 and 4 (Amsterdam and
Uithoorn, 1980), 26-7<comment content-type="section">Commentary on Q. Curtius Rufus</comment>
                  <fpage>26</fpage>
                  <source>Books 3 and 4</source>
                  <year>1980</year>
               </mixed-citation>
            </p>
            <p>
               <mixed-citation id="d1893e845" publication-type="journal">
Ennius (Cic. Off 1.26<person-group>
                     <string-name>
                        <surname>Ennius</surname>
                     </string-name>
                  </person-group>
                  <fpage>26</fpage>
                  <volume>1</volume>
                  <source>Off.</source>
               </mixed-citation>
            </p>
            <p>
               <mixed-citation id="d1893e869" publication-type="journal">
Ennius Trag. 411-12)<person-group>
                     <string-name>
                        <surname>Ennius</surname>
                     </string-name>
                  </person-group>
                  <fpage>411</fpage>
                  <source>Trag.</source>
               </mixed-citation>
            </p>
            <p>
               <mixed-citation id="d1893e891" publication-type="other">
Livy 1.14.3</mixed-citation>
            </p>
         </fn>
         <fn id="d1893e898a1310">
            <label>15</label>
            <p>
               <mixed-citation id="d1893e905" publication-type="journal">
Tac. Ann. 3.8.1<object-id pub-id-type="jstor">10.2307/2945928</object-id>
                  <fpage>1</fpage>
               </mixed-citation>
            </p>
         </fn>
         <fn id="d1893e918a1310">
            <label>16</label>
            <p>
               <mixed-citation id="d1893e925" publication-type="journal">
Tac. Ann. 1.9.4<object-id pub-id-type="jstor">10.2307/2946037</object-id>
                  <fpage>4</fpage>
               </mixed-citation>
            </p>
            <p>
               <mixed-citation id="d1893e937" publication-type="journal">
Hist.
1.16.1<object-id pub-id-type="jstor">10.2307/1061968</object-id>
                  <fpage>1</fpage>
               </mixed-citation>
            </p>
            <p>
               <mixed-citation id="d1893e952" publication-type="journal">
Lactant. Div. inst. 7.15.14<issue>15</issue>
                  <fpage>14</fpage>
                  <volume>7</volume>
                  <source>Div. inst.</source>
               </mixed-citation>
            </p>
            <p>
               <mixed-citation id="d1893e971" publication-type="other">
Seneca F 1 (Peter 2.92)</mixed-citation>
            </p>
         </fn>
         <fn id="d1893e979a1310">
            <label>17</label>
            <p>
               <mixed-citation id="d1893e986" publication-type="journal">
Aen. 5.190 (sorte suprema)<fpage>190</fpage>
                  <volume>5</volume>
                  <source>Aen.</source>
               </mixed-citation>
            </p>
            <p>
               <mixed-citation id="d1893e1001" publication-type="other">
6.502-3, 513 (nox suprema)</mixed-citation>
            </p>
         </fn>
         <fn id="d1893e1008a1310">
            <label>18</label>
            <p>
               <mixed-citation id="d1893e1015" publication-type="other">
Livy 6.17.4</mixed-citation>
            </p>
            <p>
               <mixed-citation id="d1893e1021" publication-type="other">
Oakley's commentary ad loc.</mixed-citation>
            </p>
            <p>
               <mixed-citation id="d1893e1027" publication-type="other">
Curt. x. 9. 3</mixed-citation>
            </p>
            <p>
               <mixed-citation id="d1893e1034" publication-type="journal">
Tac. hist. i. 11. 3<object-id pub-id-type="doi">10.2307/3054469</object-id>
                  <fpage>3</fpage>
               </mixed-citation>
            </p>
            <p>
               <mixed-citation id="d1893e1046" publication-type="journal">
Plin. Ep. 6.20.15<issue>20</issue>
                  <fpage>15</fpage>
                  <volume>6</volume>
                  <source>Ep.</source>
               </mixed-citation>
            </p>
            <p>
               <mixed-citation id="d1893e1064" publication-type="other">
Dio 66.23.5</mixed-citation>
            </p>
         </fn>
         <fn id="d1893e1071a1310">
            <label>19</label>
            <p>
               <mixed-citation id="d1893e1078" publication-type="journal">
Terentianus Maurus (De metr. 1870<person-group>
                     <string-name>
                        <surname>Maurus</surname>
                     </string-name>
                  </person-group>
                  <fpage>1870</fpage>
                  <source>De metr.</source>
               </mixed-citation>
            </p>
            <p>
               <mixed-citation id="d1893e1099" publication-type="book">
H. Keil,
Grammatici Latini 6.475)<person-group>
                     <string-name>
                        <surname>Keil</surname>
                     </string-name>
                  </person-group>
                  <fpage>475</fpage>
                  <volume>6</volume>
                  <source>Grammatici Latini</source>
               </mixed-citation>
            </p>
            <p>
               <mixed-citation id="d1893e1127" publication-type="journal">
Ennius Var. 40<person-group>
                     <string-name>
                        <surname>Ennius</surname>
                     </string-name>
                  </person-group>
                  <fpage>40</fpage>
                  <source>Var.</source>
               </mixed-citation>
            </p>
         </fn>
         <fn id="d1893e1149a1310">
            <label>20</label>
            <p>
               <mixed-citation id="d1893e1156" publication-type="journal">
Sen. Prov. 3.9<fpage>9</fpage>
                  <volume>3</volume>
                  <source>Prov.</source>
               </mixed-citation>
            </p>
         </fn>
         <fn id="d1893e1172a1310">
            <label>21</label>
            <p>
               <mixed-citation id="d1893e1179" publication-type="other">
Lund (n. 2), 50-1</mixed-citation>
            </p>
         </fn>
         <fn id="d1893e1186a1310">
            <label>22</label>
            <p>
               <mixed-citation id="d1893e1195" publication-type="other">
Curt. 10.2.30</mixed-citation>
            </p>
            <p>
               <mixed-citation id="d1893e1201" publication-type="other">
Arr. 7.8.3</mixed-citation>
            </p>
            <p>
               <mixed-citation id="d1893e1208" publication-type="other">
Just. 12.11.8-9</mixed-citation>
            </p>
            <p>
               <mixed-citation id="d1893e1214" publication-type="other">
Diod. 17.109.2</mixed-citation>
            </p>
            <p>
               <mixed-citation id="d1893e1220" publication-type="journal">
Plut. Alex. 71.4<fpage>4</fpage>
                  <volume>71</volume>
                  <source>Alex.</source>
               </mixed-citation>
            </p>
         </fn>
         <fn id="d1893e1237a1310">
            <label>23</label>
            <p>
               <mixed-citation id="d1893e1244" publication-type="journal">
Ps. Quint. Decl. 6.9<fpage>9</fpage>
                  <volume>6</volume>
                  <source>Decl.</source>
               </mixed-citation>
            </p>
            <p>
               <mixed-citation id="d1893e1259" publication-type="other">
Vell. 2.100.4</mixed-citation>
            </p>
            <p>
               <mixed-citation id="d1893e1265" publication-type="book">
K. Morgan, Ovid's Art of Imitation: Propertius in the Amores (Leiden, 1977), 3<person-group>
                     <string-name>
                        <surname>Morgan</surname>
                     </string-name>
                  </person-group>
                  <fpage>3</fpage>
                  <source>Ovid's Art of Imitation: Propertius in the Amores</source>
                  <year>1977</year>
               </mixed-citation>
            </p>
            <p>
               <mixed-citation id="d1893e1290" publication-type="other">
Hinds
(n. 10), 26</mixed-citation>
            </p>
         </fn>
         <fn id="d1893e1300a1310">
            <label>24</label>
            <p>
               <mixed-citation id="d1893e1307" publication-type="journal">
Arr. 7.8.3<object-id pub-id-type="doi">10.2307/348987</object-id>
                  <fpage>3</fpage>
               </mixed-citation>
            </p>
            <p>
               <mixed-citation id="d1893e1319" publication-type="other">
11.1</mixed-citation>
            </p>
         </fn>
         <fn id="d1893e1326a1310">
            <label>25</label>
            <p>
               <mixed-citation id="d1893e1333" publication-type="other">
Livy 9.18.5</mixed-citation>
            </p>
            <p>
               <mixed-citation id="d1893e1339" publication-type="journal">
Curt.
3.12.19<issue>12</issue>
                  <fpage>19</fpage>
                  <volume>3</volume>
                  <source>Curt.</source>
               </mixed-citation>
            </p>
            <p>
               <mixed-citation id="d1893e1361" publication-type="other">
4.2.5, 4.17; 4.6.29 (ira vertit in rabiem); 6.5.19; 8.1.34, 43; 10.4.2</mixed-citation>
            </p>
            <p>
               <mixed-citation id="d1893e1368" publication-type="journal">
Alexander's iracundia (10.5.33-4)<person-group>
                     <string-name>
                        <surname>Alexander</surname>
                     </string-name>
                  </person-group>
                  <issue>5</issue>
                  <fpage>33</fpage>
                  <volume>10</volume>
                  <source>iracundia</source>
               </mixed-citation>
            </p>
            <p>
               <mixed-citation id="d1893e1396" publication-type="other">
below, pp. 559-560</mixed-citation>
            </p>
         </fn>
         <fn id="d1893e1403a1310">
            <label>26</label>
            <p>
               <mixed-citation id="d1893e1410" publication-type="other">
Tac. Agr. 30-4</mixed-citation>
            </p>
            <p>
               <mixed-citation id="d1893e1416" publication-type="journal">
Curt. 4.14.1-26<issue>14</issue>
                  <fpage>1</fpage>
                  <volume>4</volume>
                  <source>Curt.</source>
               </mixed-citation>
            </p>
            <p>
               <mixed-citation id="d1893e1434" publication-type="other">
Walter (n. 1), 8</mixed-citation>
            </p>
         </fn>
         <fn id="d1893e1441a1310">
            <label>27</label>
            <p>
               <mixed-citation id="d1893e1448" publication-type="journal">
Tac. Agr. 33.4<fpage>4</fpage>
                  <volume>33</volume>
                  <source>Agr.</source>
               </mixed-citation>
            </p>
            <p>
               <mixed-citation id="d1893e1463" publication-type="journal">
Curt. 4.14.4<issue>14</issue>
                  <fpage>4</fpage>
                  <volume>4</volume>
                  <source>Curt.</source>
               </mixed-citation>
            </p>
         </fn>
         <fn id="d1893e1482a1310">
            <label>28</label>
            <p>
               <mixed-citation id="d1893e1489" publication-type="journal">
Curt. 4.14.2<issue>14</issue>
                  <fpage>2</fpage>
                  <volume>4</volume>
                  <source>Curt.</source>
               </mixed-citation>
            </p>
            <p>
               <mixed-citation id="d1893e1507" publication-type="journal">
Tac. Agr. 34.3<fpage>3</fpage>
                  <volume>34</volume>
                  <source>Agr.</source>
               </mixed-citation>
            </p>
         </fn>
         <fn id="d1893e1524a1310">
            <label>29</label>
            <p>
               <mixed-citation id="d1893e1531" publication-type="journal">
Tac. Agr. 33.5<fpage>5</fpage>
                  <volume>33</volume>
                  <source>Agr.</source>
               </mixed-citation>
            </p>
            <p>
               <mixed-citation id="d1893e1546" publication-type="journal">
Alexander at Curt. 4.14.7<person-group>
                     <string-name>
                        <surname>Alexander</surname>
                     </string-name>
                  </person-group>
                  <issue>14</issue>
                  <fpage>7</fpage>
                  <volume>4</volume>
                  <source>Curt.</source>
               </mixed-citation>
            </p>
            <p>
               <mixed-citation id="d1893e1574" publication-type="other">
Livy 21.43.9</mixed-citation>
            </p>
         </fn>
         <fn id="d1893e1581a1310">
            <label>30</label>
            <p>
               <mixed-citation id="d1893e1588" publication-type="journal">
Curt. 9.6.20<issue>6</issue>
                  <fpage>20</fpage>
                  <volume>9</volume>
                  <source>Curt.</source>
               </mixed-citation>
            </p>
            <p>
               <mixed-citation id="d1893e1606" publication-type="journal">
Arr.
5.26.6<object-id pub-id-type="doi">10.2307/347694</object-id>
                  <fpage>6</fpage>
               </mixed-citation>
            </p>
         </fn>
         <fn id="d1893e1622a1310">
            <label>31</label>
            <p>
               <mixed-citation id="d1893e1629" publication-type="journal">
Katherine Clarke, 'An island nation: re-reading Tacitus' Agricola', JRS 91
(2001), 94-112, esp. 100-4<object-id pub-id-type="doi">10.2307/3184772</object-id>
                  <fpage>94</fpage>
               </mixed-citation>
            </p>
         </fn>
         <fn id="d1893e1645a1310">
            <label>32</label>
            <p>
               <mixed-citation id="d1893e1652" publication-type="journal">
Curt. 9.2.9<issue>2</issue>
                  <fpage>9</fpage>
                  <volume>9</volume>
                  <source>Curt.</source>
               </mixed-citation>
            </p>
            <p>
               <mixed-citation id="d1893e1670" publication-type="other">
Arrian 5.25.2</mixed-citation>
            </p>
            <p>
               <mixed-citation id="d1893e1676" publication-type="other">
5.26.2</mixed-citation>
            </p>
         </fn>
         <fn id="d1893e1683a1310">
            <label>33</label>
            <p>
               <mixed-citation id="d1893e1690" publication-type="journal">
Curt. 7.8.19-20<issue>8</issue>
                  <fpage>19</fpage>
                  <volume>7</volume>
                  <source>Curt.</source>
               </mixed-citation>
            </p>
            <p>
               <mixed-citation id="d1893e1708" publication-type="journal">
Tacitus' Calgacus (Agr. 30.4<person-group>
                     <string-name>
                        <surname>Calgacus</surname>
                     </string-name>
                  </person-group>
                  <fpage>4</fpage>
                  <volume>30</volume>
                  <source>Agr.</source>
               </mixed-citation>
            </p>
            <p>
               <mixed-citation id="d1893e1732" publication-type="other">
below, p. 558)</mixed-citation>
            </p>
            <p>
               <mixed-citation id="d1893e1739" publication-type="journal">
Sen. Ep. Mor.
94.43<fpage>43</fpage>
                  <volume>94</volume>
                  <source>Ep. Mor.</source>
               </mixed-citation>
            </p>
         </fn>
         <fn id="d1893e1758a1310">
            <label>34</label>
            <p>
               <mixed-citation id="d1893e1765" publication-type="journal">
Agr. 27.2<object-id pub-id-type="jstor">10.2307/3700774</object-id>
                  <fpage>2</fpage>
               </mixed-citation>
            </p>
            <p>
               <mixed-citation id="d1893e1777" publication-type="other">
25.3</mixed-citation>
            </p>
         </fn>
         <fn id="d1893e1785a1310">
            <label>35</label>
            <p>
               <mixed-citation id="d1893e1792" publication-type="journal">
Agr. 37.4<fpage>4</fpage>
                  <volume>37</volume>
                  <source>Agr.</source>
               </mixed-citation>
            </p>
         </fn>
         <fn id="d1893e1808a1310">
            <label>36</label>
            <p>
               <mixed-citation id="d1893e1815" publication-type="journal">
Agr. 10.5<fpage>5</fpage>
                  <volume>10</volume>
                  <source>Agr.</source>
               </mixed-citation>
            </p>
            <p>
               <mixed-citation id="d1893e1830" publication-type="journal">
Strab. 2.4.1 (104)<issue>4.1</issue>
                  <fpage>104</fpage>
                  <volume>2</volume>
                  <source>Strab.</source>
               </mixed-citation>
            </p>
            <p>
               <mixed-citation id="d1893e1848" publication-type="book">
J. S. Romm, The Edges of the Earth in Ancient Thought
(Princeton, 1992), 22-3, 148-9<person-group>
                     <string-name>
                        <surname>Romm</surname>
                     </string-name>
                  </person-group>
                  <fpage>22</fpage>
                  <source>The Edges of the Earth in Ancient Thought</source>
                  <year>1992</year>
               </mixed-citation>
            </p>
            <p>
               <mixed-citation id="d1893e1877" publication-type="other">
Katherine Clarke (n. 31), 97-8</mixed-citation>
            </p>
         </fn>
         <fn id="d1893e1884a1310">
            <label>37</label>
            <p>
               <mixed-citation id="d1893e1891" publication-type="journal">
Agr. 10.4<fpage>4</fpage>
                  <volume>10</volume>
                  <source>Agr.</source>
               </mixed-citation>
            </p>
         </fn>
         <fn id="d1893e1907a1310">
            <label>38</label>
            <p>
               <mixed-citation id="d1893e1914" publication-type="journal">
Tac. Agr. 32.2<fpage>2</fpage>
                  <volume>32</volume>
                  <source>Agr.</source>
               </mixed-citation>
            </p>
            <p>
               <mixed-citation id="d1893e1929" publication-type="journal">
Contrast Curt. 4.14.22<person-group>
                     <string-name>
                        <surname>Contrast</surname>
                     </string-name>
                  </person-group>
                  <issue>14</issue>
                  <fpage>22</fpage>
                  <volume>4</volume>
                  <source>Curt.</source>
               </mixed-citation>
            </p>
         </fn>
         <fn id="d1893e1958a1310">
            <label>39</label>
            <p>
               <mixed-citation id="d1893e1965" publication-type="journal">
Sall. BJ 114.2<fpage>2</fpage>
                  <volume>114</volume>
                  <source>BJ</source>
               </mixed-citation>
            </p>
            <p>
               <mixed-citation id="d1893e1980" publication-type="other">
94.5</mixed-citation>
            </p>
            <p>
               <mixed-citation id="d1893e1986" publication-type="journal">
Curt. 4.14.9<issue>14</issue>
                  <fpage>9</fpage>
                  <volume>4</volume>
                  <source>Curt.</source>
               </mixed-citation>
            </p>
            <p>
               <mixed-citation id="d1893e2005" publication-type="journal">
Tac. Agr. 31.4<fpage>4</fpage>
                  <volume>31</volume>
                  <source>Agr.</source>
               </mixed-citation>
            </p>
            <p>
               <mixed-citation id="d1893e2020" publication-type="other">
Walter (n. 1), 8</mixed-citation>
            </p>
            <p>
               <mixed-citation id="d1893e2026" publication-type="other">
Livy 21.41.13</mixed-citation>
            </p>
            <p>
               <mixed-citation id="d1893e2032" publication-type="journal">
Just. 28.4.2<object-id pub-id-type="jstor">10.2307/1147672</object-id>
                  <fpage>2</fpage>
               </mixed-citation>
            </p>
         </fn>
         <fn id="d1893e2045a1310">
            <label>40</label>
            <p>
               <mixed-citation id="d1893e2052" publication-type="journal">
Just. 38.6.8<issue>6</issue>
                  <fpage>8</fpage>
                  <volume>38</volume>
                  <source>Just.</source>
               </mixed-citation>
            </p>
            <p>
               <mixed-citation id="d1893e2070" publication-type="journal">
Sallust Hist. 4.67.5, 22<person-group>
                     <string-name>
                        <surname>Sallust</surname>
                     </string-name>
                  </person-group>
                  <issue>67.5</issue>
                  <fpage>22</fpage>
                  <volume>4</volume>
                  <source>Hist.</source>
               </mixed-citation>
            </p>
         </fn>
         <fn id="d1893e2100a1310">
            <label>41</label>
            <p>
               <mixed-citation id="d1893e2107" publication-type="journal">
L. Ballesteros-Pastor, 'Le Discours du Scythe à Alexandre le
Grand', RhM 146 (2003), 23-37<person-group>
                     <string-name>
                        <surname>Ballesteros-Pastor</surname>
                     </string-name>
                  </person-group>
                  <fpage>23</fpage>
                  <volume>146</volume>
                  <source>RhM</source>
                  <year>2003</year>
               </mixed-citation>
            </p>
         </fn>
         <fn id="d1893e2139a1310">
            <label>42</label>
            <p>
               <mixed-citation id="d1893e2146" publication-type="journal">
Curt. 7.8.19<issue>8</issue>
                  <fpage>19</fpage>
                  <volume>7</volume>
                  <source>Curt.</source>
               </mixed-citation>
            </p>
         </fn>
         <fn id="d1893e2165a1310">
            <label>43</label>
            <p>
               <mixed-citation id="d1893e2172" publication-type="journal">
Curt. 7.9.15<issue>9</issue>
                  <fpage>15</fpage>
                  <volume>7</volume>
                  <source>Curt.</source>
               </mixed-citation>
            </p>
            <p>
               <mixed-citation id="d1893e2190" publication-type="other">
Metz Epit. 12</mixed-citation>
            </p>
            <p>
               <mixed-citation id="d1893e2196" publication-type="book">
A. B. Bosworth,
'Alexander, Euripides and Dionysos: the motivation for Apotheosis', in R. W. Wallace and
E. M. Harris (edd.), Transitions to Empire (Norman, 1996), 140-66, esp. 146-9<person-group>
                     <string-name>
                        <surname>Bosworth</surname>
                     </string-name>
                  </person-group>
                  <comment content-type="section">Alexander, Euripides and Dionysos: the motivation for Apotheosis</comment>
                  <fpage>140</fpage>
                  <source>Transitions to Empire</source>
                  <year>1996</year>
               </mixed-citation>
            </p>
         </fn>
         <fn id="d1893e2231a1310">
            <label>44</label>
            <p>
               <mixed-citation id="d1893e2238" publication-type="journal">
Curt. 7.8.11<issue>8</issue>
                  <fpage>11</fpage>
                  <volume>7</volume>
                  <source>Curt.</source>
               </mixed-citation>
            </p>
            <p>
               <mixed-citation id="d1893e2256" publication-type="journal">
Hdt. 2.123<fpage>123</fpage>
                  <volume>2</volume>
                  <source>Hdt.</source>
               </mixed-citation>
            </p>
            <p>
               <mixed-citation id="d1893e2271" publication-type="book">
E. J. Baynham, Alexander the Great. The Unique
History of Quintus Curtius (Ann Arbor, 1998), 86-90<person-group>
                     <string-name>
                        <surname>Baynham</surname>
                     </string-name>
                  </person-group>
                  <fpage>86</fpage>
                  <source>Alexander the Great. The Unique History of Quintus Curtius</source>
                  <year>1998</year>
               </mixed-citation>
            </p>
         </fn>
         <fn id="d1893e2300a1310">
            <label>45</label>
            <p>
               <mixed-citation id="d1893e2307" publication-type="other">
Clarke (n. 36), 105-9</mixed-citation>
            </p>
         </fn>
         <fn id="d1893e2314a1310">
            <label>46</label>
            <p>
               <mixed-citation id="d1893e2321" publication-type="journal">
Hist. 4.17<fpage>17</fpage>
                  <volume>4</volume>
                  <source>Hist.</source>
               </mixed-citation>
            </p>
         </fn>
         <fn id="d1893e2338a1310">
            <label>47</label>
            <p>
               <mixed-citation id="d1893e2345" publication-type="other">
Livy 1.53.6</mixed-citation>
            </p>
            <p>
               <mixed-citation id="d1893e2351" publication-type="journal">
Pliny Pan. 48.5<fpage>5</fpage>
                  <volume>48</volume>
                  <source>Pan.</source>
               </mixed-citation>
            </p>
         </fn>
         <fn id="d1893e2367a1310">
            <label>48</label>
            <p>
               <mixed-citation id="d1893e2374" publication-type="journal">
Curt. 9.2.24<issue>2</issue>
                  <fpage>24</fpage>
                  <volume>9</volume>
                  <source>Curt.</source>
               </mixed-citation>
            </p>
            <p>
               <mixed-citation id="d1893e2392" publication-type="journal">
Curt. 8.8.10<issue>8</issue>
                  <fpage>10</fpage>
                  <volume>8</volume>
                  <source>Curt.</source>
               </mixed-citation>
            </p>
         </fn>
         <fn id="d1893e2411a1310">
            <label>49</label>
            <p>
               <mixed-citation id="d1893e2418" publication-type="other">
Walter (n. 1), 8</mixed-citation>
            </p>
            <p>
               <mixed-citation id="d1893e2424" publication-type="journal">
Agr. 30.4<fpage>4</fpage>
                  <volume>30</volume>
                  <source>Agr.</source>
               </mixed-citation>
            </p>
         </fn>
         <fn id="d1893e2440a1310">
            <label>50</label>
            <p>
               <mixed-citation id="d1893e2447" publication-type="journal">
Tac. Ann. 2.73.1-3<issue>73</issue>
                  <fpage>1</fpage>
                  <volume>2</volume>
                  <source>Tac. Ann.</source>
               </mixed-citation>
            </p>
            <p>
               <mixed-citation id="d1893e2465" publication-type="book">
A. B. Bosworth, From Arrian to Alexander
(Oxford, 1988), 152-6<person-group>
                     <string-name>
                        <surname>Bosworth</surname>
                     </string-name>
                  </person-group>
                  <fpage>152</fpage>
                  <source>From Arrian to Alexander</source>
                  <year>1988</year>
               </mixed-citation>
            </p>
            <p>
               <mixed-citation id="d1893e2493" publication-type="journal">
J. A. P Gissel, 'Germanicus as an Alexander figure', C&amp;M 52 [2001], 277-301<person-group>
                     <string-name>
                        <surname>Gissel</surname>
                     </string-name>
                  </person-group>
                  <fpage>277</fpage>
                  <volume>52</volume>
                  <source>C&amp;M</source>
                  <year>2001</year>
               </mixed-citation>
            </p>
         </fn>
         <fn id="d1893e2522a1310">
            <label>51</label>
            <p>
               <mixed-citation id="d1893e2529" publication-type="other">
Curt. 10.5.26-37</mixed-citation>
            </p>
            <p>
               <mixed-citation id="d1893e2535" publication-type="other">
26: iuste
aestimantibus</mixed-citation>
            </p>
         </fn>
         <fn id="d1893e2545a1310">
            <label>52</label>
            <p>
               <mixed-citation id="d1893e2552" publication-type="other">
Baynham (n. 44), 130</mixed-citation>
            </p>
         </fn>
         <fn id="d1893e2560a1310">
            <label>53</label>
            <p>
               <mixed-citation id="d1893e2569" publication-type="other">
3.12.18-21</mixed-citation>
            </p>
            <p>
               <mixed-citation id="d1893e2575" publication-type="other">
Baynham [n. 44], 125-30</mixed-citation>
            </p>
         </fn>
         <fn id="d1893e2582a1310">
            <label>54</label>
            <p>
               <mixed-citation id="d1893e2589" publication-type="journal">
Tac. Ann. 2.73.2<issue>73</issue>
                  <fpage>2</fpage>
                  <volume>2</volume>
                  <source>Tac. Ann.</source>
               </mixed-citation>
            </p>
         </fn>
         <fn id="d1893e2608a1310">
            <label>55</label>
            <p>
               <mixed-citation id="d1893e2615" publication-type="journal">
Ann. 2.57.2<object-id pub-id-type="jstor">10.2307/2946083</object-id>
                  <fpage>2</fpage>
               </mixed-citation>
            </p>
            <p>
               <mixed-citation id="d1893e2627" publication-type="journal">
Ann. 2.55.3<object-id pub-id-type="jstor">10.2307/2946083</object-id>
                  <fpage>3</fpage>
               </mixed-citation>
            </p>
            <p>
               <mixed-citation id="d1893e2639" publication-type="journal">
Ann. 1.58.5<object-id pub-id-type="jstor">10.2307/2946037</object-id>
                  <fpage>5</fpage>
               </mixed-citation>
            </p>
         </fn>
         <fn id="d1893e2652a1310">
            <label>56</label>
            <p>
               <mixed-citation id="d1893e2659" publication-type="other">
Curt. 10.5.32</mixed-citation>
            </p>
         </fn>
         <fn id="d1893e2666a1310">
            <label>57</label>
            <p>
               <mixed-citation id="d1893e2673" publication-type="other">
Curt. 5.1.36</mixed-citation>
            </p>
         </fn>
         <fn id="d1893e2680a1310">
            <label>58</label>
            <p>
               <mixed-citation id="d1893e2687" publication-type="other">
Curt. 8.3.5</mixed-citation>
            </p>
         </fn>
         <fn id="d1893e2695a1310">
            <label>59</label>
            <p>
               <mixed-citation id="d1893e2702" publication-type="other">
Curtius' narrative (6.5.23</mixed-citation>
            </p>
            <p>
               <mixed-citation id="d1893e2708" publication-type="other">
10.1.25-37</mixed-citation>
            </p>
            <p>
               <mixed-citation id="d1893e2714" publication-type="book">
J. E. Atkinson, A Commentary on Q. Curtius Rufus' Historiae Alexandri
Magni Books 5 to 7, 2 [Amsterdam, 1994], 196-7)<person-group>
                     <string-name>
                        <surname>Atkinson</surname>
                     </string-name>
                  </person-group>
                  <fpage>196</fpage>
                  <volume>2</volume>
                  <source>A Commentary on Q. Curtius Rufus' Historiae Alexandri Magni Books 5 to 7</source>
                  <year>1994</year>
               </mixed-citation>
            </p>
         </fn>
         <fn id="d1893e2746a1310">
            <label>60</label>
            <p>
               <mixed-citation id="d1893e2753" publication-type="journal">
Ann. 2.73.2<object-id pub-id-type="jstor">10.2307/2946083</object-id>
                  <fpage>2</fpage>
               </mixed-citation>
            </p>
         </fn>
         <fn id="d1893e2766a1310">
            <label>61</label>
            <p>
               <mixed-citation id="d1893e2773" publication-type="other">
Alexander's temeritas</mixed-citation>
            </p>
            <p>
               <mixed-citation id="d1893e2779" publication-type="other">
Malli town (9.5.1)</mixed-citation>
            </p>
            <p>
               <mixed-citation id="d1893e2785" publication-type="other">
king's invariable good
fortune (3.6.18</mixed-citation>
            </p>
            <p>
               <mixed-citation id="d1893e2795" publication-type="other">
9.9.2</mixed-citation>
            </p>
            <p>
               <mixed-citation id="d1893e2801" publication-type="other">
10.5.35)</mixed-citation>
            </p>
         </fn>
         <fn id="d1893e2808a1310">
            <label>62</label>
            <p>
               <mixed-citation id="d1893e2815" publication-type="other">
Curt. 10.5.28</mixed-citation>
            </p>
         </fn>
         <fn id="d1893e2822a1310">
            <label>63</label>
            <p>
               <mixed-citation id="d1893e2829" publication-type="book">
F. R. D. Goodyear, The Annals of Tacitus Books 1-6 (Cambridge, 1972-), 2.415-16<person-group>
                     <string-name>
                        <surname>Goodyear</surname>
                     </string-name>
                  </person-group>
                  <fpage>415</fpage>
                  <volume>2</volume>
                  <source>The Annals of Tacitus Books 1-6</source>
                  <year>1972</year>
               </mixed-citation>
            </p>
         </fn>
         <fn id="d1893e2858a1310">
            <label>64</label>
            <p>
               <mixed-citation id="d1893e2865" publication-type="journal">
Tac. Ann. 1.51.1<issue>51</issue>
                  <fpage>1</fpage>
                  <volume>1</volume>
                  <source>Tac. Ann.</source>
               </mixed-citation>
            </p>
            <p>
               <mixed-citation id="d1893e2883" publication-type="other">
2.21.2</mixed-citation>
            </p>
            <p>
               <mixed-citation id="d1893e2889" publication-type="other">
Curt. 9.5.20</mixed-citation>
            </p>
         </fn>
         <fn id="d1893e2897a1310">
            <label>65</label>
            <p>
               <mixed-citation id="d1893e2904" publication-type="other">
Dio 57.19.6</mixed-citation>
            </p>
         </fn>
         <fn id="d1893e2911a1310">
            <label>66</label>
            <p>
               <mixed-citation id="d1893e2918" publication-type="journal">
Cic. Inv. rhet. 1.2<fpage>2</fpage>
                  <volume>1</volume>
                  <source>Cic. Inv. rhet.</source>
               </mixed-citation>
            </p>
         </fn>
         <fn id="d1893e2934a1310">
            <label>67</label>
            <p>
               <mixed-citation id="d1893e2941" publication-type="other">
Curt. 8.4.27</mixed-citation>
            </p>
            <p>
               <mixed-citation id="d1893e2947" publication-type="journal">
M. Renard and J. Servais, 'Á propos du mariage d'Alexandre et de Roxane',
AC 24 [1955], 29-50<person-group>
                     <string-name>
                        <surname>Renard</surname>
                     </string-name>
                  </person-group>
                  <fpage>29</fpage>
                  <volume>24</volume>
                  <source>AC</source>
                  <year>1955</year>
               </mixed-citation>
            </p>
            <p>
               <mixed-citation id="d1893e2978" publication-type="other">
Arr.
4.19.5</mixed-citation>
            </p>
            <p>
               <mixed-citation id="d1893e2988" publication-type="journal">
Plut. Alex. 47.7-8<fpage>7</fpage>
                  <volume>47</volume>
                  <source>Plut. Alex.</source>
               </mixed-citation>
            </p>
            <p>
               <mixed-citation id="d1893e3003" publication-type="other">
Mor. 332E</mixed-citation>
            </p>
         </fn>
         <fn id="d1893e3010a1310">
            <label>68</label>
            <p>
               <mixed-citation id="d1893e3017" publication-type="other">
Philip II (Athen. 13.578A</mixed-citation>
            </p>
            <p>
               <mixed-citation id="d1893e3023" publication-type="other">
Just. 9.8.2</mixed-citation>
            </p>
            <p>
               <mixed-citation id="d1893e3029" publication-type="other">
13.2.11)</mixed-citation>
            </p>
         </fn>
         <fn id="d1893e3036a1310">
            <label>70</label>
            <p>
               <mixed-citation id="d1893e3043" publication-type="journal">
Tac. Ann. 1.9.3<issue>9</issue>
                  <fpage>3</fpage>
                  <volume>1</volume>
                  <source>Tac. Ann.</source>
               </mixed-citation>
            </p>
            <p>
               <mixed-citation id="d1893e3061" publication-type="journal">
Ann. 1.10.1<object-id pub-id-type="jstor">10.2307/2946037</object-id>
                  <fpage>1</fpage>
               </mixed-citation>
            </p>
            <p>
               <mixed-citation id="d1893e3073" publication-type="journal">
Ann.
16.30.2<object-id pub-id-type="jstor">10.2307/2083261</object-id>
                  <fpage>2</fpage>
               </mixed-citation>
            </p>
         </fn>
         <fn id="d1893e3089a1310">
            <label>71</label>
            <p>
               <mixed-citation id="d1893e3096" publication-type="journal">
Cic. Inv. 2.66<fpage>66</fpage>
                  <volume>2</volume>
                  <source>Cic. Inv.</source>
               </mixed-citation>
            </p>
            <p>
               <mixed-citation id="d1893e3111" publication-type="other">
Part. Or. 78</mixed-citation>
            </p>
         </fn>
         <fn id="d1893e3119a1310">
            <label>72</label>
            <p>
               <mixed-citation id="d1893e3126" publication-type="other">
Curt. 10.5.30</mixed-citation>
            </p>
            <p>
               <mixed-citation id="d1893e3132" publication-type="other">
Curt. 9.6.26</mixed-citation>
            </p>
         </fn>
         <fn id="d1893e3139a1310">
            <label>73</label>
            <p>
               <mixed-citation id="d1893e3146" publication-type="journal">
Tac. Ann. 1.9.4<issue>9</issue>
                  <fpage>4</fpage>
                  <volume>1</volume>
                  <source>Tac. Ann.</source>
               </mixed-citation>
            </p>
            <p>
               <mixed-citation id="d1893e3164" publication-type="other">
1.10.3</mixed-citation>
            </p>
         </fn>
         <fn id="d1893e3171a1310">
            <label>75</label>
            <p>
               <mixed-citation id="d1893e3178" publication-type="other">
Curt. 10.5.7</mixed-citation>
            </p>
         </fn>
         <fn id="d1893e3185a1310">
            <label>76</label>
            <p>
               <mixed-citation id="d1893e3192" publication-type="journal">
Agr. 38.2<fpage>2</fpage>
                  <volume>38</volume>
                  <source>Agr.</source>
               </mixed-citation>
            </p>
            <p>
               <mixed-citation id="d1893e3207" publication-type="journal">
Hist. 3.13<fpage>13</fpage>
                  <volume>3</volume>
                  <source>Hist.</source>
               </mixed-citation>
            </p>
            <p>
               <mixed-citation id="d1893e3222" publication-type="journal">
Ann.
4.50.4<object-id pub-id-type="jstor">10.2307/2945963</object-id>
                  <fpage>4</fpage>
               </mixed-citation>
            </p>
            <p>
               <mixed-citation id="d1893e3238" publication-type="other">
Livy (10.34.6)</mixed-citation>
            </p>
         </fn>
         <fn id="d1893e3245a1310">
            <label>78</label>
            <p>
               <mixed-citation id="d1893e3252" publication-type="other">
Curt. 4.8.3-4</mixed-citation>
            </p>
            <p>
               <mixed-citation id="d1893e3258" publication-type="book">
A. B. Bosworth, A Historical Commenary on Arrian's History of Alexander 2
[Oxford, 1995], 272-3<person-group>
                     <string-name>
                        <surname>Bosworth</surname>
                     </string-name>
                  </person-group>
                  <fpage>272</fpage>
                  <volume>2</volume>
                  <source>A Historical Commenary on Arrian's History of Alexander</source>
                  <year>1995</year>
               </mixed-citation>
            </p>
            <p>
               <mixed-citation id="d1893e3289" publication-type="journal">
TOPOI 3.2 (1993)<fpage>2</fpage>
                  <volume>3</volume>
                  <source>TOPOI</source>
                  <year>1993</year>
               </mixed-citation>
            </p>
            <p>
               <mixed-citation id="d1893e3308" publication-type="book">
M.-E Boussec and J.-E Salles [edd.], Athens,
Aden, Arikamedu [New Delhi, 1995], 27-44<person-group>
                     <string-name>
                        <surname>Boussec</surname>
                     </string-name>
                  </person-group>
                  <fpage>27</fpage>
                  <source>Athens, Aden, Arikamedu</source>
                  <year>1995</year>
               </mixed-citation>
            </p>
         </fn>
         <fn id="d1893e3337a1310">
            <label>79</label>
            <p>
               <mixed-citation id="d1893e3344" publication-type="other">
Goodyear [n. 63], 2.373, n. 1</mixed-citation>
            </p>
            <p>
               <mixed-citation id="d1893e3350" publication-type="other">
Contrast Atkinson (n. 14), 364</mixed-citation>
            </p>
            <p>
               <mixed-citation id="d1893e3356" publication-type="journal">
Sallust [Jug. 35.3]<person-group>
                     <string-name>
                        <surname>Sallust</surname>
                     </string-name>
                  </person-group>
                  <fpage>3</fpage>
                  <volume>35</volume>
                  <source>Jug.</source>
               </mixed-citation>
            </p>
         </fn>
         <fn id="d1893e3382a1310">
            <label>80</label>
            <p>
               <mixed-citation id="d1893e3389" publication-type="journal">
Ann. 2.8.2<object-id pub-id-type="jstor">10.2307/2946083</object-id>
                  <fpage>2</fpage>
               </mixed-citation>
            </p>
            <p>
               <mixed-citation id="d1893e3401" publication-type="journal">
Ann. 1.78.2<object-id pub-id-type="jstor">10.2307/2946037</object-id>
                  <fpage>2</fpage>
               </mixed-citation>
            </p>
            <p>
               <mixed-citation id="d1893e3413" publication-type="other">
1.52.1</mixed-citation>
            </p>
            <p>
               <mixed-citation id="d1893e3420" publication-type="other">
Goodyear (n. 63), 2.178</mixed-citation>
            </p>
            <p>
               <mixed-citation id="d1893e3426" publication-type="book">
C. Pelling, in A. J. Woodman
and T. J. Luce (edd.), Tacitus and the Tacitean Tradition (Princeton, 1993), 64<person-group>
                     <string-name>
                        <surname>Pelling</surname>
                     </string-name>
                  </person-group>
                  <fpage>64</fpage>
                  <source>Tacitus and the Tacitean Tradition</source>
                  <year>1993</year>
               </mixed-citation>
            </p>
         </fn>
         <fn id="d1893e3455a1310">
            <label>81</label>
            <p>
               <mixed-citation id="d1893e3462" publication-type="other">
Curt. 10.5.31</mixed-citation>
            </p>
            <p>
               <mixed-citation id="d1893e3468" publication-type="journal">
Cicero (Mil. 1<person-group>
                     <string-name>
                        <surname>Cicero</surname>
                     </string-name>
                  </person-group>
                  <fpage>1</fpage>
                  <source>Mil.</source>
               </mixed-citation>
            </p>
            <p>
               <mixed-citation id="d1893e3489" publication-type="other">
Quint. 11.3.49</mixed-citation>
            </p>
            <p>
               <mixed-citation id="d1893e3496" publication-type="journal">
Phil.
11.28)<object-id pub-id-type="jstor">10.2307/184887</object-id>
                  <fpage>28</fpage>
               </mixed-citation>
            </p>
            <p>
               <mixed-citation id="d1893e3511" publication-type="journal">
Sallust (C. 54.1)<person-group>
                     <string-name>
                        <surname>Sallust</surname>
                     </string-name>
                  </person-group>
                  <fpage>1</fpage>
                  <volume>54</volume>
                  <source>C.</source>
               </mixed-citation>
            </p>
            <p>
               <mixed-citation id="d1893e3535" publication-type="journal">
B.Alex. 15.2<fpage>2</fpage>
                  <volume>15</volume>
                  <source>B.Alex.</source>
               </mixed-citation>
            </p>
         </fn>
         <fn id="d1893e3551a1310">
            <label>82</label>
            <p>
               <mixed-citation id="d1893e3558" publication-type="journal">
Decl. 310.12<fpage>12</fpage>
                  <volume>310</volume>
                  <source>Decl.</source>
               </mixed-citation>
            </p>
         </fn>
         <fn id="d1893e3574a1310">
            <label>83</label>
            <p>
               <mixed-citation id="d1893e3581" publication-type="book">
G. B. A. Fletcher, Annotations on
Tacitus, Coll. Latomus 71 (Brussels and Berchem, 1964), 11<person-group>
                     <string-name>
                        <surname>Fletcher</surname>
                     </string-name>
                  </person-group>
                  <fpage>11</fpage>
                  <volume>71</volume>
                  <source>Annotations on Tacitus</source>
                  <year>1964</year>
               </mixed-citation>
            </p>
            <p>
               <mixed-citation id="d1893e3612" publication-type="other">
Goodyear (n. 63), 1.292</mixed-citation>
            </p>
         </fn>
         <fn id="d1893e3619a1310">
            <label>84</label>
            <p>
               <mixed-citation id="d1893e3626" publication-type="other">
Curt. 10.2.28</mixed-citation>
            </p>
            <p>
               <mixed-citation id="d1893e3632" publication-type="journal">
Ann. 2.42.2<object-id pub-id-type="jstor">10.2307/2946083</object-id>
                  <fpage>2</fpage>
               </mixed-citation>
            </p>
         </fn>
         <fn id="d1893e3645a1310">
            <label>85</label>
            <p>
               <mixed-citation id="d1893e3652" publication-type="journal">
Tac. Ann. 1.28.3<object-id pub-id-type="jstor">10.2307/2946037</object-id>
                  <fpage>3</fpage>
               </mixed-citation>
            </p>
            <p>
               <mixed-citation id="d1893e3664" publication-type="journal">
Ann. 14.23.1<object-id pub-id-type="jstor">10.2307/2083308</object-id>
                  <fpage>1</fpage>
               </mixed-citation>
            </p>
         </fn>
         <fn id="d1893e3678a1310">
            <label>86</label>
            <p>
               <mixed-citation id="d1893e3685" publication-type="other">
Curt. 4.10.2-8</mixed-citation>
            </p>
            <p>
               <mixed-citation id="d1893e3691" publication-type="other">
Arr. 3.7.6</mixed-citation>
            </p>
            <p>
               <mixed-citation id="d1893e3697" publication-type="journal">
Plut. Alex. 31.8<fpage>8</fpage>
                  <volume>31</volume>
                  <source>Alex.</source>
               </mixed-citation>
            </p>
            <p>
               <mixed-citation id="d1893e3713" publication-type="book">
A. Sachs and H. Hunger,
Astronomical Diaries and Related Texts from Babylonia, Denkschr. Oest. Ak. d. Wiss. 195
(Vienna, 1988), 1.179<person-group>
                     <string-name>
                        <surname>Sachs</surname>
                     </string-name>
                  </person-group>
                  <fpage>1</fpage>
                  <volume>195</volume>
                  <source>Astronomical Diaries and Related Texts from Babylonia</source>
                  <year>1988</year>
               </mixed-citation>
            </p>
            <p>
               <mixed-citation id="d1893e3747" publication-type="book">
G. E Del Monte, Testi dalla Babilonia Ellenistica i (Pisa and Rome,
1997), 1-5<person-group>
                     <string-name>
                        <surname>Del Monte</surname>
                     </string-name>
                  </person-group>
                  <fpage>1</fpage>
                  <volume>i</volume>
                  <source>Testi dalla Babilonia Ellenistica</source>
                  <year>1997</year>
               </mixed-citation>
            </p>
            <p>
               <mixed-citation id="d1893e3778" publication-type="other">
Herodotus (7.37.3)</mixed-citation>
            </p>
         </fn>
         <fn id="d1893e3785a1310">
            <label>87</label>
            <p>
               <mixed-citation id="d1893e3792" publication-type="other">
Goodyear (n. 63), 1.232</mixed-citation>
            </p>
         </fn>
         <fn id="d1893e3799a1310">
            <label>88</label>
            <p>
               <mixed-citation id="d1893e3806" publication-type="other">
Dio 58.19.3-4</mixed-citation>
            </p>
         </fn>
         <fn id="d1893e3813a1310">
            <label>89</label>
            <p>
               <mixed-citation id="d1893e3820" publication-type="other">
Atkinson (n. 14), 37</mixed-citation>
            </p>
            <p>
               <mixed-citation id="d1893e3826" publication-type="journal">
Aufidius Bassus (repeated in ANRW II 34.4 [1998], 3452)<person-group>
                     <string-name>
                        <surname>Bassus</surname>
                     </string-name>
                  </person-group>
                  <issue>34</issue>
                  <fpage>3452</fpage>
                  <volume>II</volume>
                  <source>ANRW</source>
                  <year>1998</year>
               </mixed-citation>
            </p>
            <p>
               <mixed-citation id="d1893e3857" publication-type="other">
Atkinson [n. 59], 251-2</mixed-citation>
            </p>
            <p>
               <mixed-citation id="d1893e3864" publication-type="journal">
G.V.
Sumner, 'Curtius Rufus and the Historiae Alexandri', AUMLA 15 (1961), 30-9, esp. 34-5<person-group>
                     <string-name>
                        <surname>Sumner</surname>
                     </string-name>
                  </person-group>
                  <fpage>30</fpage>
                  <volume>15</volume>
                  <source>AUMLA</source>
                  <year>1961</year>
               </mixed-citation>
            </p>
            <p>
               <mixed-citation id="d1893e3895" publication-type="other">
Baynham (n. 44), 52, 215</mixed-citation>
            </p>
            <p>
               <mixed-citation id="d1893e3901" publication-type="journal">
A. M. Devine, 'The Parthi, the tyranny of Tiberius and the date of
Q. Curtius Rufus', Phoenix 33 (1979), 142-59, esp. 152<object-id pub-id-type="doi">10.2307/1087991</object-id>
                  <fpage>142</fpage>
               </mixed-citation>
            </p>
         </fn>
         <fn id="d1893e3917a1310">
            <label>90</label>
            <p>
               <mixed-citation id="d1893e3924" publication-type="other">
Curt. 7.1.26</mixed-citation>
            </p>
            <p>
               <mixed-citation id="d1893e3930" publication-type="journal">
Tac. Ann. 6.8.1<object-id pub-id-type="jstor">10.2307/2946002</object-id>
                  <fpage>1</fpage>
               </mixed-citation>
            </p>
            <p>
               <mixed-citation id="d1893e3942" publication-type="other">
Cic. Har. Resp. 26</mixed-citation>
            </p>
            <p>
               <mixed-citation id="d1893e3949" publication-type="other">
Val. Max. 8.2.3</mixed-citation>
            </p>
         </fn>
         <fn id="d1893e3956a1310">
            <label>91</label>
            <p>
               <mixed-citation id="d1893e3963" publication-type="other">
6.7.35, 8.16</mixed-citation>
            </p>
            <p>
               <mixed-citation id="d1893e3969" publication-type="other">
11.39 on the dangers of invidia</mixed-citation>
            </p>
         </fn>
         <fn id="d1893e3977a1310">
            <label>92</label>
            <p>
               <mixed-citation id="d1893e3984" publication-type="journal">
Tac. Ann. 11.21<object-id pub-id-type="jstor">10.2307/2083283</object-id>
                  <fpage>21</fpage>
               </mixed-citation>
            </p>
            <p>
               <mixed-citation id="d1893e3996" publication-type="other">
Atkinson (n. 14), 50-7</mixed-citation>
            </p>
            <p>
               <mixed-citation id="d1893e4002" publication-type="journal">
Pomponius Secundus (Ann. 12.28.2)<person-group>
                     <string-name>
                        <surname>Secundus</surname>
                     </string-name>
                  </person-group>
                  <issue>28</issue>
                  <fpage>2</fpage>
                  <volume>12</volume>
                  <source>Ann.</source>
               </mixed-citation>
            </p>
            <p>
               <mixed-citation id="d1893e4031" publication-type="journal">
Ann. 14.19<object-id pub-id-type="jstor">10.2307/2083308</object-id>
                  <fpage>19</fpage>
               </mixed-citation>
            </p>
         </fn>
         <fn id="d1893e4044a1310">
            <label>93</label>
            <p>
               <mixed-citation id="d1893e4051" publication-type="journal">
'History and rhetoric in Curtius Rufus', CPh 78 (1983), 150-61, esp. 151-4<object-id pub-id-type="jstor">10.2307/269722</object-id>
                  <fpage>150</fpage>
               </mixed-citation>
            </p>
         </fn>
         <fn id="d1893e4064a1310">
            <label>94</label>
            <p>
               <mixed-citation id="d1893e4071" publication-type="other">
note below</mixed-citation>
            </p>
            <p>
               <mixed-citation id="d1893e4077" publication-type="journal">
J. E. Atkinson's
review: 'Q. Curtius Rufus' "Historiae Alexandri Magni"', ANRW II 34.4 (1998), 3454-5<person-group>
                     <string-name>
                        <surname>Atkinson</surname>
                     </string-name>
                  </person-group>
                  <issue>34</issue>
                  <fpage>3454</fpage>
                  <volume>II</volume>
                  <source>ANRW</source>
                  <year>1998</year>
               </mixed-citation>
            </p>
            <p>
               <mixed-citation id="d1893e4111" publication-type="journal">
J. Fugmann, 'Zum Problem der Datierung der 'Historiae Alexandri Magni' des Curtius Rufus',
Hermes 123 (1995), 233-43<person-group>
                     <string-name>
                        <surname>Fugmann</surname>
                     </string-name>
                  </person-group>
                  <fpage>233</fpage>
                  <volume>123</volume>
                  <source>Hermes</source>
                  <year>1995</year>
               </mixed-citation>
            </p>
            <p>
               <mixed-citation id="d1893e4143" publication-type="other">
Baynham (n. 44), 213-14, 219</mixed-citation>
            </p>
         </fn>
         <fn id="d1893e4150a1310">
            <label>95</label>
            <p>
               <mixed-citation id="d1893e4159" publication-type="journal">
Oros. Hist. ad pag. 7.9.1<issue>9</issue>
                  <fpage>1</fpage>
                  <volume>7</volume>
                  <source>Hist. ad pag.</source>
               </mixed-citation>
            </p>
            <p>
               <mixed-citation id="d1893e4177" publication-type="other">
Curt. 10.9.3</mixed-citation>
            </p>
            <p>
               <mixed-citation id="d1893e4184" publication-type="journal">
T. D. Barnes, 'The fragments of Tacitus'
"Histories"', CPh 72 [1977], 224-31<object-id pub-id-type="jstor">10.2307/268314</object-id>
                  <fpage>224</fpage>
               </mixed-citation>
            </p>
            <p>
               <mixed-citation id="d1893e4199" publication-type="journal">
Hist.
4.1.1<object-id pub-id-type="jstor">10.2307/1061868</object-id>
                  <fpage>1</fpage>
               </mixed-citation>
            </p>
            <p>
               <mixed-citation id="d1893e4214" publication-type="other">
Historiae (Barnes, 229)</mixed-citation>
            </p>
            <p>
               <mixed-citation id="d1893e4220" publication-type="other">
Fugmann (n. 94), 237-9</mixed-citation>
            </p>
            <p>
               <mixed-citation id="d1893e4226" publication-type="journal">
J. Schmid, 'Zur
Frage über das Zeitalter des Q. Curtius Rufus', NJPhP 113 (1876), 704<person-group>
                     <string-name>
                        <surname>Schmid</surname>
                     </string-name>
                  </person-group>
                  <fpage>704</fpage>
                  <volume>113</volume>
                  <source>NJPhP</source>
                  <year>1876</year>
               </mixed-citation>
            </p>
            <p>
               <mixed-citation id="d1893e4257" publication-type="other">
Livy 26.11.3</mixed-citation>
            </p>
            <p>
               <mixed-citation id="d1893e4264" publication-type="other">
30.38.11 (subita
serenitate)</mixed-citation>
            </p>
         </fn>
      </fn-group>
   </back>
</article>
