<article xmlns:xsi="http://www.w3.org/2001/XMLSchema-instance"
         xmlns:xlink="http://www.w3.org/1999/xlink"
         xmlns:mml="http://www.w3.org/1998/Math/MathML"
         dtd-version="1.0"
         article-type="research-article">
   <front>
      <journal-meta>
         <journal-id journal-id-type="jstor">clasquar</journal-id>
         <journal-id journal-id-type="jstor">j100124</journal-id>
         <journal-title-group>
            <journal-title>The Classical Quarterly</journal-title>
         </journal-title-group>
         <publisher>
            <publisher-name>Oxford University Press</publisher-name>
         </publisher>
         <issn pub-type="ppub">00098388</issn>
         <issn pub-type="epub">14716844</issn>
      </journal-meta>
      <article-meta>
         <article-id pub-id-type="jstor">3556328</article-id>
         <title-group>
            <article-title>"Axiosis", the New Arete: A Periclean Metaphor for Friendship</article-title>
         </title-group>
         <contrib-group>
            <contrib contrib-type="author">
               <string-name>
                  <given-names>June W.</given-names>
                  <surname>Allison</surname>
               </string-name>
            </contrib>
         </contrib-group>
         <pub-date>
            <day>1</day>
            <month>1</month>
            <year>2001</year>
         </pub-date>
         <volume>51</volume>
         <issue>1</issue>
         <issue-id>i369249</issue-id>
         <fpage>53</fpage>
         <lpage>64</lpage>
         <page-range>53-64</page-range>
         <permissions>
            <copyright-statement/>
         </permissions>
         <self-uri xlink:href="http://www.jstor.org/stable/3556328"/>
         <custom-meta-group>
            <custom-meta>
               <meta-name>lang</meta-name>
               <meta-value>eng</meta-value>
            </custom-meta>
         </custom-meta-group>
      </article-meta>
   </front>
   <back>
      <fn-group>
         <title>[Footnotes]</title>
         <fn id="d9456e113a1310">
            <label>1</label>
            <p>
               <mixed-citation id="d9456e120" publication-type="book">
E. Cohen, Athenian
Economy and Society: A Banking Perspective (Princeton, 1992)<person-group>
                     <string-name>
                        <surname>Cohen</surname>
                     </string-name>
                  </person-group>
                  <source>Athenian Economy and Society: A Banking Perspective</source>
                  <year>1992</year>
               </mixed-citation>
            </p>
            <p>
               <mixed-citation id="d9456e144" publication-type="book">
P. Millett, Lending and Borrowing
in Ancient Athens (Cambridge, 1991)<person-group>
                     <string-name>
                        <surname>Millett</surname>
                     </string-name>
                  </person-group>
                  <source>Lending and Borrowing in Ancient Athens</source>
                  <year>1991</year>
               </mixed-citation>
            </p>
            <p>
               <mixed-citation id="d9456e168" publication-type="book">
L. Kallet-Marx, Money, Expense, and Naval Power in
Thucydides' History 1-5.24 (Berkeley, 1993)<person-group>
                     <string-name>
                        <surname>Kallet-Marx</surname>
                     </string-name>
                  </person-group>
                  <source>Money, Expense, and Naval Power in Thucydides' History 1-5.24</source>
                  <year>1993</year>
               </mixed-citation>
            </p>
            <p>
               <mixed-citation id="d9456e193" publication-type="book">
M. Horster, Sterling Dow Fellow at Ohio State's
Center for Epigraphical Studies 1999<person-group>
                     <string-name>
                        <surname>Horster</surname>
                     </string-name>
                  </person-group>
                  <source>Sterling Dow Fellow at Ohio State's Center for Epigraphical Studies</source>
                  <year>1999</year>
               </mixed-citation>
            </p>
         </fn>
         <fn id="d9456e218a1310">
            <label>2</label>
            <p>
               <mixed-citation id="d9456e225" publication-type="other">
nn. 3 and 11 below</mixed-citation>
            </p>
            <p>
               <mixed-citation id="d9456e231" publication-type="book">
A. W. Gomme discusses
the generally accepted understanding of the issue, A Historical Commentary on Thucydides
(Oxford, 1959-81), 1.26-8<person-group>
                     <string-name>
                        <surname>Gomme</surname>
                     </string-name>
                  </person-group>
                  <fpage>26</fpage>
                  <volume>1</volume>
                  <source>A Historical Commentary on Thucydides</source>
                  <year>1981</year>
               </mixed-citation>
            </p>
            <p>
               <mixed-citation id="d9456e265" publication-type="journal">
G. H. Stevenson, 'The financial administration of Pericles',
JHS 45 (1924), 1-8<object-id pub-id-type="doi">10.2307/625695</object-id>
                  <fpage>1</fpage>
               </mixed-citation>
            </p>
            <p>
               <mixed-citation id="d9456e281" publication-type="other">
Thucydides: 'Finance did not interest Thucydides,
who omits such important facts as the transference to Athens of the treasure of the League and
the increase of the φόρος during the Archidamian War' (p. 1)</mixed-citation>
            </p>
            <p>
               <mixed-citation id="d9456e293" publication-type="journal">
S. B. Smith, 'The economic motive
in Thucydides', HSCPh 51 (1940), 267-301<person-group>
                     <string-name>
                        <surname>Smith</surname>
                     </string-name>
                  </person-group>
                  <fpage>267</fpage>
                  <volume>51</volume>
                  <source>HSCPh</source>
                  <year>1940</year>
               </mixed-citation>
            </p>
            <p>
               <mixed-citation id="d9456e324" publication-type="other">
'In
view of his [Thucydides'] tendency, and the tendency of his age, to interpret human life in terms
of universals, we may perhaps regard his economic aphorisms as resulting from a rudimentary
sense of economic motivation' (p. 301)</mixed-citation>
            </p>
            <p>
               <mixed-citation id="d9456e339" publication-type="book">
J. de Romilly, Thucydides and Athenian Imperialism, trans.
P. Thody (New York, 1963), 71-2<person-group>
                     <string-name>
                        <surname>de Romilly</surname>
                     </string-name>
                  </person-group>
                  <fpage>71</fpage>
                  <source>Thucydides and Athenian Imperialism</source>
                  <year>1963</year>
               </mixed-citation>
            </p>
         </fn>
         <fn id="d9456e368a1310">
            <label>3</label>
            <p>
               <mixed-citation id="d9456e375" publication-type="book">
M. I. Finley's introduction to The Ancient Economy (Berkeley, 1973), esp. 22-3<person-group>
                     <string-name>
                        <surname>Finley</surname>
                     </string-name>
                  </person-group>
                  <fpage>22</fpage>
                  <source>The Ancient Economy</source>
                  <year>1973</year>
               </mixed-citation>
            </p>
            <p>
               <mixed-citation id="d9456e399" publication-type="other">
p. 116</mixed-citation>
            </p>
         </fn>
         <fn id="d9456e406a1310">
            <label>4</label>
            <p>
               <mixed-citation id="d9456e413" publication-type="book">
M. W. Blundell, Helping Friends and Harming Enemies: A Study in Sophocles and Greek
Ethics (Cambridge, 1989)<person-group>
                     <string-name>
                        <surname>Blundell</surname>
                     </string-name>
                  </person-group>
                  <source>Helping Friends and Harming Enemies: A Study in Sophocles and Greek Ethics</source>
                  <year>1989</year>
               </mixed-citation>
            </p>
            <p>
               <mixed-citation id="d9456e437" publication-type="book">
L. Kurke, The Traffic in Praise: Pindar and the Poetics of Social Econ-
omy (Ithaca, NY, 1991)<person-group>
                     <string-name>
                        <surname>Kurke</surname>
                     </string-name>
                  </person-group>
                  <source>The Traffic in Praise: Pindar and the Poetics of Social Economy</source>
                  <year>1991</year>
               </mixed-citation>
            </p>
            <p>
               <mixed-citation id="d9456e461" publication-type="book">
R. Seaford, Reciprocity and Ritual: Homer and Tragedy in the Developing
City-State (Oxford, 1994)<person-group>
                     <string-name>
                        <surname>Seaford</surname>
                     </string-name>
                  </person-group>
                  <source>Reciprocity and Ritual: Homer and Tragedy in the Developing City-State</source>
                  <year>1994</year>
               </mixed-citation>
            </p>
            <p>
               <mixed-citation id="d9456e486" publication-type="book">
C. Gill, N. Postlethwaite, and R. Seaford (edd.), Reciprocity in Ancient
Greece (Oxford, 1998)<person-group>
                     <string-name>
                        <surname>Gill</surname>
                     </string-name>
                  </person-group>
                  <source>Reciprocity in Ancient Greece</source>
                  <year>1998</year>
               </mixed-citation>
            </p>
            <p>
               <mixed-citation id="d9456e510" publication-type="other">
Seaford (1994)</mixed-citation>
            </p>
            <p>
               <mixed-citation id="d9456e516" publication-type="book">
P. Bourdieu, Outline of a Theory of Practice,
trans. R. Nice (Cambridge, 1977)<person-group>
                     <string-name>
                        <surname>Bourdieu</surname>
                     </string-name>
                  </person-group>
                  <source>Outline of a Theory of Practice</source>
                  <year>1977</year>
               </mixed-citation>
            </p>
         </fn>
         <fn id="d9456e542a1310">
            <label>5</label>
            <p>
               <mixed-citation id="d9456e549" publication-type="other">
O. 13.19</mixed-citation>
            </p>
            <p>
               <mixed-citation id="d9456e555" publication-type="other">
Dionysus, I. 3.8</mixed-citation>
            </p>
            <p>
               <mixed-citation id="d9456e561" publication-type="other">
Kurke (n. 4) cites O. 8.79-80</mixed-citation>
            </p>
            <p>
               <mixed-citation id="d9456e568" publication-type="other">
Aeschylus, Ch. 41
and 517</mixed-citation>
            </p>
            <p>
               <mixed-citation id="d9456e577" publication-type="other">
Blundell (n. 4), 33</mixed-citation>
            </p>
            <p>
               <mixed-citation id="d9456e583" publication-type="other">
Aristotle's mention (NE.
1133a3-5)</mixed-citation>
            </p>
         </fn>
         <fn id="d9456e593a1310">
            <label>6</label>
            <p>
               <mixed-citation id="d9456e600" publication-type="other">
Kurke (n. 4), 102-3</mixed-citation>
            </p>
            <p>
               <mixed-citation id="d9456e606" publication-type="other">
Pindar 1.1.45-6</mixed-citation>
            </p>
            <p>
               <mixed-citation id="d9456e612" publication-type="book">
Od.
8.19<fpage>19</fpage>
                  <volume>8</volume>
                  <source>Od.</source>
               </mixed-citation>
            </p>
         </fn>
         <fn id="d9456e631a1310">
            <label>11</label>
            <p>
               <mixed-citation id="d9456e640" publication-type="book">
M. I. Finley, Economy and Society in Ancient Greece (London, 1981), 74<person-group>
                     <string-name>
                        <surname>Finley</surname>
                     </string-name>
                  </person-group>
                  <fpage>74</fpage>
                  <source>Economy and Society in Ancient Greece</source>
                  <year>1981</year>
               </mixed-citation>
            </p>
            <p>
               <mixed-citation id="d9456e664" publication-type="other">
'no continuity or rationality of financial connection; that
"credit rating" was a matter of gossip and repute, not of economic analysis' (p. 73)</mixed-citation>
            </p>
            <p>
               <mixed-citation id="d9456e674" publication-type="other">
Finley
(n. 3), 116-21</mixed-citation>
            </p>
            <p>
               <mixed-citation id="d9456e683" publication-type="book">
J. K. Davies echoes the sentiment: 'Athenian bankers were fundamentally
money-changers and money-lenders', in Wealth and the Power of Wealth in Classical Athens
(Oxford, 1965; repr. New York, 1981), 64-5<person-group>
                     <string-name>
                        <surname>Davies</surname>
                     </string-name>
                  </person-group>
                  <comment content-type="section">Athenian bankers were fundamentally money-changers and money-lenders</comment>
                  <fpage>64</fpage>
                  <source>Wealth and the Power of Wealth in Classical Athens</source>
                  <year>1981</year>
               </mixed-citation>
            </p>
         </fn>
         <fn id="d9456e718a1310">
            <label>12</label>
            <p>
               <mixed-citation id="d9456e725" publication-type="other">
Demosthenes 36.43, 48</mixed-citation>
            </p>
            <p>
               <mixed-citation id="d9456e731" publication-type="other">
Isocrates
17.43</mixed-citation>
            </p>
            <p>
               <mixed-citation id="d9456e740" publication-type="book">
R. Bogaert, Banques et banquiers dans les cites grecques (Leicen, 1968), 62<person-group>
                     <string-name>
                        <surname>Bogaert</surname>
                     </string-name>
                  </person-group>
                  <fpage>62</fpage>
                  <source>Banques et banquiers dans les cites grecques</source>
                  <year>1968</year>
               </mixed-citation>
            </p>
            <p>
               <mixed-citation id="d9456e765" publication-type="other">
Davies (n. 11), 65-6</mixed-citation>
            </p>
         </fn>
         <fn id="d9456e772a1310">
            <label>13</label>
            <p>
               <mixed-citation id="d9456e779" publication-type="other">
Cohen (n. 1), 14-17</mixed-citation>
            </p>
            <p>
               <mixed-citation id="d9456e785" publication-type="other">
n. 66</mixed-citation>
            </p>
            <p>
               <mixed-citation id="d9456e791" publication-type="journal">
A. French,
'Economic conditions in fourth-century Athens', G&amp;R 38 (1991), 32-4<person-group>
                     <string-name>
                        <surname>French</surname>
                     </string-name>
                  </person-group>
                  <fpage>32</fpage>
                  <volume>38</volume>
                  <source>G&amp;R</source>
                  <year>1991</year>
               </mixed-citation>
            </p>
         </fn>
         <fn id="d9456e823a1310">
            <label>14</label>
            <p>
               <mixed-citation id="d9456e830" publication-type="other">
Bogaert (n. 12), 61-4</mixed-citation>
            </p>
            <p>
               <mixed-citation id="d9456e836" publication-type="journal">
Aeschylus, Ag. 438<person-group>
                     <string-name>
                        <surname>Aeschylus</surname>
                     </string-name>
                  </person-group>
                  <fpage>438</fpage>
                  <source>Ag.</source>
               </mixed-citation>
            </p>
            <p>
               <mixed-citation id="d9456e857" publication-type="other">
Plato Ap. 17c</mixed-citation>
            </p>
            <p>
               <mixed-citation id="d9456e864" publication-type="other">
Hp. Ma.
368b</mixed-citation>
            </p>
            <p>
               <mixed-citation id="d9456e873" publication-type="other">
Antisthenes and Archestratus mentioned above (n. 12)</mixed-citation>
            </p>
            <p>
               <mixed-citation id="d9456e879" publication-type="other">
Demosthenes 36.38</mixed-citation>
            </p>
            <p>
               <mixed-citation id="d9456e885" publication-type="book">
L. Kallet-Marx,
'Money talks: rhetor, demos, and resources', in R. Osborne and S. Hornblower (edd.), Ritual,
Finance, and Politics: Athenian Democratic Accounts (Oxford, 1994), 227-8<person-group>
                     <string-name>
                        <surname>Kallet-Marx</surname>
                     </string-name>
                  </person-group>
                  <comment content-type="section">Money talks: rhetor, demos, and resources</comment>
                  <fpage>227</fpage>
                  <source>Ritual, Finance, and Politics: Athenian Democratic Accounts</source>
                  <year>1994</year>
               </mixed-citation>
            </p>
         </fn>
         <fn id="d9456e921a1310">
            <label>15</label>
            <p>
               <mixed-citation id="d9456e928" publication-type="other">
IG &lt;latex&gt;$I^3$&lt;/latex&gt; 61.32-56 from 426 B.c.</mixed-citation>
            </p>
            <p>
               <mixed-citation id="d9456e934" publication-type="other">
Finley (n. 11), 54-5</mixed-citation>
            </p>
         </fn>
         <fn id="d9456e941a1310">
            <label>16</label>
            <p>
               <mixed-citation id="d9456e950" publication-type="other">
IG &lt;latex&gt;$I^3$&lt;/latex&gt; 386-387.173-83</mixed-citation>
            </p>
            <p>
               <mixed-citation id="d9456e956" publication-type="book">
Maureen B. Cavanaugh
in Eleusis and Athens: Documents in Finance, Religion and Politics in the Fifth Century B.c
(Atlanta, 1996), 198-203<person-group>
                     <string-name>
                        <surname>Cavanaugh</surname>
                     </string-name>
                  </person-group>
                  <fpage>198</fpage>
                  <source>Eleusis and Athens: Documents in Finance, Religion and Politics in the Fifth Century B.c</source>
                  <year>1996</year>
               </mixed-citation>
            </p>
            <p>
               <mixed-citation id="d9456e988" publication-type="other">
IG &lt;latex&gt;$I^3$&lt;/latex&gt; 78.32-5</mixed-citation>
            </p>
            <p>
               <mixed-citation id="d9456e994" publication-type="other">
ibid. 75</mixed-citation>
            </p>
         </fn>
         <fn id="d9456e1001a1310">
            <label>17</label>
            <p>
               <mixed-citation id="d9456e1008" publication-type="book">
David Whitehead, The Demes of Attica 508/7-ca. 250 ac.: A Political and Social Study
(Princeton, 1986), 166<person-group>
                     <string-name>
                        <surname>Whitehead</surname>
                     </string-name>
                  </person-group>
                  <fpage>166</fpage>
                  <source>The Demes of Attica 508/7-ca. 250 ac.: A Political and Social Study</source>
                  <year>1986</year>
               </mixed-citation>
            </p>
         </fn>
         <fn id="d9456e1037a1310">
            <label>18</label>
            <p>
               <mixed-citation id="d9456e1044" publication-type="other">
Ibid. 166.</mixed-citation>
            </p>
         </fn>
         <fn id="d9456e1051a1310">
            <label>19</label>
            <p>
               <mixed-citation id="d9456e1058" publication-type="other">
Kallet-Marx (n. 1), 65</mixed-citation>
            </p>
            <p>
               <mixed-citation id="d9456e1064" publication-type="other">
Funeral Oration, always have the upper hand (2.40.4)</mixed-citation>
            </p>
            <p>
               <mixed-citation id="d9456e1070" publication-type="other">
n. 75, in
which she cites Bourdieu (n. 4), 171-3</mixed-citation>
            </p>
         </fn>
         <fn id="d9456e1080a1310">
            <label>22</label>
            <p>
               <mixed-citation id="d9456e1087" publication-type="other">
Cohen (n. 1), 20-1</mixed-citation>
            </p>
            <p>
               <mixed-citation id="d9456e1093" publication-type="other">
maritime investments, 121-39</mixed-citation>
            </p>
         </fn>
         <fn id="d9456e1101a1310">
            <label>24</label>
            <p>
               <mixed-citation id="d9456e1108" publication-type="other">
1.11.1 and 2</mixed-citation>
            </p>
            <p>
               <mixed-citation id="d9456e1114" publication-type="book">
Thucydides, J. W. Allison, Word and Concept in Thucydides (Atlanta, 1997), 115-16<person-group>
                     <string-name>
                        <surname>Thucydides</surname>
                     </string-name>
                  </person-group>
                  <fpage>115</fpage>
                  <source>Word and Concept in Thucydides</source>
                  <year>1997</year>
               </mixed-citation>
            </p>
         </fn>
         <fn id="d9456e1139a1310">
            <label>25</label>
            <p>
               <mixed-citation id="d9456e1148" publication-type="book">
N. Loraux, The Invention
of Athens: The Funeral Oration in the Classical City, trans. A. Sheridan (Cambridge, MA, 1986),
153-5<person-group>
                     <string-name>
                        <surname>Loraux</surname>
                     </string-name>
                  </person-group>
                  <fpage>153</fpage>
                  <source>The Invention of Athens: The Funeral Oration in the Classical City</source>
                  <year>1986</year>
               </mixed-citation>
            </p>
            <p>
               <mixed-citation id="d9456e1179" publication-type="other">
'the city an essence' (p. 153)</mixed-citation>
            </p>
         </fn>
         <fn id="d9456e1186a1310">
            <label>26</label>
            <p>
               <mixed-citation id="d9456e1193" publication-type="other">
Allison (n. 24), 19-34</mixed-citation>
            </p>
         </fn>
         <fn id="d9456e1200a1310">
            <label>27</label>
            <p>
               <mixed-citation id="d9456e1207" publication-type="journal">
Lysias,
Epitaph. 2.190.3<person-group>
                     <string-name>
                        <surname>Lysias</surname>
                     </string-name>
                  </person-group>
                  <fpage>190</fpage>
                  <volume>2</volume>
                  <source>Epitaph.</source>
               </mixed-citation>
            </p>
            <p>
               <mixed-citation id="d9456e1235" publication-type="journal">
Isocrates, Pan. 75-7<person-group>
                     <string-name>
                        <surname>Isocrates</surname>
                     </string-name>
                  </person-group>
                  <fpage>75</fpage>
                  <source>Pan.</source>
               </mixed-citation>
            </p>
            <p>
               <mixed-citation id="d9456e1256" publication-type="journal">
Plato, Menex. 237b-c<person-group>
                     <string-name>
                        <surname>Plato</surname>
                     </string-name>
                  </person-group>
                  <fpage>237b</fpage>
                  <source>Menex.</source>
               </mixed-citation>
            </p>
            <p>
               <mixed-citation id="d9456e1278" publication-type="journal">
Demosthenes, Epitaph. 1389.4-
1390.7<person-group>
                     <string-name>
                        <surname>Demosthenes</surname>
                     </string-name>
                  </person-group>
                  <issue>4</issue>
                  <fpage>7</fpage>
                  <volume>1389</volume>
                  <source>Epitaph.</source>
               </mixed-citation>
            </p>
            <p>
               <mixed-citation id="d9456e1309" publication-type="journal">
Hyperides, Epitaph. 6.3<person-group>
                     <string-name>
                        <surname>Hyperides</surname>
                     </string-name>
                  </person-group>
                  <fpage>3</fpage>
                  <volume>6</volume>
                  <source>Epitaph.</source>
               </mixed-citation>
            </p>
         </fn>
         <fn id="d9456e1334a1310">
            <label>28</label>
            <p>
               <mixed-citation id="d9456e1341" publication-type="other">
Kallet-Marx (n. 1), 113</mixed-citation>
            </p>
         </fn>
         <fn id="d9456e1348a1310">
            <label>29</label>
            <p>
               <mixed-citation id="d9456e1355" publication-type="journal">
Isocrates, Pan. 76<person-group>
                     <string-name>
                        <surname>Isocrates</surname>
                     </string-name>
                  </person-group>
                  <fpage>76</fpage>
                  <source>Pan.</source>
               </mixed-citation>
            </p>
            <p>
               <mixed-citation id="d9456e1376" publication-type="journal">
Demosthenes,
Epitaph. 1389.2<person-group>
                     <string-name>
                        <surname>Demosthenes</surname>
                     </string-name>
                  </person-group>
                  <fpage>2</fpage>
                  <volume>1389</volume>
                  <source>Epitaph.</source>
               </mixed-citation>
            </p>
         </fn>
         <fn id="d9456e1406a1310">
            <label>30</label>
            <p>
               <mixed-citation id="d9456e1413" publication-type="other">
De Romilly (n. 2), 290, n. 1</mixed-citation>
            </p>
         </fn>
         <fn id="d9456e1420a1310">
            <label>31</label>
            <p>
               <mixed-citation id="d9456e1427" publication-type="other">
slur (6.87.3)</mixed-citation>
            </p>
            <p>
               <mixed-citation id="d9456e1433" publication-type="journal">
J. Allison, 'Thucydides on polypragmosyne',
AJAH 4 (1979), 10-22, 157-8<person-group>
                     <string-name>
                        <surname>Allison</surname>
                     </string-name>
                  </person-group>
                  <fpage>10</fpage>
                  <volume>4</volume>
                  <source>AJAH</source>
                  <year>1979</year>
               </mixed-citation>
            </p>
         </fn>
         <fn id="d9456e1465a1310">
            <label>33</label>
            <p>
               <mixed-citation id="d9456e1472" publication-type="other">
Millett (n. 1), 154</mixed-citation>
            </p>
            <p>
               <mixed-citation id="d9456e1478" publication-type="other">
kalliston eranon from 43.1-2</mixed-citation>
            </p>
            <p>
               <mixed-citation id="d9456e1484" publication-type="other">
Demosthenes 59.54</mixed-citation>
            </p>
            <p>
               <mixed-citation id="d9456e1491" publication-type="other">
Demosthenes in one of his letters (v.6)</mixed-citation>
            </p>
            <p>
               <mixed-citation id="d9456e1497" publication-type="other">
Euripides, Suppl. 361-4</mixed-citation>
            </p>
            <p>
               <mixed-citation id="d9456e1503" publication-type="other">
Theseus says: 'Unhappy is that child who does not return with like his parents' services
(charis), the kallistos eranos' (p. 155)</mixed-citation>
            </p>
            <p>
               <mixed-citation id="d9456e1512" publication-type="other">
Funeral Oration the dead receive praise in
payment for their kallistos eranos (pp. 153-4)</mixed-citation>
            </p>
         </fn>
         <fn id="d9456e1522a1310">
            <label>34</label>
            <p>
               <mixed-citation id="d9456e1529" publication-type="book">
F. Vannier, Finances publiques et richesses privées dans le discours athénien aux ve et ive siècles
(Paris, 1988)<person-group>
                     <string-name>
                        <surname>Vannier</surname>
                     </string-name>
                  </person-group>
                  <source>Finances publiques et richesses privées dans le discours athénien aux ve et ive siècles</source>
                  <year>1988</year>
               </mixed-citation>
            </p>
         </fn>
         <fn id="d9456e1554a1310">
            <label>35</label>
            <p>
               <mixed-citation id="d9456e1561" publication-type="other">
Blundell (n. 4), 44-9</mixed-citation>
            </p>
            <p>
               <mixed-citation id="d9456e1567" publication-type="other">
Sophocles,
O. C.</mixed-citation>
            </p>
            <p>
               <mixed-citation id="d9456e1576" publication-type="other">
Lysias</mixed-citation>
            </p>
         </fn>
         <fn id="d9456e1583a1310">
            <label>36</label>
            <p>
               <mixed-citation id="d9456e1590" publication-type="journal">
J. T. Hooker, 'Χάρις and 64-1 in Thucydides in Thucydides', Hermes 102 (1974), 167-8<person-group>
                     <string-name>
                        <surname>Hooker</surname>
                     </string-name>
                  </person-group>
                  <fpage>167</fpage>
                  <volume>102</volume>
                  <source>Hermes</source>
                  <year>1974</year>
               </mixed-citation>
            </p>
         </fn>
         <fn id="d9456e1620a1310">
            <label>38</label>
            <p>
               <mixed-citation id="d9456e1627" publication-type="other">
Hooker (n. 36), 166-7</mixed-citation>
            </p>
            <p>
               <mixed-citation id="d9456e1633" publication-type="book">
P. Huart, Le Vocabulaire de l'analyse psychologique dans
l'oeuvre de Thucydide (Paris, 1968), 17<person-group>
                     <string-name>
                        <surname>Huart</surname>
                     </string-name>
                  </person-group>
                  <fpage>17</fpage>
                  <source>Le Vocabulaire de l'analyse psychologique dans l'oeuvre de Thucydide</source>
                  <year>1968</year>
               </mixed-citation>
            </p>
         </fn>
         <fn id="d9456e1662a1310">
            <label>39</label>
            <p>
               <mixed-citation id="d9456e1669" publication-type="book">
S. Lattimore, History of the Peloponnesian War (Indianapolis, 1998).<person-group>
                     <string-name>
                        <surname>Lattimore</surname>
                     </string-name>
                  </person-group>
                  <source>History of the Peloponnesian War</source>
                  <year>1998</year>
               </mixed-citation>
            </p>
         </fn>
         <fn id="d9456e1691a1310">
            <label>40</label>
            <p>
               <mixed-citation id="d9456e1698" publication-type="other">
ad loc. in Gomme (n. 2)</mixed-citation>
            </p>
            <p>
               <mixed-citation id="d9456e1704" publication-type="book">
J. S. Rusten, The Peloponnesian War, Book II (Cambridge,
1989)<person-group>
                     <string-name>
                        <surname>Rusten</surname>
                     </string-name>
                  </person-group>
                  <source>The Peloponnesian War</source>
                  <year>1989</year>
               </mixed-citation>
            </p>
            <p>
               <mixed-citation id="d9456e1728" publication-type="book">
S. Hornblower, A Commentary on Thucydides 1 (Oxford, 1991)<person-group>
                     <string-name>
                        <surname>Hornblower</surname>
                     </string-name>
                  </person-group>
                  <volume>1</volume>
                  <source>A Commentary on Thucydides</source>
                  <year>1991</year>
               </mixed-citation>
            </p>
            <p>
               <mixed-citation id="d9456e1753" publication-type="other">
Xenophon, Mém. 2.6.35</mixed-citation>
            </p>
            <p>
               <mixed-citation id="d9456e1759" publication-type="other">
Plato,
Men. 71e3, Rep. 331e</mixed-citation>
            </p>
         </fn>
         <fn id="d9456e1769a1310">
            <label>41</label>
            <p>
               <mixed-citation id="d9456e1776" publication-type="journal">
L. G.
Mitchell, 'Φιλία, 65-2 and Greek interstate relations', Antichthon 31 (1997), 28-44, esp. 38-9<person-group>
                     <string-name>
                        <surname>Mitchell</surname>
                     </string-name>
                  </person-group>
                  <fpage>28</fpage>
                  <volume>31</volume>
                  <source>Antichthon</source>
                  <year>1997</year>
               </mixed-citation>
            </p>
         </fn>
         <fn id="d9456e1808a1310">
            <label>42</label>
            <p>
               <mixed-citation id="d9456e1817" publication-type="other">
Rusten (n. 40)</mixed-citation>
            </p>
            <p>
               <mixed-citation id="d9456e1823" publication-type="other">
Hooker (n. 36), 168</mixed-citation>
            </p>
            <p>
               <mixed-citation id="d9456e1830" publication-type="other">
A. Missiou, 'Reciprocal generosity in the foreign affairs of fifth-century Athens and Sparta',
in Gill et al. (n. 4), 190-1</mixed-citation>
            </p>
            <p>
               <mixed-citation id="d9456e1839" publication-type="other">
G. Herman, 'Reciprocity, altruism, and the prisoner's dilemma', ibid.
212</mixed-citation>
            </p>
            <p>
               <mixed-citation id="d9456e1848" publication-type="other">
n. 12</mixed-citation>
            </p>
            <p>
               <mixed-citation id="d9456e1854" publication-type="other">
Mitchell (n. 41), 39</mixed-citation>
            </p>
         </fn>
         <fn id="d9456e1861a1310">
            <label>43</label>
            <p>
               <mixed-citation id="d9456e1868" publication-type="other">
Kurke (n. 4), 67</mixed-citation>
            </p>
         </fn>
         <fn id="d9456e1876a1310">
            <label>44</label>
            <p>
               <mixed-citation id="d9456e1883" publication-type="other">
Thucydides himself uses charis bebaios at 1.32.1</mixed-citation>
            </p>
            <p>
               <mixed-citation id="d9456e1889" publication-type="other">
IG &lt;latex&gt;$1^3$&lt;/latex&gt; 245</mixed-citation>
            </p>
            <p>
               <mixed-citation id="d9456e1895" publication-type="book">
Plutarch, Fabius 19<person-group>
                     <string-name>
                        <surname>Plutarch</surname>
                     </string-name>
                  </person-group>
                  <fpage>19</fpage>
                  <source>Fabius</source>
               </mixed-citation>
            </p>
            <p>
               <mixed-citation id="d9456e1917" publication-type="book">
J. Korver, De
Terminologie van het Crediet- Wezen en het Grieks (Amsterdam, 1934; repr. NewYork, 1979)<person-group>
                     <string-name>
                        <surname>Korver</surname>
                     </string-name>
                  </person-group>
                  <source>De Terminologie van het Crediet- Wezen en het Grieks</source>
                  <year>1979</year>
               </mixed-citation>
            </p>
            <p>
               <mixed-citation id="d9456e1941" publication-type="other">
Bogaert (n. 12)</mixed-citation>
            </p>
         </fn>
         <fn id="d9456e1948a1310">
            <label>45</label>
            <p>
               <mixed-citation id="d9456e1955" publication-type="other">
Bogaert (n. 12), 332</mixed-citation>
            </p>
            <p>
               <mixed-citation id="d9456e1961" publication-type="other">
Demosthenes 33.15, 36</mixed-citation>
            </p>
            <p>
               <mixed-citation id="d9456e1967" publication-type="other">
35.14</mixed-citation>
            </p>
            <p>
               <mixed-citation id="d9456e1974" publication-type="other">
Isocrates 17.2 and 20</mixed-citation>
            </p>
            <p>
               <mixed-citation id="d9456e1980" publication-type="journal">
Lycurgus, Ag. Leocr. 23<person-group>
                     <string-name>
                        <surname>Lycurgus</surname>
                     </string-name>
                  </person-group>
                  <fpage>23</fpage>
                  <source>Ag. Leocr.</source>
               </mixed-citation>
            </p>
         </fn>
         <fn id="d9456e2002a1310">
            <label>46</label>
            <p>
               <mixed-citation id="d9456e2009" publication-type="other">
Mitchell (n. 41), 38</mixed-citation>
            </p>
         </fn>
         <fn id="d9456e2016a1310">
            <label>47</label>
            <p>
               <mixed-citation id="d9456e2023" publication-type="other">
Bogaert (n. 12), 379</mixed-citation>
            </p>
            <p>
               <mixed-citation id="d9456e2029" publication-type="other">
History (to
compute: 5.26, 6.31</mixed-citation>
            </p>
            <p>
               <mixed-citation id="d9456e2038" publication-type="other">
1.76.2</mixed-citation>
            </p>
            <p>
               <mixed-citation id="d9456e2045" publication-type="other">
2.89.6</mixed-citation>
            </p>
            <p>
               <mixed-citation id="d9456e2051" publication-type="other">
3.82.7</mixed-citation>
            </p>
            <p>
               <mixed-citation id="d9456e2057" publication-type="other">
4.28.5</mixed-citation>
            </p>
            <p>
               <mixed-citation id="d9456e2063" publication-type="other">
73.4</mixed-citation>
            </p>
            <p>
               <mixed-citation id="d9456e2069" publication-type="other">
5.15, 87</mixed-citation>
            </p>
            <p>
               <mixed-citation id="d9456e2075" publication-type="other">
6.18.4</mixed-citation>
            </p>
            <p>
               <mixed-citation id="d9456e2082" publication-type="other">
36.3</mixed-citation>
            </p>
            <p>
               <mixed-citation id="d9456e2088" publication-type="other">
7.73.3</mixed-citation>
            </p>
            <p>
               <mixed-citation id="d9456e2094" publication-type="other">
77.4</mixed-citation>
            </p>
            <p>
               <mixed-citation id="d9456e2100" publication-type="other">
8.2.4</mixed-citation>
            </p>
            <p>
               <mixed-citation id="d9456e2106" publication-type="other">
3.20.3</mixed-citation>
            </p>
            <p>
               <mixed-citation id="d9456e2112" publication-type="other">
4.122.3</mixed-citation>
            </p>
            <p>
               <mixed-citation id="d9456e2119" publication-type="other">
5.68.2</mixed-citation>
            </p>
            <p>
               <mixed-citation id="d9456e2125" publication-type="other">
2.11.7</mixed-citation>
            </p>
            <p>
               <mixed-citation id="d9456e2131" publication-type="other">
40.3, 5</mixed-citation>
            </p>
            <p>
               <mixed-citation id="d9456e2137" publication-type="other">
3.83.2</mixed-citation>
            </p>
            <p>
               <mixed-citation id="d9456e2143" publication-type="other">
4.10</mixed-citation>
            </p>
            <p>
               <mixed-citation id="d9456e2149" publication-type="other">
92.2</mixed-citation>
            </p>
            <p>
               <mixed-citation id="d9456e2156" publication-type="other">
108.4</mixed-citation>
            </p>
            <p>
               <mixed-citation id="d9456e2162" publication-type="other">
6.34.4, 6</mixed-citation>
            </p>
            <p>
               <mixed-citation id="d9456e2168" publication-type="other">
8.57.2</mixed-citation>
            </p>
            <p>
               <mixed-citation id="d9456e2174" publication-type="book">
inconsulta ratio, E.-A. Betant, Lexicon Thucydideum [Hildesheim, 1969]) 1.37<person-group>
                     <string-name>
                        <surname>Betant</surname>
                     </string-name>
                  </person-group>
                  <fpage>37</fpage>
                  <volume>1</volume>
                  <source>Lexicon Thucydideum</source>
                  <year>1969</year>
               </mixed-citation>
            </p>
            <p>
               <mixed-citation id="d9456e2202" publication-type="other">
3.45.6</mixed-citation>
            </p>
            <p>
               <mixed-citation id="d9456e2208" publication-type="other">
82.4</mixed-citation>
            </p>
            <p>
               <mixed-citation id="d9456e2215" publication-type="other">
6.59</mixed-citation>
            </p>
            <p>
               <mixed-citation id="d9456e2221" publication-type="other">
5.99</mixed-citation>
            </p>
            <p>
               <mixed-citation id="d9456e2227" publication-type="other">
Huart (n. 38), 328-32</mixed-citation>
            </p>
            <p>
               <mixed-citation id="d9456e2233" publication-type="other">
Rep. 525a</mixed-citation>
            </p>
         </fn>
         <fn id="d9456e2240a1310">
            <label>48</label>
            <p>
               <mixed-citation id="d9456e2247" publication-type="other">
Allison (n. 24), 36-53</mixed-citation>
            </p>
         </fn>
         <fn id="d9456e2254a1310">
            <label>50</label>
            <p>
               <mixed-citation id="d9456e2261" publication-type="other">
Rhet. 1359b8</mixed-citation>
            </p>
            <p>
               <mixed-citation id="d9456e2267" publication-type="other">
Kallet-Marx (n. 14), 232-7</mixed-citation>
            </p>
            <p>
               <mixed-citation id="d9456e2273" publication-type="other">
236-7, 250</mixed-citation>
            </p>
         </fn>
         <fn id="d9456e2281a1310">
            <label>51</label>
            <p>
               <mixed-citation id="d9456e2288" publication-type="book">
F Nietzsche, The Genealogy of Morals, trans. H. B. Samuel (New York, 1927, 1954), 684<person-group>
                     <string-name>
                        <surname>Nietzsche</surname>
                     </string-name>
                  </person-group>
                  <fpage>684</fpage>
                  <source>The Genealogy of Morals</source>
                  <year>1954</year>
               </mixed-citation>
            </p>
         </fn>
      </fn-group>
   </back>
</article>
