<article xmlns:xsi="http://www.w3.org/2001/XMLSchema-instance"
         xmlns:xlink="http://www.w3.org/1999/xlink"
         xmlns:mml="http://www.w3.org/1998/Math/MathML"
         dtd-version="1.0"
         article-type="research-article">
   <front>
      <journal-meta>
         <journal-id journal-id-type="jstor">clasquar</journal-id>
         <journal-id journal-id-type="jstor">j100124</journal-id>
         <journal-title-group>
            <journal-title>The Classical Quarterly</journal-title>
         </journal-title-group>
         <publisher>
            <publisher-name>Oxford University Press</publisher-name>
         </publisher>
         <custom-meta-group>
            <custom-meta>
               <meta-name>journal-series-title</meta-name>
               <meta-value>New Series</meta-value>
            </custom-meta>
         </custom-meta-group>
         <issn pub-type="ppub">00098388</issn>
         <issn pub-type="epub">14716844</issn>
      </journal-meta>
      <article-meta>
         <article-id pub-id-type="jstor">3556391</article-id>
         <article-categories>
            <subj-group>
               <subject>Shorter Notes</subject>
            </subj-group>
         </article-categories>
         <title-group>
            <article-title>Female Furniture: A Reading of Plautus' "Poenulus" 1141-6</article-title>
         </title-group>
         <contrib-group>
            <contrib contrib-type="author">
               <string-name>
                  <given-names>Dorota</given-names>
                  <surname>Dutsch</surname>
               </string-name>
            </contrib>
         </contrib-group>
         <pub-date>
            <day>1</day>
            <month>12</month>
            <year>2004</year>
         </pub-date>
         <volume>54</volume>
         <issue>2</issue>
         <issue-id>i369256</issue-id>
         <fpage>625</fpage>
         <lpage>629</lpage>
         <page-range>625-629</page-range>
         <permissions>
            <copyright-statement>Copyright 2004 The Classical Association</copyright-statement>
         </permissions>
         <self-uri xlink:href="http://www.jstor.org/stable/3556391"/>
         <custom-meta-group>
            <custom-meta>
               <meta-name>lang</meta-name>
               <meta-value>eng</meta-value>
            </custom-meta>
         </custom-meta-group>
      </article-meta>
   </front>
   <back>
      <fn-group>
         <title>[Footnotes]</title>
         <fn id="d1900e123a1310">
            <label>1</label>
            <p>
               <mixed-citation id="d1900e130" publication-type="book">
W. G. Arnott 'Alexis, Greek
new comedy, and Plautus' Poenulus', in T Baier (ed.) Studien zu Plautus' Poenulus (Tübingen,
forthcoming)<person-group>
                     <string-name>
                        <surname>Arnott</surname>
                     </string-name>
                  </person-group>
                  <comment content-type="section">Alexis, Greek new comedy, and Plautus' Poenulus</comment>
                  <source>Studien zu Plautus' Poenulus</source>
               </mixed-citation>
            </p>
         </fn>
         <fn id="d1900e159a1310">
            <label>2</label>
            <p>
               <mixed-citation id="d1900e166" publication-type="other">
E. Fraenkel 'identification motif'</mixed-citation>
            </p>
            <p>
               <mixed-citation id="d1900e172" publication-type="book">
Elementi plautini in Plauto (Firenze, 1960), 46<fpage>46</fpage>
                  <source>Elementi plautini in Plauto</source>
                  <year>1960</year>
               </mixed-citation>
            </p>
            <p>
               <mixed-citation id="d1900e187" publication-type="other">
Plautinisches im Plautus (Berlin, 1922</mixed-citation>
            </p>
            <p>
               <mixed-citation id="d1900e194" publication-type="other">
Hildesheim, 2000</mixed-citation>
            </p>
         </fn>
         <fn id="d1900e201a1310">
            <label>3</label>
            <p>
               <mixed-citation id="d1900e208" publication-type="book">
E. Leo, Plauti Comoediae (Berlin, 1895-6)<person-group>
                     <string-name>
                        <surname>Leo</surname>
                     </string-name>
                  </person-group>
                  <source>Plauti Comoediae</source>
                  <year>1896</year>
               </mixed-citation>
            </p>
            <p>
               <mixed-citation id="d1900e229" publication-type="book">
G. Goetz and
F Schoell, Comoediarum Plautinarum (Lipsiae, 1881-1901, 1904-9)<person-group>
                     <string-name>
                        <surname>Goetz</surname>
                     </string-name>
                  </person-group>
                  <source>Comoediarum Plautinarum</source>
                  <year>1909</year>
               </mixed-citation>
            </p>
            <p>
               <mixed-citation id="d1900e253" publication-type="book">
W. M. Lindsay, Plauti Comoediae (Oxford, 1904-5)<person-group>
                     <string-name>
                        <surname>Lindsay</surname>
                     </string-name>
                  </person-group>
                  <source>Plauti Comoediae</source>
                  <year>1905</year>
               </mixed-citation>
            </p>
            <p>
               <mixed-citation id="d1900e275" publication-type="book">
A. Ernout, Plaute (Paris, 1961)<person-group>
                     <string-name>
                        <surname>Ernout</surname>
                     </string-name>
                  </person-group>
                  <source>Plaute</source>
                  <year>1961</year>
               </mixed-citation>
            </p>
            <p>
               <mixed-citation id="d1900e296" publication-type="book">
E. Paratore, Tito Maccio Plauto. Tutte le commedie (Firenze, 1976)<person-group>
                     <string-name>
                        <surname>Paratore</surname>
                     </string-name>
                  </person-group>
                  <source>Tito Maccio Plauto. Tutte le commedie</source>
                  <year>1976</year>
               </mixed-citation>
            </p>
            <p>
               <mixed-citation id="d1900e317" publication-type="book">
G. Maurach, Plauti
Poenulus (Heidelberg, 1975)<person-group>
                     <string-name>
                        <surname>Maurach</surname>
                     </string-name>
                  </person-group>
                  <source>Plauti Poenulus</source>
                  <year>1975</year>
               </mixed-citation>
            </p>
            <p>
               <mixed-citation id="d1900e341" publication-type="other">
Der Poenulus des Plautus (Heidelberg, 1988)</mixed-citation>
            </p>
         </fn>
         <fn id="d1900e348a1310">
            <label>4</label>
            <p>
               <mixed-citation id="d1900e355" publication-type="book">
M. Sznycer, Les passages puniques en transcription latine dans le 'Poenulus' de Plaute
(Paris, 1967), 145<person-group>
                     <string-name>
                        <surname>Sznycer</surname>
                     </string-name>
                  </person-group>
                  <fpage>145</fpage>
                  <source>Les passages puniques en transcription latine dans le 'Poenulus' de Plaute</source>
                  <year>1967</year>
               </mixed-citation>
            </p>
            <p>
               <mixed-citation id="d1900e383" publication-type="compound">
J. H. Ussing, Commentarius in Plauti Comoedias (Kopenhagen, 1883-92;
Hildesheim and New York, 1972), at 284 notes: proxima incertissima sunt</mixed-citation>
            </p>
            <p>
               <mixed-citation id="d1900e392" publication-type="journal">
J. Friedrich,
'Phönizisch-punische Grammatik', Anal. Orient. 32 (1951)<person-group>
                     <string-name>
                        <surname>Friedrich</surname>
                     </string-name>
                  </person-group>
                  <volume>32</volume>
                  <source>Anal. Orient.</source>
                  <year>1951</year>
               </mixed-citation>
            </p>
            <p>
               <mixed-citation id="d1900e421" publication-type="journal">
I. Opelt, 'Die Punisch-Lateinische Bilingue im Plautinischen Poenulus', Hermes 94.4
(1966), 435-42 at 441, n. 4<person-group>
                     <string-name>
                        <surname>Opelt</surname>
                     </string-name>
                  </person-group>
                  <issue>4</issue>
                  <fpage>435</fpage>
                  <volume>94</volume>
                  <source>Hermes</source>
                  <year>1966</year>
               </mixed-citation>
            </p>
            <p>
               <mixed-citation id="d1900e455" publication-type="journal">
J. J. Glück and G. Maurach, 'Punisch im Plautinischer Metrik',
Semitics 2 (1971-72), 93-126, at 124<person-group>
                     <string-name>
                        <surname>Glcük</surname>
                     </string-name>
                  </person-group>
                  <fpage>93</fpage>
                  <volume>2</volume>
                  <source>Semitics</source>
                  <year>1972</year>
               </mixed-citation>
            </p>
            <p>
               <mixed-citation id="d1900e486" publication-type="journal">
Ch. Krachmalkov, 'A Punic dialogue', Riv. St.
Or. 48.1 (1973), 23-7<person-group>
                     <string-name>
                        <surname>Krachmalkov</surname>
                     </string-name>
                  </person-group>
                  <issue>1</issue>
                  <fpage>23</fpage>
                  <volume>48</volume>
                  <source>Riv. St. Or.</source>
                  <year>1973</year>
               </mixed-citation>
            </p>
         </fn>
         <fn id="d1900e522a1310">
            <label>5</label>
            <p>
               <mixed-citation id="d1900e529" publication-type="book">
M. Deufert points out in
Textgeschichte und Rezeption der Plautinischen Komödien im Altertum (Berlin, 2002), at
294-5<person-group>
                     <string-name>
                        <surname>Deufert</surname>
                     </string-name>
                  </person-group>
                  <fpage>294</fpage>
                  <source>Textgeschichte und Rezeption der Plautinischen Komödien im Altertum</source>
                  <year>2002</year>
               </mixed-citation>
            </p>
            <p>
               <mixed-citation id="d1900e560" publication-type="other">
Sznycer (n. 3), at 23</mixed-citation>
            </p>
            <p>
               <mixed-citation id="d1900e566" publication-type="book">
W. M. Lindsay, An Introduction to Latin Textual Emendation
(London, 1896) at 5-7<person-group>
                     <string-name>
                        <surname>Lindsay</surname>
                     </string-name>
                  </person-group>
                  <fpage>5</fpage>
                  <source>An Introduction to Latin Textual Emendation</source>
                  <year>1896</year>
               </mixed-citation>
            </p>
            <p>
               <mixed-citation id="d1900e595" publication-type="book">
R. J. Tarrant, in L. D. Reynolds, Texts and Transmission: A Survey of the
Latin Classics (Oxford, 1983), 302-7<person-group>
                     <string-name>
                        <surname>Tarrant</surname>
                     </string-name>
                  </person-group>
                  <fpage>302</fpage>
                  <source>Texts and Transmission: A Survey of the Latin Classics</source>
                  <year>1983</year>
               </mixed-citation>
            </p>
         </fn>
         <fn id="d1900e624a1310">
            <label>6</label>
            <p>
               <mixed-citation id="d1900e631" publication-type="other">
Leo (n. 3), 229.</mixed-citation>
            </p>
         </fn>
         <fn id="d1900e638a1310">
            <label>7</label>
            <p>
               <mixed-citation id="d1900e645" publication-type="book">
R. Küher and C. Stegmann, Ausführliche Grammatik der Lateinischen Sprache
(Leverkusen, 1955), 1.510<person-group>
                     <string-name>
                        <surname>Kühner</surname>
                     </string-name>
                  </person-group>
                  <fpage>510</fpage>
                  <volume>1</volume>
                  <source>Ausfhürliche Grammatik der Lateinischen Sprache</source>
                  <year>1955</year>
               </mixed-citation>
            </p>
         </fn>
         <fn id="d1900e677a1310">
            <label>8</label>
            <p>
               <mixed-citation id="d1900e684" publication-type="other">
OLD on modo (1b)</mixed-citation>
            </p>
            <p>
               <mixed-citation id="d1900e690" publication-type="journal">
J. Barsby's commentary on Ter. Eun. 65 (Cambridge, 1999)<person-group>
                     <string-name>
                        <surname>Barsby</surname>
                     </string-name>
                  </person-group>
                  <volume>65</volume>
                  <source>Ter. Eun.</source>
                  <year>1999</year>
               </mixed-citation>
            </p>
            <p>
               <mixed-citation id="d1900e714" publication-type="other">
Leo
(n. 3), 229</mixed-citation>
            </p>
         </fn>
         <fn id="d1900e724a1310">
            <label>9</label>
            <p>
               <mixed-citation id="d1900e731" publication-type="other">
Leo (n. 3), 229</mixed-citation>
            </p>
            <p>
               <mixed-citation id="d1900e737" publication-type="other">
Maurach (n. 3), 157</mixed-citation>
            </p>
            <p>
               <mixed-citation id="d1900e743" publication-type="other">
Poen. 1146</mixed-citation>
            </p>
            <p>
               <mixed-citation id="d1900e750" publication-type="other">
Poenulus 1146</mixed-citation>
            </p>
            <p>
               <mixed-citation id="d1900e756" publication-type="journal">
Terence Eun. 65<person-group>
                     <string-name>
                        <surname>Terence</surname>
                     </string-name>
                  </person-group>
                  <fpage>65</fpage>
                  <source>Eun.</source>
               </mixed-citation>
            </p>
            <p>
               <mixed-citation id="d1900e777" publication-type="other">
Phorm. 420</mixed-citation>
            </p>
            <p>
               <mixed-citation id="d1900e783" publication-type="journal">
Livy, Epon. 8.38.13<person-group>
                     <string-name>
                        <surname>Livy</surname>
                     </string-name>
                  </person-group>
                  <issue>38</issue>
                  <fpage>13</fpage>
                  <volume>8</volume>
                  <source>Epon.</source>
               </mixed-citation>
            </p>
         </fn>
         <fn id="d1900e812a1310">
            <label>10</label>
            <p>
               <mixed-citation id="d1900e819" publication-type="journal">
Ennius, Sat. 1.1<person-group>
                     <string-name>
                        <surname>Ennius</surname>
                     </string-name>
                  </person-group>
                  <fpage>1</fpage>
                  <volume>1</volume>
                  <source>Sat.</source>
               </mixed-citation>
            </p>
            <p>
               <mixed-citation id="d1900e843" publication-type="journal">
Plin. HN 19.97<fpage>97</fpage>
                  <volume>19</volume>
                  <source>Plin. HN</source>
               </mixed-citation>
            </p>
            <p>
               <mixed-citation id="d1900e858" publication-type="other">
26.10</mixed-citation>
            </p>
            <p>
               <mixed-citation id="d1900e865" publication-type="journal">
Tac. Hist. 1.52.9<issue>52</issue>
                  <fpage>9</fpage>
                  <volume>1</volume>
                  <source>Tac. Hist.</source>
               </mixed-citation>
            </p>
            <p>
               <mixed-citation id="d1900e883" publication-type="other">
1.76.20</mixed-citation>
            </p>
            <p>
               <mixed-citation id="d1900e889" publication-type="journal">
Ann.
3.55<object-id pub-id-type="jstor">10.2307/2945930</object-id>
                  <fpage>55</fpage>
               </mixed-citation>
            </p>
            <p>
               <mixed-citation id="d1900e904" publication-type="journal">
Gell. NA 11.5<fpage>5</fpage>
                  <volume>11</volume>
                  <source>Gell. NA</source>
               </mixed-citation>
            </p>
         </fn>
         <fn id="d1900e921a1310">
            <label>11</label>
            <p>
               <mixed-citation id="d1900e928" publication-type="other">
Plaut. Amph. 228</mixed-citation>
            </p>
            <p>
               <mixed-citation id="d1900e934" publication-type="other">
Asin.
423</mixed-citation>
            </p>
            <p>
               <mixed-citation id="d1900e943" publication-type="other">
Aul. 168, 403</mixed-citation>
            </p>
            <p>
               <mixed-citation id="d1900e950" publication-type="other">
Bacch. 974</mixed-citation>
            </p>
            <p>
               <mixed-citation id="d1900e956" publication-type="other">
Cas. 620</mixed-citation>
            </p>
            <p>
               <mixed-citation id="d1900e962" publication-type="other">
Ter. Hec. 35, 410</mixed-citation>
            </p>
            <p>
               <mixed-citation id="d1900e968" publication-type="other">
Rud. 613</mixed-citation>
            </p>
         </fn>
         <fn id="d1900e975a1310">
            <label>12</label>
            <p>
               <mixed-citation id="d1900e982" publication-type="other">
Poen. 1146</mixed-citation>
            </p>
            <p>
               <mixed-citation id="d1900e988" publication-type="other">
Rud. 233, 234</mixed-citation>
            </p>
            <p>
               <mixed-citation id="d1900e994" publication-type="other">
Quintilian 11.3.20</mixed-citation>
            </p>
            <p>
               <mixed-citation id="d1900e1001" publication-type="book">
vox effeminata (11.3.91)<fpage>91</fpage>
                  <volume>11</volume>
                  <source>vox effeminata</source>
               </mixed-citation>
            </p>
            <p>
               <mixed-citation id="d1900e1016" publication-type="other">
Cato (115.2)</mixed-citation>
            </p>
         </fn>
         <fn id="d1900e1023a1310">
            <label>13</label>
            <p>
               <mixed-citation id="d1900e1030" publication-type="other">
Aul. 123-6</mixed-citation>
            </p>
            <p>
               <mixed-citation id="d1900e1036" publication-type="other">
Asin. 145</mixed-citation>
            </p>
            <p>
               <mixed-citation id="d1900e1042" publication-type="other">
Cist. 120-2</mixed-citation>
            </p>
         </fn>
         <fn id="d1900e1049a1310">
            <label>14</label>
            <p>
               <mixed-citation id="d1900e1056" publication-type="other">
A. S. Gratwick's brief reference to 'a simple Plautine joke, which destroys the pathos of
the encounter' between Giddenis and her son, The 'Poenulus' of Plautus and its Attic Original,
thesis (Oxford, 1969), 144</mixed-citation>
            </p>
         </fn>
         <fn id="d1900e1069a1310">
            <label>15</label>
            <p>
               <mixed-citation id="d1900e1076" publication-type="book">
W Stockert, Titus M. Plautus Aulularia (Stuttgart, 1983)<person-group>
                     <string-name>
                        <surname>Stockert</surname>
                     </string-name>
                  </person-group>
                  <source>Titus M. Plautus Aulularia</source>
                  <year>1983</year>
               </mixed-citation>
            </p>
            <p>
               <mixed-citation id="d1900e1097" publication-type="other">
Aul. 343, at 105</mixed-citation>
            </p>
            <p>
               <mixed-citation id="d1900e1103" publication-type="book">
Forcellini, Totius
Latinitatis Lexicon (London, 1828)<person-group>
                     <string-name>
                        <surname>Forcellini</surname>
                     </string-name>
                  </person-group>
                  <source>Totius Latinitatis Lexicon</source>
                  <year>1828</year>
               </mixed-citation>
            </p>
            <p>
               <mixed-citation id="d1900e1128" publication-type="other">
Poen. 1145</mixed-citation>
            </p>
         </fn>
         <fn id="d1900e1135a1310">
            <label>16</label>
            <p>
               <mixed-citation id="d1900e1142" publication-type="journal">
W. G. Arnott, 'The author of the Greek original of the Poenulus',
RMPh 102 (1959), 252-62<person-group>
                     <string-name>
                        <surname>Arnott</surname>
                     </string-name>
                  </person-group>
                  <fpage>252</fpage>
                  <volume>102</volume>
                  <source>RMPh</source>
                  <year>1959</year>
               </mixed-citation>
            </p>
            <p>
               <mixed-citation id="d1900e1173" publication-type="book">
Alexis. The Fragments: A Commentary (Cambridge, 1996), 284-7<person-group>
                     <string-name>
                        <surname>Alexis</surname>
                     </string-name>
                  </person-group>
                  <fpage>284</fpage>
                  <source>The Fragments: A Commentary</source>
                  <year>1996</year>
               </mixed-citation>
            </p>
            <p>
               <mixed-citation id="d1900e1197" publication-type="other">
Gen. An. 776b5-20</mixed-citation>
            </p>
            <p>
               <mixed-citation id="d1900e1204" publication-type="other">
De Audib.
803al0-26, 803a10-25, 803b15-25, 804a15-30</mixed-citation>
            </p>
         </fn>
         <fn id="d1900e1215a1310">
            <label>18</label>
            <p>
               <mixed-citation id="d1900e1222" publication-type="journal">
Giddenis (Poen. 897)<person-group>
                     <string-name>
                        <surname>Giddenis</surname>
                     </string-name>
                  </person-group>
                  <fpage>897</fpage>
                  <source>Poen.</source>
               </mixed-citation>
            </p>
         </fn>
         <fn id="d1900e1244a1310">
            <label>19</label>
            <p>
               <mixed-citation id="d1900e1251" publication-type="other">
Maurach (n. 3) at 154</mixed-citation>
            </p>
         </fn>
         <fn id="d1900e1258a1310">
            <label>20</label>
            <p>
               <mixed-citation id="d1900e1265" publication-type="other">
Arnott on Alexis fr. 103 (n. 16)</mixed-citation>
            </p>
            <p>
               <mixed-citation id="d1900e1271" publication-type="book">
W. Beare, The Roman Stage. A Short History of Latin Drama in the Time
of the Republic (London, 1964), at 189<person-group>
                     <string-name>
                        <surname>Beare</surname>
                     </string-name>
                  </person-group>
                  <fpage>189</fpage>
                  <source>The Roman Stage. A Short History of Latin Drama in the Time of the Republic</source>
                  <year>1964</year>
               </mixed-citation>
            </p>
            <p>
               <mixed-citation id="d1900e1299" publication-type="other">
Cas. 769</mixed-citation>
            </p>
            <p>
               <mixed-citation id="d1900e1306" publication-type="book">
A. D. Trendall, Phylax Vases (London, 1967),
Vd, VIIId<person-group>
                     <string-name>
                        <surname>Trendall</surname>
                     </string-name>
                  </person-group>
                  <fpage>Vd</fpage>
                  <source>Phylax Vases</source>
                  <year>1967</year>
               </mixed-citation>
            </p>
            <p>
               <mixed-citation id="d1900e1334" publication-type="other">
Poen. 1416</mixed-citation>
            </p>
         </fn>
         <fn id="d1900e1341a1310">
            <label>21</label>
            <p>
               <mixed-citation id="d1900e1348" publication-type="journal">
De Med. 2.7.16<issue>7</issue>
                  <fpage>16</fpage>
                  <volume>2</volume>
                  <source>De Med.</source>
               </mixed-citation>
            </p>
         </fn>
         <fn id="d1900e1367a1310">
            <label>22</label>
            <p>
               <mixed-citation id="d1900e1374" publication-type="other">
Sosia (667)</mixed-citation>
            </p>
            <p>
               <mixed-citation id="d1900e1380" publication-type="journal">
J. I. Phillips, 'Alcumena in the Amphitruo of Plautus: a
pregnant lady joke', CJ 80.2 (1984), at 123<object-id pub-id-type="jstor">10.2307/3297194</object-id>
                  <fpage>123</fpage>
               </mixed-citation>
            </p>
            <p>
               <mixed-citation id="d1900e1395" publication-type="book">
D. M. Christenson, Plautus. Amphitruo
(Cambridge, 2000)<person-group>
                     <string-name>
                        <surname>Christenson</surname>
                     </string-name>
                  </person-group>
                  <source>Plautus. Amphitruo</source>
                  <year>2000</year>
               </mixed-citation>
            </p>
         </fn>
         <fn id="d1900e1420a1310">
            <label>23</label>
            <p>
               <mixed-citation id="d1900e1427" publication-type="book">
P Nixon, Plautus (London, 1932)<person-group>
                     <string-name>
                        <surname>Nixon</surname>
                     </string-name>
                  </person-group>
                  <source>Plautus</source>
                  <year>1932</year>
               </mixed-citation>
            </p>
            <p>
               <mixed-citation id="d1900e1448" publication-type="book">
J. Burroway, 'The little Carthaginian', in D. R. Slavitt and P Bovie (edd.), Plautus:
The Comedies (Baltimore, 1995)<person-group>
                     <string-name>
                        <surname>Burroway</surname>
                     </string-name>
                  </person-group>
                  <comment content-type="section">The little Carthaginian</comment>
                  <source>Plautus: The Comedies</source>
                  <year>1995</year>
               </mixed-citation>
            </p>
         </fn>
         <fn id="d1900e1478a1310">
            <label>24</label>
            <p>
               <mixed-citation id="d1900e1485" publication-type="book">
J. Vons, L'image de lafemme dans l'oeuvre de Pline l'Ancien (Bruxelles, 2000), esp. 113,
n. 58<person-group>
                     <string-name>
                        <surname>Vons</surname>
                     </string-name>
                  </person-group>
                  <fpage>113</fpage>
                  <source>L'image de lafemme dans l'oeuvre de Pline l'Ancien</source>
                  <year>2000</year>
               </mixed-citation>
            </p>
         </fn>
      </fn-group>
   </back>
</article>
